age,job,marital,education,default,housing,loan,contact,month,day_of_week,duration,campaign,pdays,previous,poutcome,emp.var.rate,cons.price.idx,cons.conf.idx,euribor3m,nr.employed,y,predicted_probability
76,retired,married,basic.4y,no,yes,no,cellular,may,fri,1205,2,6,2,success,-1.8,93.876,-40.0,0.684,5008.7,yes,0.985
66,admin.,divorced,university.degree,no,yes,no,cellular,aug,wed,222,3,6,2,success,-1.7,94.027,-38.3,0.903,4991.6,yes,0.975
34,admin.,single,university.degree,no,no,no,cellular,mar,tue,241,1,6,1,success,-1.8,93.369,-34.8,0.652,5008.7,yes,0.97
59,retired,married,professional.course,no,yes,no,cellular,aug,fri,303,2,3,2,success,-1.7,94.027,-38.3,0.905,4991.6,yes,0.9541615746314426
48,unemployed,married,professional.course,no,yes,no,cellular,may,wed,236,1,6,2,success,-1.8,93.876,-40.0,0.682,5008.7,yes,0.9523480885311872
33,admin.,married,university.degree,no,yes,no,cellular,aug,thu,265,1,3,3,success,-1.7,94.027,-38.3,0.899,4991.6,yes,0.95
34,admin.,single,university.degree,no,no,no,cellular,nov,thu,169,1,7,2,success,-3.4,92.649,-30.1,0.714,5017.5,yes,0.945
33,admin.,married,university.degree,no,yes,no,cellular,nov,tue,344,2,3,1,success,-3.4,92.649,-30.1,0.715,5017.5,yes,0.945
78,retired,divorced,basic.4y,no,yes,no,cellular,may,fri,218,2,7,2,success,-1.8,93.876,-40.0,0.682,5008.7,no,0.935
37,admin.,married,university.degree,no,no,no,cellular,sep,wed,265,2,6,2,success,-1.1,94.199,-37.5,0.886,4963.6,yes,0.935
27,student,single,university.degree,no,no,no,cellular,aug,wed,180,1,3,3,success,-1.7,94.027,-38.3,0.9,4991.6,yes,0.93
64,retired,married,university.degree,no,no,no,cellular,mar,fri,158,1,3,2,success,-1.8,93.369,-34.8,0.653,5008.7,no,0.92
58,blue-collar,married,basic.4y,no,yes,no,cellular,aug,wed,771,1,3,1,success,-1.7,94.027,-38.3,0.9,4991.6,yes,0.9175
79,retired,married,basic.4y,no,no,yes,cellular,nov,tue,301,2,3,1,success,-3.4,92.649,-30.1,0.715,5017.5,yes,0.9125
52,technician,married,university.degree,no,no,no,cellular,may,thu,211,1,3,4,success,-1.8,93.876,-40.0,0.677,5008.7,yes,0.9125
37,housemaid,married,university.degree,no,no,no,cellular,oct,thu,178,2,13,2,success,-1.1,94.601,-49.5,1.025,4963.6,yes,0.91
47,management,married,university.degree,no,yes,no,cellular,aug,mon,145,3,3,2,success,-1.7,94.027,-38.3,0.904,4991.6,no,0.9075
37,admin.,single,high.school,no,no,no,cellular,mar,wed,153,2,4,2,success,-1.8,93.369,-34.8,0.655,5008.7,yes,0.9025
30,self-employed,single,university.degree,no,yes,no,cellular,sep,tue,191,1,999,0,nonexistent,-3.4,92.379,-29.8,0.788,5017.5,no,0.9022211684370258
45,admin.,married,university.degree,no,no,no,cellular,jul,thu,252,1,999,0,nonexistent,-2.9,92.469,-33.6,1.072,5076.2,yes,0.8975
48,admin.,married,university.degree,no,yes,yes,cellular,aug,wed,288,1,0,3,success,-1.7,94.027,-38.3,0.9,4991.6,yes,0.8975
92,retired,married,unknown,no,yes,no,cellular,may,thu,271,1,6,2,success,-1.8,93.876,-40.0,0.683,5008.7,no,0.8975
45,admin.,married,university.degree,no,no,no,cellular,jul,thu,74,1,999,0,nonexistent,-2.9,92.469,-33.6,1.072,5076.2,no,0.8975
37,management,married,university.degree,no,yes,no,cellular,oct,thu,150,3,5,5,success,-1.1,94.601,-49.5,1.025,4963.6,yes,0.8975
52,admin.,married,university.degree,no,yes,no,cellular,may,thu,227,2,999,0,nonexistent,-1.8,93.876,-40.0,0.677,5008.7,no,0.8975
26,admin.,single,high.school,no,no,no,cellular,mar,tue,273,2,6,1,success,-1.8,93.369,-34.8,0.652,5008.7,yes,0.895
68,retired,divorced,high.school,no,yes,yes,cellular,jul,wed,340,1,3,1,success,-1.7,94.215,-40.3,0.896,4991.6,yes,0.8944392261001518
65,retired,married,basic.4y,no,yes,yes,cellular,oct,wed,190,1,3,3,success,-1.1,94.601,-49.5,0.985,4963.6,yes,0.8925
50,admin.,single,university.degree,no,no,no,cellular,aug,tue,372,1,6,2,success,-1.7,94.027,-38.3,0.904,4991.6,yes,0.89
60,retired,married,university.degree,no,no,no,cellular,sep,thu,529,2,6,1,success,-1.1,94.199,-37.5,0.884,4963.6,yes,0.89
33,admin.,married,university.degree,no,yes,no,cellular,may,mon,740,1,3,2,success,-1.8,93.876,-40.0,0.685,5008.7,yes,0.8875
30,admin.,single,university.degree,no,yes,no,cellular,jun,wed,617,2,999,0,nonexistent,-2.9,92.963,-40.8,1.26,5076.2,yes,0.8875
33,admin.,married,university.degree,no,yes,no,cellular,nov,tue,318,2,3,3,success,-3.4,92.649,-30.1,0.715,5017.5,yes,0.8875
42,technician,married,professional.course,no,no,no,cellular,aug,thu,295,1,6,2,success,-1.7,94.027,-38.3,0.899,4991.6,yes,0.8866615746314426
80,retired,divorced,basic.4y,no,yes,yes,cellular,apr,thu,554,1,10,2,success,-1.8,93.749,-34.6,0.644,5008.7,yes,0.885
56,retired,married,professional.course,no,unknown,unknown,cellular,oct,thu,181,1,6,1,success,-3.4,92.431,-26.9,0.733,5017.5,yes,0.885
38,admin.,married,university.degree,no,yes,no,cellular,nov,tue,64,1,3,3,success,-3.4,92.649,-30.1,0.715,5017.5,yes,0.8825
34,admin.,single,university.degree,no,no,no,telephone,oct,tue,135,1,999,0,nonexistent,-0.1,93.798,-40.4,4.86,5195.8,yes,0.8825
92,retired,married,unknown,no,no,yes,cellular,aug,tue,1064,1,3,1,success,-1.7,94.027,-38.3,0.904,4991.6,yes,0.8819320940819424
34,technician,single,professional.course,no,no,no,cellular,mar,fri,229,1,999,0,nonexistent,-1.8,92.843,-50.0,1.726,5099.1,yes,0.8810454401741807
29,admin.,single,high.school,no,yes,no,cellular,sep,thu,216,1,6,2,success,-1.1,94.199,-37.5,0.879,4963.6,yes,0.88
92,retired,married,unknown,no,no,yes,cellular,aug,wed,370,1,3,4,success,-1.7,94.027,-38.3,0.903,4991.6,yes,0.8775
33,admin.,single,university.degree,no,no,no,cellular,mar,mon,427,1,6,2,success,-1.8,93.369,-34.8,0.646,5008.7,yes,0.875
21,student,single,basic.9y,no,no,no,cellular,mar,wed,363,1,6,1,success,-1.8,93.369,-34.8,0.655,5008.7,yes,0.875
54,admin.,married,high.school,no,no,no,cellular,oct,wed,252,2,6,2,success,-1.1,94.601,-49.5,0.985,4963.6,yes,0.8746126557435135
36,entrepreneur,single,university.degree,no,yes,no,cellular,nov,wed,142,1,999,0,nonexistent,-0.1,93.2,-42.0,4.12,5195.8,no,0.87
36,entrepreneur,single,university.degree,no,yes,no,cellular,nov,wed,95,1,999,0,nonexistent,-0.1,93.2,-42.0,4.12,5195.8,no,0.87
32,admin.,single,university.degree,no,no,no,cellular,jun,fri,255,1,999,0,nonexistent,-2.9,92.963,-40.8,1.268,5076.2,yes,0.87
48,technician,married,professional.course,no,no,no,cellular,oct,thu,491,1,6,3,success,-1.1,94.601,-49.5,0.987,4963.6,yes,0.87
41,admin.,married,university.degree,no,yes,no,cellular,apr,fri,342,1,999,0,nonexistent,-1.8,93.749,-34.6,0.645,5008.7,yes,0.8675
52,management,married,university.degree,no,yes,no,cellular,may,fri,787,3,3,3,success,-1.8,93.876,-40.0,0.684,5008.7,yes,0.865
24,student,single,high.school,no,yes,yes,cellular,sep,wed,251,2,6,2,success,-1.1,94.199,-37.5,0.876,4963.6,yes,0.855
70,retired,divorced,basic.4y,no,no,no,cellular,jul,thu,390,2,6,2,success,-1.7,94.215,-40.3,0.846,4991.6,yes,0.855
45,admin.,married,university.degree,no,no,no,cellular,sep,mon,351,1,3,2,success,-3.4,92.379,-29.8,0.797,5017.5,yes,0.855
40,admin.,married,high.school,no,yes,no,cellular,apr,thu,160,1,999,0,nonexistent,-1.8,93.075,-47.1,1.365,5099.1,no,0.8525
40,admin.,married,high.school,no,yes,no,cellular,apr,thu,401,1,999,0,nonexistent,-1.8,93.075,-47.1,1.365,5099.1,no,0.8525
40,technician,married,professional.course,no,yes,no,cellular,may,wed,248,1,3,4,success,-1.8,93.876,-40.0,0.682,5008.7,yes,0.85
32,admin.,single,university.degree,no,yes,no,cellular,jul,thu,250,2,6,1,success,-1.7,94.215,-40.3,0.846,4991.6,no,0.85
83,retired,divorced,basic.4y,no,no,no,cellular,sep,thu,268,1,9,3,success,-1.1,94.199,-37.5,0.879,4963.6,yes,0.85
20,student,single,unknown,no,no,no,cellular,may,tue,530,2,3,5,success,-1.8,93.876,-40.0,0.697,5008.7,yes,0.8475
41,unemployed,married,high.school,no,yes,yes,cellular,sep,wed,175,1,6,1,success,-1.1,94.199,-37.5,0.879,4963.6,yes,0.8475
30,admin.,single,university.degree,no,no,no,cellular,apr,thu,662,1,999,0,nonexistent,-1.8,93.075,-47.1,1.365,5099.1,yes,0.8460800383545986
30,admin.,single,university.degree,no,no,no,cellular,apr,thu,69,1,999,0,nonexistent,-1.8,93.075,-47.1,1.365,5099.1,no,0.8460800383545986
61,management,married,university.degree,no,yes,no,cellular,nov,tue,195,1,7,1,success,-3.4,92.649,-30.1,0.715,5017.5,yes,0.8425
52,admin.,married,university.degree,no,no,no,cellular,may,thu,613,1,3,2,success,-1.8,93.876,-40.0,0.677,5008.7,yes,0.84
52,management,married,university.degree,no,no,no,cellular,may,fri,404,2,9,1,success,-1.8,93.876,-40.0,0.684,5008.7,yes,0.84
37,admin.,married,high.school,no,yes,no,cellular,apr,thu,226,1,2,1,success,-1.8,93.075,-47.1,1.365,5099.1,no,0.84
36,unemployed,married,high.school,no,yes,no,cellular,oct,mon,304,1,3,1,success,-1.1,94.601,-49.5,1.032,4963.6,yes,0.84
27,admin.,single,university.degree,no,yes,no,cellular,aug,wed,1117,2,999,0,nonexistent,-2.9,92.201,-31.4,0.879,5076.2,no,0.8358787996763384
78,retired,married,unknown,no,no,no,cellular,mar,thu,272,1,6,2,success,-1.8,93.369,-34.8,0.635,5008.7,yes,0.8325
26,student,single,high.school,no,yes,yes,cellular,apr,fri,888,1,6,2,success,-1.8,93.749,-34.6,0.645,5008.7,yes,0.8325
23,student,single,professional.course,no,yes,no,cellular,sep,wed,316,1,8,2,success,-1.1,94.199,-37.5,0.876,4963.6,yes,0.83
34,admin.,single,university.degree,no,no,yes,cellular,mar,tue,236,1,999,0,nonexistent,-1.8,93.369,-34.8,0.652,5008.7,yes,0.83
36,admin.,single,university.degree,no,no,no,cellular,jun,wed,706,1,7,1,success,-1.7,94.055,-39.8,0.739,4991.6,yes,0.83
80,retired,married,basic.4y,no,no,no,cellular,may,mon,382,1,3,3,success,-1.8,93.876,-40.0,0.697,5008.7,yes,0.8275
34,admin.,single,university.degree,no,yes,no,cellular,mar,tue,265,2,999,0,nonexistent,-1.8,93.369,-34.8,0.652,5008.7,no,0.825
32,management,single,university.degree,no,yes,no,cellular,mar,tue,71,3,999,0,nonexistent,-1.8,92.843,-50.0,1.687,5099.1,yes,0.8230230911580391
30,technician,single,professional.course,no,no,no,cellular,sep,tue,706,1,6,1,success,-1.1,94.199,-37.5,0.877,4963.6,no,0.8225
32,admin.,single,university.degree,no,yes,no,cellular,jul,thu,210,2,15,1,success,-1.7,94.215,-40.3,0.846,4991.6,no,0.82
35,admin.,single,university.degree,no,yes,no,cellular,apr,thu,388,2,999,0,nonexistent,-1.8,93.749,-34.6,0.659,5008.7,yes,0.8175
28,admin.,single,university.degree,no,no,no,cellular,mar,thu,125,1,999,0,nonexistent,-1.8,93.369,-34.8,0.643,5008.7,no,0.8175
73,retired,married,basic.4y,no,yes,no,cellular,jul,tue,305,1,999,0,nonexistent,-1.7,94.215,-40.3,0.835,4991.6,yes,0.815
24,admin.,single,university.degree,no,yes,yes,cellular,aug,fri,101,5,6,2,success,-1.7,94.027,-38.3,0.905,4991.6,no,0.81
37,admin.,married,university.degree,no,yes,no,cellular,nov,fri,315,1,999,0,nonexistent,-1.1,94.767,-50.8,1.04,4963.6,yes,0.8075
39,admin.,single,high.school,no,yes,no,cellular,mar,tue,100,2,999,0,nonexistent,-1.8,92.843,-50.0,1.687,5099.1,no,0.8050014608027071
42,services,married,high.school,no,yes,no,cellular,apr,thu,501,1,999,0,nonexistent,-1.8,93.075,-47.1,1.365,5099.1,yes,0.805
33,housemaid,married,high.school,no,no,no,telephone,oct,tue,37,1,999,0,nonexistent,-0.1,93.798,-40.4,4.968,5195.8,yes,0.805
48,admin.,divorced,high.school,no,no,no,cellular,jun,wed,657,1,6,1,success,-1.7,94.055,-39.8,0.704,4991.6,yes,0.805
25,admin.,single,university.degree,no,no,yes,cellular,nov,mon,165,1,3,2,success,-3.4,92.649,-30.1,0.715,5017.5,yes,0.805
45,admin.,divorced,university.degree,no,no,yes,cellular,jun,wed,79,1,3,2,success,-1.7,94.055,-39.8,0.739,4991.6,no,0.8025
38,technician,married,professional.course,no,yes,no,cellular,apr,thu,110,1,999,1,failure,-1.8,93.075,-47.1,1.365,5099.1,no,0.8
20,student,single,basic.9y,no,yes,no,cellular,jul,thu,361,3,6,3,success,-1.7,94.215,-40.3,0.846,4991.6,yes,0.8
26,admin.,married,high.school,no,yes,no,cellular,nov,fri,338,1,7,1,success,-3.4,92.649,-30.1,0.714,5017.5,yes,0.795
77,retired,married,university.degree,no,yes,no,telephone,may,wed,372,1,3,4,success,-1.8,93.876,-40.0,0.682,5008.7,yes,0.7925
35,technician,divorced,basic.4y,no,yes,no,cellular,nov,tue,385,3,4,2,success,-1.1,94.767,-50.8,1.035,4963.6,yes,0.7925
56,retired,married,high.school,no,no,no,cellular,jun,tue,383,1,3,1,success,-1.7,94.055,-39.8,0.761,4991.6,yes,0.7925
28,admin.,single,high.school,no,yes,no,cellular,mar,fri,342,1,999,0,nonexistent,-1.8,92.843,-50.0,1.531,5099.1,yes,0.79
56,technician,divorced,professional.course,no,no,no,cellular,oct,mon,464,1,3,2,success,-1.1,94.601,-49.5,1.0,4963.6,yes,0.79
28,admin.,single,high.school,no,yes,no,cellular,mar,fri,102,1,999,0,nonexistent,-1.8,92.843,-50.0,1.531,5099.1,no,0.79
33,admin.,single,university.degree,no,yes,no,cellular,apr,thu,280,1,7,2,success,-1.8,93.749,-34.6,0.635,5008.7,yes,0.79
47,admin.,single,basic.9y,no,yes,yes,cellular,jul,thu,392,2,6,1,success,-1.7,94.215,-40.3,0.846,4991.6,yes,0.7897141038399548
29,admin.,single,high.school,no,yes,no,cellular,nov,fri,176,2,7,2,success,-3.4,92.649,-30.1,0.714,5017.5,yes,0.7875
35,admin.,married,university.degree,no,no,no,cellular,jul,mon,768,2,3,4,success,-1.7,94.215,-40.3,0.889,4991.6,no,0.7875
28,student,single,basic.9y,no,yes,no,cellular,mar,tue,96,2,999,0,nonexistent,-1.8,92.843,-50.0,1.799,5099.1,yes,0.785
27,admin.,single,university.degree,no,no,no,cellular,mar,tue,273,1,999,0,nonexistent,-1.8,93.369,-34.8,0.637,5008.7,yes,0.78
62,retired,married,university.degree,no,no,no,cellular,nov,thu,483,2,6,3,success,-1.1,94.767,-50.8,1.031,4963.6,yes,0.78
63,admin.,married,university.degree,no,yes,no,cellular,jul,fri,396,2,999,0,nonexistent,-1.7,94.215,-40.3,0.885,4991.6,yes,0.7775
44,services,divorced,basic.6y,no,yes,no,cellular,aug,wed,153,3,0,1,success,-1.7,94.027,-38.3,0.9,4991.6,yes,0.7775
65,management,married,unknown,no,no,no,cellular,dec,wed,456,2,9,1,success,-3.0,92.713,-33.0,0.715,5023.5,yes,0.7775
46,admin.,married,university.degree,no,yes,no,cellular,mar,thu,335,1,999,0,nonexistent,-1.8,93.369,-34.8,0.65,5008.7,yes,0.775
35,admin.,married,university.degree,no,yes,no,cellular,nov,wed,94,1,999,0,nonexistent,-0.1,93.2,-42.0,4.12,5195.8,no,0.7733555086779927
35,admin.,married,university.degree,no,yes,no,cellular,nov,wed,112,1,999,0,nonexistent,-0.1,93.2,-42.0,4.12,5195.8,no,0.7733555086779927
31,admin.,single,university.degree,no,yes,no,cellular,jul,fri,815,2,13,2,success,-1.7,94.215,-40.3,0.861,4991.6,yes,0.77
34,admin.,divorced,high.school,no,no,no,cellular,nov,tue,492,2,6,3,success,-3.4,92.649,-30.1,0.716,5017.5,no,0.77
56,technician,married,basic.4y,no,no,no,cellular,oct,thu,306,3,3,1,success,-3.4,92.431,-26.9,0.733,5017.5,yes,0.77
28,services,single,basic.6y,no,no,no,cellular,jun,wed,385,2,4,1,success,-2.9,92.963,-40.8,1.26,5076.2,yes,0.7694955614135953
34,technician,married,professional.course,no,yes,no,cellular,oct,wed,442,2,8,1,success,-3.4,92.431,-26.9,0.735,5017.5,yes,0.765
28,student,single,university.degree,no,unknown,unknown,cellular,may,fri,1027,2,999,0,nonexistent,-1.8,93.876,-40.0,0.695,5008.7,yes,0.765
37,admin.,married,high.school,no,no,no,telephone,apr,tue,426,2,999,0,nonexistent,-1.8,93.749,-34.6,0.646,5008.7,yes,0.765
36,blue-collar,single,basic.6y,no,yes,no,cellular,nov,tue,330,1,999,0,nonexistent,-1.1,94.767,-50.8,1.046,4963.6,yes,0.76
52,admin.,married,professional.course,no,no,no,cellular,sep,wed,953,2,999,0,nonexistent,-1.1,94.199,-37.5,0.876,4963.6,yes,0.7575
37,unemployed,single,university.degree,no,yes,no,cellular,jun,thu,122,2,6,1,success,-1.7,94.055,-39.8,0.742,4991.6,no,0.7525
43,admin.,married,high.school,no,yes,no,cellular,dec,tue,72,4,6,1,success,-3.0,92.713,-33.0,0.715,5023.5,no,0.7525
60,retired,married,professional.course,no,yes,yes,cellular,jul,thu,95,4,6,2,success,-1.7,94.215,-40.3,0.899,4991.6,no,0.7509453410045057
25,admin.,single,university.degree,no,yes,no,cellular,sep,thu,420,1,1,1,success,-3.4,92.379,-29.8,0.809,5017.5,no,0.75
82,retired,single,basic.4y,no,yes,no,cellular,oct,thu,185,2,999,0,nonexistent,-3.4,92.431,-26.9,0.722,5017.5,no,0.749898112691466
59,retired,divorced,basic.4y,no,yes,yes,cellular,jul,mon,796,1,6,1,success,-1.7,94.215,-40.3,0.827,4991.6,yes,0.7482648260171839
31,student,single,university.degree,no,no,no,cellular,aug,tue,224,1,9,2,failure,-1.7,94.027,-38.3,0.899,4991.6,no,0.7475
32,admin.,married,university.degree,no,yes,yes,cellular,jun,tue,384,1,999,0,nonexistent,-2.9,92.963,-40.8,1.262,5076.2,yes,0.7472172989377844
41,services,married,high.school,no,no,no,cellular,mar,wed,396,2,999,0,nonexistent,-1.8,92.843,-50.0,1.778,5099.1,yes,0.7447163884673748
72,retired,married,basic.4y,no,no,yes,cellular,jul,fri,483,4,8,1,success,-1.7,94.215,-40.3,0.822,4991.6,yes,0.7443864869216725
68,retired,married,basic.4y,no,yes,no,cellular,apr,fri,177,1,999,0,nonexistent,-1.8,93.749,-34.6,0.644,5008.7,no,0.7425
42,self-employed,married,university.degree,no,yes,no,cellular,jun,wed,436,1,3,1,success,-2.9,92.963,-40.8,1.26,5076.2,yes,0.74222344461305
33,admin.,single,high.school,no,no,no,cellular,oct,mon,87,1,999,0,nonexistent,-3.4,92.431,-26.9,0.731,5017.5,no,0.7422172230652504
35,admin.,married,university.degree,no,no,no,cellular,jun,thu,121,4,999,0,nonexistent,-2.9,92.963,-40.8,1.26,5076.2,yes,0.74
37,admin.,married,high.school,no,yes,no,cellular,jul,thu,230,2,999,0,nonexistent,-1.7,94.215,-40.3,0.81,4991.6,no,0.74
27,admin.,married,university.degree,no,yes,no,cellular,aug,tue,415,5,12,1,success,-1.7,94.027,-38.3,0.886,4991.6,yes,0.74
29,admin.,married,high.school,no,yes,no,cellular,jun,tue,379,2,13,1,success,-1.7,94.055,-39.8,0.723,4991.6,yes,0.74
34,technician,single,unknown,no,yes,no,cellular,aug,thu,320,2,3,1,success,-2.9,92.201,-31.4,0.851,5076.2,yes,0.74
46,admin.,married,university.degree,no,yes,no,cellular,jul,fri,341,3,999,0,nonexistent,-1.7,94.215,-40.3,0.822,4991.6,yes,0.74
32,technician,divorced,professional.course,no,no,no,cellular,mar,tue,115,2,999,0,nonexistent,-1.8,92.843,-50.0,1.556,5099.1,no,0.7385179819947342
33,student,married,professional.course,no,yes,no,cellular,aug,mon,265,3,3,4,success,-1.7,94.027,-38.3,0.896,4991.6,yes,0.7375
29,admin.,single,university.degree,no,yes,no,telephone,jun,wed,294,2,3,1,success,-1.7,94.055,-39.8,0.715,4991.6,no,0.7375
57,unknown,married,basic.4y,no,yes,no,cellular,jul,wed,183,3,999,0,nonexistent,-1.7,94.215,-40.3,0.802,4991.6,no,0.735
49,admin.,married,high.school,unknown,no,no,cellular,oct,wed,169,1,6,3,success,-1.1,94.601,-49.5,0.985,4963.6,yes,0.7325
39,services,married,high.school,no,yes,no,cellular,apr,thu,243,1,999,0,nonexistent,-1.8,93.075,-47.1,1.365,5099.1,no,0.7325
32,admin.,married,university.degree,no,no,yes,cellular,jun,thu,327,3,3,1,success,-2.9,92.963,-40.8,1.26,5076.2,yes,0.7313214855153689
35,technician,divorced,basic.4y,no,no,no,cellular,nov,tue,363,1,999,0,nonexistent,-1.1,94.767,-50.8,1.035,4963.6,yes,0.73
26,blue-collar,married,basic.9y,no,no,no,cellular,apr,thu,334,2,999,0,nonexistent,-1.8,93.075,-47.1,1.41,5099.1,yes,0.73
60,unemployed,married,basic.4y,no,no,no,cellular,nov,thu,627,2,6,1,success,-3.4,92.649,-30.1,0.714,5017.5,yes,0.73
46,technician,married,professional.course,no,no,yes,cellular,apr,tue,189,1,5,2,success,-1.8,93.749,-34.6,0.638,5008.7,yes,0.726665477996965
61,retired,married,basic.4y,no,yes,no,cellular,aug,fri,168,1,15,1,success,-2.9,92.201,-31.4,0.849,5076.2,yes,0.725
36,blue-collar,single,high.school,no,yes,yes,cellular,jun,wed,342,2,3,1,success,-1.7,94.055,-39.8,0.739,4991.6,yes,0.725
27,admin.,single,professional.course,no,no,no,cellular,jul,tue,338,2,999,0,nonexistent,1.4,93.918,-42.7,4.962,5228.1,no,0.725
36,self-employed,single,university.degree,no,yes,no,telephone,oct,thu,248,1,999,0,nonexistent,-0.1,93.798,-40.4,4.794,5195.8,yes,0.7225
36,management,married,university.degree,no,no,no,cellular,jun,tue,867,1,3,2,success,-1.7,94.055,-39.8,0.737,4991.6,yes,0.7225
30,admin.,single,university.degree,no,no,no,cellular,jul,tue,212,1,3,2,success,-1.7,94.215,-40.3,0.797,4991.6,no,0.7225
33,management,married,university.degree,no,no,no,telephone,aug,thu,201,1,6,2,success,-1.7,94.027,-38.3,0.899,4991.6,yes,0.72
30,admin.,single,university.degree,no,yes,no,cellular,jul,tue,255,2,3,1,success,-1.7,94.215,-40.3,0.797,4991.6,no,0.72
34,technician,single,basic.9y,no,no,no,cellular,aug,mon,205,3,6,3,success,-1.7,94.027,-38.3,0.896,4991.6,yes,0.72
41,technician,married,professional.course,no,no,no,cellular,nov,mon,526,2,6,1,success,-1.1,94.767,-50.8,1.039,4963.6,yes,0.7175
21,student,single,high.school,no,yes,no,cellular,aug,tue,263,3,9,2,success,-1.7,94.027,-38.3,0.899,4991.6,yes,0.7175
42,technician,married,professional.course,no,no,no,cellular,apr,thu,94,1,999,1,failure,-1.8,93.075,-47.1,1.365,5099.1,no,0.7175
49,unemployed,married,high.school,no,yes,no,cellular,sep,wed,177,1,999,0,nonexistent,-3.4,92.379,-29.8,0.768,5017.5,no,0.715
37,admin.,divorced,university.degree,no,no,no,cellular,aug,thu,329,3,9,1,success,-2.9,92.201,-31.4,0.851,5076.2,yes,0.715
50,technician,married,high.school,no,yes,no,cellular,dec,mon,229,1,999,1,failure,-3.0,92.713,-33.0,0.717,5023.5,yes,0.7125
48,unemployed,single,basic.9y,no,yes,no,cellular,apr,thu,242,1,2,1,success,-1.8,93.075,-47.1,1.365,5099.1,yes,0.7125
44,admin.,married,university.degree,no,no,no,cellular,oct,wed,1206,1,999,0,nonexistent,-3.4,92.431,-26.9,0.735,5017.5,no,0.7097142640364189
63,admin.,married,university.degree,no,yes,no,cellular,oct,thu,174,2,6,1,success,-1.1,94.601,-49.5,0.987,4963.6,no,0.7075
29,management,married,university.degree,no,yes,no,cellular,nov,wed,199,1,9,1,success,-3.4,92.649,-30.1,0.719,5017.5,no,0.7075
33,entrepreneur,married,university.degree,no,yes,no,telephone,oct,tue,454,1,999,0,nonexistent,-0.1,93.798,-40.4,4.86,5195.8,yes,0.7075
42,blue-collar,married,basic.6y,no,yes,yes,cellular,mar,tue,185,1,7,3,failure,-1.8,93.369,-34.8,0.652,5008.7,yes,0.7075
30,admin.,single,university.degree,no,no,no,cellular,aug,thu,152,4,999,0,nonexistent,1.4,93.444,-36.1,4.968,5228.1,no,0.706254008723547
25,admin.,single,university.degree,no,yes,yes,cellular,jun,tue,431,3,4,1,success,-2.9,92.963,-40.8,1.286,5076.2,no,0.7051647220388321
60,self-employed,divorced,university.degree,no,no,no,cellular,sep,tue,83,1,3,1,success,-3.4,92.379,-29.8,0.755,5017.5,yes,0.705
33,admin.,single,university.degree,no,yes,no,cellular,jun,thu,114,3,999,0,nonexistent,-2.9,92.963,-40.8,1.26,5076.2,no,0.705
56,admin.,married,university.degree,no,yes,no,cellular,sep,thu,169,2,3,2,success,-3.4,92.379,-29.8,0.778,5017.5,yes,0.705
32,management,single,university.degree,no,no,no,cellular,aug,thu,149,1,3,2,success,-2.9,92.201,-31.4,0.851,5076.2,yes,0.7040221610998695
23,blue-collar,single,high.school,no,no,no,cellular,jul,wed,251,1,999,0,nonexistent,1.4,93.918,-42.7,4.957,5228.1,no,0.7015615105725359
51,technician,married,professional.course,no,yes,no,cellular,apr,thu,341,1,999,0,nonexistent,-1.8,93.075,-47.1,1.365,5099.1,yes,0.7
22,student,single,high.school,no,no,no,cellular,oct,fri,154,2,999,1,failure,-3.4,92.431,-26.9,0.739,5017.5,yes,0.7
51,technician,married,professional.course,no,yes,no,cellular,apr,thu,115,1,999,0,nonexistent,-1.8,93.075,-47.1,1.365,5099.1,no,0.7
34,technician,single,university.degree,no,no,no,cellular,oct,fri,144,1,999,0,nonexistent,-3.4,92.431,-26.9,0.72,5017.5,yes,0.7
56,admin.,divorced,unknown,no,no,no,cellular,dec,wed,205,1,999,0,nonexistent,-3.0,92.713,-33.0,0.715,5023.5,no,0.6975
38,technician,married,professional.course,no,no,no,cellular,mar,thu,66,3,999,0,nonexistent,-1.8,92.843,-50.0,1.757,5099.1,no,0.6970636704725861
27,services,married,university.degree,no,yes,no,cellular,may,tue,109,1,999,0,nonexistent,-1.8,92.893,-46.2,1.266,5099.1,no,0.695
56,management,married,professional.course,no,no,no,cellular,dec,wed,124,1,999,0,nonexistent,-3.0,92.713,-33.0,0.715,5023.5,no,0.695
23,student,single,university.degree,no,yes,no,cellular,dec,fri,127,2,6,2,success,-3.0,92.713,-33.0,0.718,5023.5,no,0.695
25,admin.,single,university.degree,no,no,no,cellular,aug,thu,215,1,999,0,nonexistent,-1.7,94.027,-38.3,0.904,4991.6,yes,0.695
63,retired,married,basic.4y,no,no,no,cellular,jul,fri,273,1,999,0,nonexistent,-1.7,94.215,-40.3,0.896,4991.6,no,0.695
26,admin.,single,university.degree,no,no,yes,cellular,jun,fri,91,2,6,1,success,-1.7,94.055,-39.8,0.732,4991.6,no,0.695
39,blue-collar,single,basic.9y,no,yes,yes,cellular,may,mon,78,3,3,1,success,-1.8,92.893,-46.2,1.354,5099.1,no,0.6941519210752591
25,admin.,single,university.degree,no,yes,no,cellular,aug,mon,163,1,6,1,success,-2.9,92.201,-31.4,0.861,5076.2,yes,0.6925
43,admin.,divorced,university.degree,no,no,no,telephone,apr,fri,263,4,999,0,nonexistent,-1.8,93.749,-34.6,0.645,5008.7,yes,0.6925
40,blue-collar,divorced,professional.course,no,no,no,cellular,jun,wed,115,2,3,1,success,-2.9,92.963,-40.8,1.26,5076.2,yes,0.6894390743550836
30,admin.,married,university.degree,no,no,yes,cellular,may,mon,85,2,9,2,success,-1.8,93.876,-40.0,0.701,5008.7,no,0.6875
41,admin.,married,university.degree,no,yes,no,telephone,aug,thu,345,1,9,3,failure,-1.7,94.027,-38.3,0.899,4991.6,yes,0.6875
36,admin.,married,university.degree,no,yes,no,cellular,jul,wed,99,2,999,0,nonexistent,1.4,93.918,-42.7,4.962,5228.1,no,0.6872279210925645
26,admin.,single,university.degree,no,yes,no,cellular,jul,wed,226,2,999,0,nonexistent,-2.9,92.469,-33.6,0.979,5076.2,no,0.685
35,blue-collar,married,basic.9y,no,yes,no,cellular,dec,thu,105,1,4,3,success,-3.0,92.713,-33.0,0.707,5023.5,no,0.6825
83,retired,married,high.school,no,no,no,cellular,dec,thu,155,1,4,3,success,-3.0,92.713,-33.0,0.72,5023.5,yes,0.6825
37,admin.,married,university.degree,no,unknown,unknown,cellular,jun,fri,602,1,10,1,success,-1.7,94.055,-39.8,0.719,4991.6,yes,0.6825
56,retired,married,basic.4y,no,no,no,cellular,mar,wed,181,2,9,2,failure,-1.8,93.369,-34.8,0.644,5008.7,no,0.68
39,technician,divorced,high.school,no,no,no,cellular,mar,mon,174,1,3,1,success,-1.8,93.369,-34.8,0.639,5008.7,yes,0.68
34,blue-collar,married,basic.9y,no,no,no,telephone,may,tue,427,1,999,0,nonexistent,1.1,93.994,-36.4,4.857,5191.0,no,0.68
53,admin.,single,university.degree,no,no,no,cellular,apr,thu,494,1,2,1,success,-1.8,93.075,-47.1,1.365,5099.1,yes,0.6788657824253593
33,blue-collar,single,high.school,no,yes,no,cellular,mar,wed,163,1,999,0,nonexistent,-1.8,92.843,-50.0,1.602,5099.1,no,0.6776068719101345
53,housemaid,married,basic.4y,no,no,yes,telephone,nov,wed,513,1,3,1,success,-3.4,92.649,-30.1,0.715,5017.5,yes,0.6775
29,services,single,unknown,no,yes,no,cellular,apr,thu,226,2,999,0,nonexistent,-1.8,93.749,-34.6,0.659,5008.7,yes,0.6775
25,services,single,high.school,no,yes,no,cellular,jun,thu,239,2,3,1,success,-2.9,92.963,-40.8,1.26,5076.2,yes,0.677218588770865
35,technician,single,professional.course,no,yes,no,cellular,jul,tue,577,6,6,1,success,-1.7,94.215,-40.3,0.835,4991.6,yes,0.6767046892663209
32,student,single,unknown,no,yes,no,cellular,may,wed,188,2,999,0,nonexistent,-1.8,93.876,-40.0,0.672,5008.7,yes,0.675
74,retired,divorced,basic.4y,no,yes,yes,cellular,jul,wed,106,2,999,0,nonexistent,-1.7,94.215,-40.3,0.896,4991.6,no,0.6725
66,retired,married,basic.4y,unknown,unknown,unknown,cellular,oct,wed,216,1,6,3,success,-1.1,94.601,-49.5,0.985,4963.6,yes,0.6725
53,blue-collar,single,basic.9y,no,yes,no,cellular,jul,wed,355,1,999,0,nonexistent,-1.7,94.215,-40.3,0.84,4991.6,yes,0.67
32,admin.,married,university.degree,no,no,yes,telephone,oct,mon,27,1,999,0,nonexistent,-0.1,93.798,-40.4,4.912,5195.8,no,0.67
49,retired,married,high.school,no,yes,no,cellular,jul,wed,239,1,999,0,nonexistent,1.4,93.918,-42.7,4.957,5228.1,no,0.67
36,admin.,married,high.school,no,no,no,cellular,mar,tue,168,1,999,0,nonexistent,-1.8,92.843,-50.0,1.799,5099.1,yes,0.6697266562910954
29,admin.,married,university.degree,no,yes,no,cellular,may,mon,167,1,999,0,nonexistent,-1.8,92.893,-46.2,1.244,5099.1,no,0.6697183611532626
47,technician,married,basic.6y,no,no,no,cellular,sep,mon,164,2,6,3,success,-1.1,94.199,-37.5,0.882,4963.6,no,0.6675
78,retired,married,basic.4y,no,yes,no,telephone,mar,fri,139,1,999,0,nonexistent,-1.8,93.369,-34.8,0.636,5008.7,no,0.665
64,retired,married,university.degree,no,yes,no,cellular,apr,tue,146,4,999,0,nonexistent,-1.8,93.075,-47.1,1.405,5099.1,yes,0.6642177715912806
37,technician,married,professional.course,no,yes,yes,cellular,mar,wed,395,1,9,1,success,-1.8,93.369,-34.8,0.644,5008.7,no,0.6642151906762492
34,technician,married,university.degree,no,no,no,cellular,jun,tue,116,2,999,0,nonexistent,-2.9,92.963,-40.8,1.262,5076.2,no,0.66
55,blue-collar,married,basic.9y,no,no,no,cellular,nov,mon,1077,1,999,0,nonexistent,-0.1,93.2,-42.0,4.191,5195.8,yes,0.66
32,technician,married,professional.course,no,yes,no,cellular,oct,wed,275,2,999,0,nonexistent,-1.1,94.601,-49.5,0.959,4963.6,yes,0.66
40,services,married,professional.course,no,yes,no,cellular,oct,thu,244,1,3,1,success,-3.4,92.431,-26.9,0.74,5017.5,yes,0.66
55,blue-collar,married,basic.9y,no,no,no,cellular,nov,mon,236,1,999,0,nonexistent,-0.1,93.2,-42.0,4.191,5195.8,no,0.66
53,technician,married,high.school,no,yes,no,cellular,mar,tue,539,2,999,0,nonexistent,-1.8,93.369,-34.8,0.655,5008.7,yes,0.66
50,management,married,university.degree,no,yes,no,cellular,oct,thu,305,2,4,1,success,-3.4,92.431,-26.9,0.754,5017.5,yes,0.6575
35,technician,single,professional.course,no,yes,no,cellular,jun,tue,187,1,6,2,success,-1.7,94.055,-39.8,0.713,4991.6,yes,0.6575
26,admin.,single,university.degree,no,yes,no,cellular,jun,wed,213,1,999,0,nonexistent,-2.9,92.963,-40.8,1.26,5076.2,no,0.6558339026375632
37,admin.,divorced,university.degree,unknown,yes,no,cellular,may,mon,230,1,999,0,nonexistent,-1.8,92.893,-46.2,1.244,5099.1,no,0.655
49,blue-collar,married,basic.4y,unknown,no,no,telephone,jun,fri,115,1,999,0,nonexistent,1.4,94.465,-41.8,4.959,5228.1,no,0.655
29,admin.,single,high.school,no,no,no,cellular,jun,wed,108,5,999,0,nonexistent,-1.7,94.055,-39.8,0.767,4991.6,no,0.655
39,technician,married,professional.course,no,yes,no,cellular,apr,thu,67,1,999,0,nonexistent,-1.8,93.075,-47.1,1.365,5099.1,no,0.655
54,blue-collar,married,basic.9y,no,yes,no,cellular,jun,fri,239,2,3,1,success,-2.9,92.963,-40.8,1.268,5076.2,yes,0.6547205614567527
78,retired,married,professional.course,no,yes,no,cellular,nov,wed,103,1,999,0,nonexistent,-3.4,92.649,-30.1,0.716,5017.5,no,0.6547133535660091
32,management,single,university.degree,no,yes,yes,cellular,mar,tue,97,1,999,0,nonexistent,-1.8,92.843,-50.0,1.687,5099.1,no,0.6541800067666798
28,admin.,married,high.school,no,yes,no,cellular,nov,tue,254,5,999,0,nonexistent,-3.4,92.649,-30.1,0.715,5017.5,yes,0.6525
31,blue-collar,single,basic.9y,no,no,no,cellular,may,thu,59,1,999,1,failure,-1.8,92.893,-46.2,1.266,5099.1,no,0.6525
27,unknown,single,university.degree,no,yes,no,cellular,jun,wed,665,4,3,2,success,-1.7,94.055,-39.8,0.767,4991.6,yes,0.65
23,blue-collar,single,basic.9y,no,no,no,cellular,jul,thu,250,4,999,1,failure,-1.7,94.215,-40.3,0.846,4991.6,yes,0.65
30,student,single,unknown,no,no,no,cellular,mar,thu,101,1,14,1,success,-1.8,93.369,-34.8,0.635,5008.7,yes,0.65
26,technician,single,university.degree,no,no,no,cellular,jul,fri,129,2,6,1,success,-1.7,94.215,-40.3,0.861,4991.6,no,0.65
32,admin.,single,university.degree,no,no,no,cellular,jun,tue,856,1,12,2,success,-1.7,94.055,-39.8,0.737,4991.6,yes,0.6497217754172989
23,admin.,single,professional.course,no,yes,no,cellular,jul,wed,332,2,999,0,nonexistent,1.4,93.918,-42.7,4.963,5228.1,no,0.6475
56,admin.,married,basic.9y,no,yes,no,cellular,aug,wed,73,1,4,1,success,-2.9,92.201,-31.4,0.879,5076.2,yes,0.6475
40,services,married,high.school,no,yes,no,cellular,nov,thu,90,3,3,2,success,-3.4,92.649,-30.1,0.714,5017.5,yes,0.6475
29,admin.,married,university.degree,no,unknown,unknown,cellular,jul,tue,311,1,3,1,success,-1.7,94.215,-40.3,0.835,4991.6,yes,0.6473513287567724
28,admin.,married,university.degree,no,yes,no,cellular,apr,thu,63,1,999,0,nonexistent,-1.8,93.075,-47.1,1.365,5099.1,no,0.6468080235608573
47,housemaid,single,professional.course,no,yes,no,cellular,apr,tue,242,2,999,0,nonexistent,-1.8,93.075,-47.1,1.405,5099.1,yes,0.6464920449889375
53,unknown,married,professional.course,no,no,no,cellular,jun,thu,217,2,3,1,success,-2.9,92.963,-40.8,1.26,5076.2,no,0.645
36,housemaid,single,university.degree,no,unknown,unknown,cellular,aug,fri,119,2,3,1,success,-2.9,92.201,-31.4,0.825,5076.2,no,0.645
30,admin.,single,university.degree,no,no,no,cellular,may,tue,113,1,6,1,success,-1.8,93.876,-40.0,0.668,5008.7,no,0.645
43,blue-collar,married,basic.9y,no,no,no,telephone,oct,tue,10,1,999,0,nonexistent,-0.1,93.798,-40.4,4.86,5195.8,no,0.6425
38,blue-collar,divorced,unknown,no,no,no,cellular,nov,tue,154,1,999,0,nonexistent,-0.1,93.2,-42.0,4.153,5195.8,no,0.6425
38,technician,married,professional.course,no,yes,no,cellular,mar,thu,182,1,999,0,nonexistent,-1.8,92.843,-50.0,1.757,5099.1,yes,0.6407794655138633
31,technician,married,university.degree,no,yes,yes,cellular,oct,tue,203,4,6,2,success,-1.1,94.601,-49.5,0.982,4963.6,yes,0.6397150227617603
30,admin.,single,university.degree,no,no,no,cellular,jun,wed,656,1,999,0,nonexistent,-2.9,92.963,-40.8,1.26,5076.2,no,0.6394368740515933
35,admin.,single,university.degree,no,yes,no,cellular,jul,fri,564,2,999,0,nonexistent,1.4,93.918,-42.7,4.963,5228.1,no,0.6390740141328339
25,technician,single,university.degree,no,yes,no,cellular,jun,fri,271,2,3,1,success,-2.9,92.963,-40.8,1.268,5076.2,no,0.638562619750205
48,technician,married,high.school,no,yes,no,cellular,oct,thu,215,2,999,0,nonexistent,-3.4,92.431,-26.9,0.722,5017.5,yes,0.6375
22,student,single,high.school,no,no,no,cellular,oct,fri,270,3,6,1,success,-3.4,92.431,-26.9,0.73,5017.5,yes,0.6375
50,blue-collar,married,basic.4y,no,no,no,cellular,jul,mon,244,3,999,0,nonexistent,1.4,93.918,-42.7,4.962,5228.1,no,0.6375
40,technician,single,university.degree,no,yes,no,cellular,nov,mon,139,2,3,1,success,-3.4,92.649,-30.1,0.714,5017.5,no,0.635
41,blue-collar,married,basic.9y,unknown,yes,no,telephone,jun,thu,83,1,999,0,nonexistent,1.4,94.465,-41.8,4.961,5228.1,no,0.635
61,retired,married,high.school,no,yes,no,cellular,apr,tue,930,4,999,0,nonexistent,-1.8,93.749,-34.6,0.642,5008.7,no,0.635
50,management,married,university.degree,no,no,no,telephone,jun,mon,278,5,6,1,success,-1.7,94.055,-39.8,0.72,4991.6,yes,0.6344447647951442
36,admin.,single,university.degree,no,no,no,cellular,nov,wed,149,1,999,0,nonexistent,-0.1,93.2,-42.0,4.12,5195.8,no,0.6330283912907951
37,technician,married,professional.course,no,no,no,cellular,apr,thu,277,1,18,1,success,-1.8,93.749,-34.6,0.659,5008.7,yes,0.6325
26,unemployed,single,university.degree,no,yes,no,cellular,apr,tue,168,1,999,0,nonexistent,-1.8,93.075,-47.1,1.423,5099.1,yes,0.6323338245902552
34,admin.,single,university.degree,no,yes,no,cellular,aug,thu,98,1,999,0,nonexistent,1.4,93.444,-36.1,4.964,5228.1,no,0.63
39,technician,divorced,high.school,no,no,no,cellular,mar,mon,222,1,12,2,success,-1.8,93.369,-34.8,0.639,5008.7,yes,0.63
30,technician,married,university.degree,no,yes,no,cellular,dec,thu,244,2,6,1,success,-3.0,92.713,-33.0,0.72,5023.5,yes,0.63
48,admin.,divorced,university.degree,no,yes,no,cellular,aug,fri,103,1,4,1,success,-2.9,92.201,-31.4,0.881,5076.2,no,0.63
69,entrepreneur,married,high.school,no,yes,no,cellular,jun,wed,178,2,999,0,nonexistent,-2.9,92.963,-40.8,1.26,5076.2,no,0.63
27,admin.,single,university.degree,no,yes,no,cellular,may,fri,81,1,999,0,nonexistent,-1.8,92.893,-46.2,1.259,5099.1,no,0.6292937438632444
34,admin.,married,high.school,no,no,yes,cellular,sep,wed,214,2,999,0,nonexistent,-1.1,94.199,-37.5,0.876,4963.6,no,0.6275
35,admin.,single,university.degree,no,no,no,cellular,jul,fri,91,1,999,0,nonexistent,1.4,93.918,-42.7,4.957,5228.1,no,0.625
39,entrepreneur,married,basic.6y,no,no,no,cellular,sep,tue,106,4,16,2,failure,-3.4,92.379,-29.8,0.819,5017.5,no,0.625
35,admin.,single,university.degree,no,no,no,cellular,jul,fri,14,1,999,0,nonexistent,1.4,93.918,-42.7,4.957,5228.1,no,0.625
48,management,married,high.school,no,no,no,cellular,jul,tue,116,1,999,0,nonexistent,1.4,93.918,-42.7,4.962,5228.1,no,0.6225
39,technician,single,professional.course,no,no,no,cellular,jul,mon,65,2,999,0,nonexistent,1.4,93.918,-42.7,4.96,5228.1,no,0.6225
25,admin.,single,high.school,no,yes,no,cellular,jul,thu,418,4,999,0,nonexistent,1.4,93.918,-42.7,4.963,5228.1,no,0.6225
48,management,married,high.school,no,no,no,cellular,jul,tue,154,1,999,0,nonexistent,1.4,93.918,-42.7,4.962,5228.1,no,0.6225
85,housemaid,married,basic.4y,unknown,no,no,cellular,apr,tue,166,1,999,0,nonexistent,-1.8,93.749,-34.6,0.642,5008.7,no,0.62
69,retired,married,basic.4y,no,yes,no,cellular,oct,thu,124,1,999,0,nonexistent,-3.4,92.431,-26.9,0.722,5017.5,yes,0.62
31,blue-collar,married,basic.9y,no,no,no,telephone,may,tue,301,1,999,0,nonexistent,1.1,93.994,-36.4,4.857,5191.0,no,0.6175
53,admin.,divorced,university.degree,no,no,no,cellular,mar,thu,2486,1,999,0,nonexistent,-1.8,93.369,-34.8,0.654,5008.7,yes,0.6175
27,services,single,university.degree,no,no,no,cellular,mar,fri,212,1,999,0,nonexistent,-1.8,93.369,-34.8,0.649,5008.7,yes,0.6175
35,management,married,university.degree,no,no,no,cellular,nov,tue,190,3,7,3,failure,-3.4,92.649,-30.1,0.716,5017.5,no,0.6175
48,management,married,university.degree,no,yes,yes,cellular,nov,tue,747,2,999,0,nonexistent,-3.4,92.649,-30.1,0.715,5017.5,yes,0.615
49,admin.,married,high.school,no,yes,no,cellular,apr,thu,216,2,999,0,nonexistent,-1.8,93.075,-47.1,1.365,5099.1,no,0.615
53,technician,married,professional.course,no,yes,no,cellular,apr,thu,301,1,999,0,nonexistent,-1.8,93.075,-47.1,1.365,5099.1,yes,0.6148737758027853
27,student,single,high.school,no,no,no,cellular,mar,fri,219,1,999,0,nonexistent,-1.8,93.369,-34.8,0.653,5008.7,yes,0.6125
30,blue-collar,married,high.school,no,no,no,cellular,mar,tue,658,1,999,0,nonexistent,-1.8,93.369,-34.8,0.655,5008.7,yes,0.6125
74,retired,divorced,basic.4y,no,yes,no,cellular,apr,mon,142,2,999,0,nonexistent,-1.8,93.749,-34.6,0.643,5008.7,yes,0.6125
24,student,single,high.school,no,yes,no,cellular,oct,thu,423,3,999,0,nonexistent,-3.4,92.431,-26.9,0.722,5017.5,yes,0.6125
38,blue-collar,married,basic.6y,unknown,no,no,cellular,jul,thu,60,1,999,0,nonexistent,1.4,93.918,-42.7,4.963,5228.1,no,0.611997967400135
23,student,single,basic.9y,no,yes,no,cellular,dec,tue,256,2,999,0,nonexistent,-3.0,92.713,-33.0,0.708,5023.5,yes,0.6114189285357083
29,admin.,divorced,university.degree,no,yes,no,cellular,jun,wed,238,3,999,0,nonexistent,-2.9,92.963,-40.8,1.26,5076.2,yes,0.6111175132010304
31,admin.,married,high.school,no,yes,no,cellular,oct,thu,269,2,999,1,failure,-3.4,92.431,-26.9,0.722,5017.5,no,0.61
60,retired,married,basic.4y,unknown,yes,no,cellular,oct,fri,59,1,999,0,nonexistent,-3.4,92.431,-26.9,0.72,5017.5,no,0.6089420809174907
33,technician,married,university.degree,no,yes,no,cellular,sep,wed,110,1,999,1,failure,-1.1,94.199,-37.5,0.876,4963.6,no,0.6075
45,management,married,university.degree,no,no,no,telephone,nov,tue,208,2,999,0,nonexistent,-3.4,92.649,-30.1,0.715,5017.5,no,0.6075
25,services,single,unknown,no,yes,no,cellular,jun,tue,516,1,13,2,failure,-1.7,94.055,-39.8,0.702,4991.6,yes,0.605
26,admin.,single,high.school,no,yes,no,cellular,apr,mon,190,1,999,0,nonexistent,-1.8,93.075,-47.1,1.405,5099.1,yes,0.605
85,retired,single,professional.course,no,no,no,cellular,mar,fri,116,7,7,2,success,-1.8,93.369,-34.8,0.653,5008.7,no,0.605
70,retired,married,basic.4y,no,yes,no,cellular,aug,fri,530,2,999,0,nonexistent,-2.9,92.201,-31.4,0.881,5076.2,yes,0.605
32,admin.,single,professional.course,no,yes,no,cellular,jul,wed,72,1,999,0,nonexistent,-2.9,92.469,-33.6,1.029,5076.2,no,0.6042821122212347
31,admin.,single,university.degree,no,unknown,unknown,cellular,oct,tue,192,1,3,1,success,-1.1,94.601,-49.5,1.008,4963.6,yes,0.6025
38,blue-collar,single,high.school,no,yes,no,telephone,mar,wed,557,1,999,0,nonexistent,-1.8,93.369,-34.8,0.655,5008.7,yes,0.6025
22,student,single,high.school,no,no,no,cellular,aug,thu,53,2,3,1,success,-2.9,92.201,-31.4,0.873,5076.2,no,0.6025
59,admin.,divorced,university.degree,no,yes,no,cellular,mar,tue,236,1,999,0,nonexistent,-1.8,93.369,-34.8,0.635,5008.7,yes,0.6020029655342062
28,admin.,single,university.degree,no,no,no,cellular,jul,thu,727,2,999,0,nonexistent,1.4,93.918,-42.7,4.968,5228.1,yes,0.600673710925572
52,admin.,married,professional.course,no,no,no,cellular,jul,tue,606,1,999,0,nonexistent,-1.7,94.215,-40.3,0.893,4991.6,yes,0.6
31,self-employed,single,university.degree,no,no,no,cellular,apr,thu,210,1,999,0,nonexistent,-1.8,93.749,-34.6,0.659,5008.7,yes,0.6
33,blue-collar,single,basic.4y,no,yes,no,cellular,apr,thu,352,1,999,0,nonexistent,-1.8,93.075,-47.1,1.365,5099.1,yes,0.6
69,retired,married,unknown,no,no,no,cellular,apr,thu,117,1,999,0,nonexistent,-1.8,93.075,-47.1,1.41,5099.1,no,0.6
32,technician,single,university.degree,no,no,no,cellular,jun,mon,1048,1,999,0,nonexistent,-2.9,92.963,-40.8,1.266,5076.2,yes,0.597713884392412
34,admin.,married,university.degree,no,yes,yes,cellular,apr,thu,177,2,999,0,nonexistent,-1.8,93.075,-47.1,1.365,5099.1,yes,0.5975
49,admin.,single,high.school,no,no,no,cellular,oct,fri,165,1,999,1,failure,-3.4,92.431,-26.9,0.739,5017.5,no,0.5975
28,admin.,single,university.degree,no,no,no,cellular,aug,wed,202,1,999,0,nonexistent,-2.9,92.201,-31.4,0.879,5076.2,no,0.5962265857218477
28,technician,single,high.school,no,unknown,unknown,cellular,oct,wed,84,1,6,1,success,-3.4,92.431,-26.9,0.742,5017.5,yes,0.595
28,technician,single,professional.course,no,yes,no,cellular,nov,wed,296,1,999,1,failure,-3.4,92.649,-30.1,0.716,5017.5,yes,0.595
36,admin.,single,basic.9y,no,yes,yes,telephone,apr,wed,173,1,999,0,nonexistent,-1.8,93.749,-34.6,0.644,5008.7,yes,0.5944866557734205
51,blue-collar,divorced,basic.4y,no,yes,no,cellular,may,tue,314,4,999,0,nonexistent,-1.8,92.893,-46.2,1.291,5099.1,no,0.5925
30,technician,unknown,university.degree,no,no,no,cellular,oct,fri,131,2,16,1,success,-1.1,94.601,-49.5,0.942,4963.6,no,0.5925
72,retired,married,basic.4y,no,unknown,unknown,cellular,apr,tue,44,1,999,0,nonexistent,-1.8,93.075,-47.1,1.453,5099.1,no,0.5925
26,admin.,married,high.school,no,no,no,cellular,jun,wed,598,4,12,3,failure,-1.7,94.055,-39.8,0.767,4991.6,yes,0.59
27,admin.,single,university.degree,no,no,no,cellular,oct,tue,143,1,999,0,nonexistent,-1.1,94.601,-49.5,0.982,4963.6,no,0.5876282191818025
41,admin.,single,high.school,no,yes,no,cellular,aug,mon,606,1,6,1,success,-2.9,92.201,-31.4,0.861,5076.2,yes,0.5875
38,admin.,married,unknown,no,yes,no,cellular,jul,wed,87,3,999,0,nonexistent,1.4,93.918,-42.7,4.963,5228.1,no,0.5875
50,retired,married,basic.4y,no,yes,no,cellular,jul,wed,128,1,999,0,nonexistent,1.4,93.918,-42.7,4.957,5228.1,no,0.5875
22,services,single,professional.course,no,no,no,cellular,jul,tue,363,1,999,1,failure,-1.7,94.215,-40.3,0.835,4991.6,yes,0.5875
33,admin.,married,university.degree,no,yes,no,cellular,jun,tue,64,1,999,0,nonexistent,-2.9,92.963,-40.8,1.262,5076.2,no,0.5872172989377845
33,admin.,married,university.degree,no,yes,no,cellular,jun,tue,690,1,999,0,nonexistent,-2.9,92.963,-40.8,1.262,5076.2,yes,0.5872172989377845
38,technician,married,professional.course,no,no,no,cellular,mar,thu,84,1,999,0,nonexistent,-1.8,92.843,-50.0,1.757,5099.1,no,0.5870126102378359
53,blue-collar,married,basic.6y,no,no,no,cellular,jun,thu,592,3,999,1,failure,-2.9,92.963,-40.8,1.26,5076.2,yes,0.585
27,student,single,basic.9y,no,yes,no,cellular,aug,wed,111,1,999,0,nonexistent,-1.7,94.027,-38.3,0.9,4991.6,no,0.5848536262147619
61,retired,married,basic.9y,no,no,no,cellular,apr,thu,165,2,999,0,nonexistent,-1.8,93.749,-34.6,0.659,5008.7,no,0.5825
21,admin.,single,high.school,no,yes,no,cellular,apr,wed,122,1,999,0,nonexistent,-1.8,93.075,-47.1,1.415,5099.1,no,0.5825
34,admin.,married,university.degree,no,no,no,cellular,oct,fri,281,1,999,2,failure,-3.4,92.431,-26.9,0.73,5017.5,yes,0.5825
64,retired,married,university.degree,no,yes,no,cellular,apr,wed,102,1,999,0,nonexistent,-1.8,93.075,-47.1,1.405,5099.1,no,0.5802467312910795
31,admin.,single,university.degree,no,yes,no,cellular,nov,wed,228,1,999,0,nonexistent,-1.1,94.767,-50.8,1.048,4963.6,no,0.58
46,housemaid,single,university.degree,no,yes,yes,cellular,jun,fri,324,1,3,1,success,-2.9,92.963,-40.8,1.268,5076.2,yes,0.58
28,admin.,married,high.school,no,no,yes,cellular,may,wed,530,2,999,0,nonexistent,-1.8,93.876,-40.0,0.697,5008.7,yes,0.5797157056145675
25,services,single,unknown,no,yes,no,cellular,jun,tue,154,2,3,3,success,-1.7,94.055,-39.8,0.702,4991.6,yes,0.5775
55,admin.,married,university.degree,no,yes,yes,cellular,jul,fri,129,2,999,1,failure,-1.7,94.215,-40.3,0.79,4991.6,no,0.5775
71,retired,married,basic.4y,no,no,no,cellular,nov,tue,71,2,999,1,failure,-3.4,92.649,-30.1,0.715,5017.5,no,0.5775
41,technician,single,professional.course,no,yes,no,cellular,mar,mon,101,1,999,0,nonexistent,-1.8,92.843,-50.0,1.703,5099.1,no,0.5764929136030307
43,management,single,university.degree,no,yes,no,cellular,oct,tue,205,1,999,0,nonexistent,-3.4,92.431,-26.9,0.744,5017.5,no,0.5760743856730631
52,admin.,married,university.degree,no,no,yes,telephone,apr,thu,395,3,999,0,nonexistent,-1.8,93.749,-34.6,0.659,5008.7,yes,0.575
34,admin.,divorced,high.school,no,no,no,cellular,mar,fri,156,1,999,0,nonexistent,-1.8,93.369,-34.8,0.636,5008.7,no,0.575
25,unemployed,married,high.school,no,no,no,cellular,jun,thu,125,2,999,0,nonexistent,-2.9,92.963,-40.8,1.26,5076.2,no,0.575
30,admin.,single,university.degree,no,no,no,cellular,aug,thu,122,5,999,0,nonexistent,1.4,93.444,-36.1,4.968,5228.1,no,0.5742305552267077
33,admin.,married,university.degree,no,no,no,cellular,may,mon,157,2,15,3,failure,-1.8,93.876,-40.0,0.685,5008.7,no,0.5725
43,self-employed,married,university.degree,no,yes,no,cellular,mar,mon,264,2,9,1,success,-1.8,93.369,-34.8,0.652,5008.7,yes,0.5725
36,technician,single,professional.course,no,no,no,cellular,dec,mon,371,1,999,0,nonexistent,-3.0,92.713,-33.0,0.717,5023.5,no,0.57
53,admin.,married,high.school,no,yes,no,cellular,jul,thu,99,6,999,0,nonexistent,-1.7,94.215,-40.3,0.899,4991.6,no,0.57
35,admin.,married,university.degree,no,yes,no,cellular,may,mon,109,1,999,0,nonexistent,-1.8,92.893,-46.2,1.264,5099.1,no,0.5675
33,technician,married,professional.course,no,yes,no,cellular,sep,wed,269,1,999,0,nonexistent,-1.1,94.199,-37.5,0.886,4963.6,yes,0.5675
28,student,single,high.school,no,yes,no,cellular,jun,fri,577,3,999,0,nonexistent,-2.9,92.963,-40.8,1.268,5076.2,yes,0.5675
26,admin.,single,high.school,no,no,no,telephone,oct,fri,257,2,4,1,success,-3.4,92.431,-26.9,0.73,5017.5,yes,0.5675
32,services,single,high.school,no,no,no,cellular,may,wed,248,2,999,0,nonexistent,-1.8,92.893,-46.2,1.281,5099.1,no,0.5675
41,admin.,divorced,high.school,no,unknown,unknown,cellular,aug,thu,272,1,999,0,nonexistent,-1.7,94.027,-38.3,0.904,4991.6,yes,0.5675
46,services,married,unknown,no,no,no,cellular,aug,fri,109,1,999,0,nonexistent,1.4,93.444,-36.1,4.964,5228.1,no,0.5665995086034179
35,admin.,married,university.degree,no,no,no,cellular,aug,mon,347,1,999,0,nonexistent,1.4,93.444,-36.1,4.965,5228.1,no,0.5663492474593216
19,student,single,unknown,no,yes,no,telephone,apr,fri,1161,5,999,0,nonexistent,-1.8,93.075,-47.1,1.405,5099.1,no,0.565
36,admin.,single,high.school,no,yes,no,cellular,aug,fri,159,1,3,2,success,-2.9,92.201,-31.4,0.849,5076.2,yes,0.565
63,housemaid,married,basic.9y,no,yes,no,cellular,apr,fri,164,1,999,0,nonexistent,-1.8,93.749,-34.6,0.645,5008.7,no,0.565
30,admin.,married,university.degree,no,yes,no,cellular,apr,thu,475,2,999,0,nonexistent,-1.8,93.075,-47.1,1.365,5099.1,yes,0.5642043999175677
59,admin.,married,high.school,no,yes,no,cellular,aug,wed,1019,2,2,1,success,-2.9,92.201,-31.4,0.884,5076.2,yes,0.5625
21,student,single,university.degree,no,no,no,cellular,jun,fri,493,2,999,0,nonexistent,-2.9,92.963,-40.8,1.268,5076.2,yes,0.5625
33,technician,married,university.degree,no,no,no,cellular,sep,wed,216,1,999,0,nonexistent,-1.1,94.199,-37.5,0.876,4963.6,yes,0.5625
37,admin.,married,university.degree,no,no,no,cellular,nov,mon,282,2,6,1,success,-1.1,94.767,-50.8,1.05,4963.6,yes,0.5625
33,technician,single,professional.course,no,yes,no,cellular,sep,fri,395,1,999,0,nonexistent,-1.1,94.199,-37.5,0.879,4963.6,yes,0.56
33,technician,married,unknown,no,yes,yes,cellular,sep,thu,414,1,9,3,failure,-1.1,94.199,-37.5,0.879,4963.6,yes,0.56
49,technician,married,university.degree,no,no,no,cellular,may,thu,188,1,999,1,failure,-1.8,93.876,-40.0,0.699,5008.7,no,0.56
51,unemployed,married,high.school,no,yes,no,cellular,sep,wed,657,2,999,0,nonexistent,-3.4,92.379,-29.8,0.768,5017.5,no,0.56
22,student,single,high.school,no,yes,no,cellular,aug,thu,425,2,999,0,nonexistent,-2.9,92.201,-31.4,0.873,5076.2,yes,0.56
63,housemaid,married,basic.4y,no,yes,no,cellular,sep,wed,299,1,3,1,success,-3.4,92.379,-29.8,0.749,5017.5,yes,0.56
42,entrepreneur,married,basic.9y,no,unknown,unknown,cellular,mar,tue,133,1,999,0,nonexistent,-1.8,92.843,-50.0,1.799,5099.1,no,0.5575179557997925
51,services,married,high.school,no,yes,no,cellular,nov,mon,354,3,6,3,success,-1.1,94.767,-50.8,1.05,4963.6,no,0.5575
27,technician,single,university.degree,no,yes,no,cellular,aug,thu,250,3,999,5,failure,-1.7,94.027,-38.3,0.904,4991.6,no,0.5575
26,admin.,single,university.degree,no,no,no,cellular,mar,fri,81,1,7,4,failure,-1.8,93.369,-34.8,0.636,5008.7,no,0.5575
36,admin.,married,university.degree,no,yes,no,cellular,apr,thu,483,1,0,1,success,-1.8,93.075,-47.1,1.365,5099.1,yes,0.5572288315629742
23,blue-collar,single,basic.9y,no,yes,no,cellular,may,mon,672,1,999,0,nonexistent,-1.8,92.893,-46.2,1.299,5099.1,yes,0.5558882734169572
28,student,single,high.school,no,yes,no,cellular,aug,wed,188,1,999,0,nonexistent,-2.9,92.201,-31.4,0.879,5076.2,no,0.5540135399424126
53,admin.,divorced,high.school,no,no,no,cellular,oct,thu,209,1,999,0,nonexistent,-3.4,92.431,-26.9,0.722,5017.5,yes,0.5525
51,unemployed,divorced,high.school,no,no,no,cellular,dec,thu,112,2,999,0,nonexistent,-3.0,92.713,-33.0,0.714,5023.5,no,0.5525
29,admin.,single,university.degree,no,yes,no,cellular,aug,fri,296,1,999,0,nonexistent,1.4,93.444,-36.1,4.964,5228.1,no,0.5497089731371321
34,blue-collar,married,basic.9y,no,yes,no,cellular,aug,tue,298,2,999,0,nonexistent,-1.7,94.027,-38.3,0.886,4991.6,no,0.5475
24,student,single,high.school,no,no,no,cellular,jun,wed,288,6,6,1,success,-1.7,94.055,-39.8,0.727,4991.6,yes,0.5475
75,retired,married,university.degree,no,yes,no,cellular,jul,thu,229,1,999,2,failure,-1.7,94.215,-40.3,0.81,4991.6,yes,0.5475
71,retired,married,professional.course,no,yes,no,cellular,nov,tue,102,1,999,0,nonexistent,-3.4,92.649,-30.1,0.72,5017.5,yes,0.5475
28,admin.,single,university.degree,no,no,no,cellular,oct,fri,317,2,999,0,nonexistent,-3.4,92.431,-26.9,0.739,5017.5,no,0.5469933860630029
35,technician,married,professional.course,no,yes,yes,cellular,oct,wed,608,1,9,2,failure,-1.1,94.601,-49.5,0.959,4963.6,yes,0.5469932635138821
22,student,single,basic.9y,no,no,no,cellular,oct,fri,221,2,6,1,success,-3.4,92.431,-26.9,0.73,5017.5,yes,0.545
37,management,married,high.school,no,yes,no,cellular,aug,thu,633,1,999,0,nonexistent,-1.7,94.027,-38.3,0.904,4991.6,yes,0.545
37,admin.,single,university.degree,no,yes,yes,cellular,jun,tue,209,3,999,0,nonexistent,-1.7,94.055,-39.8,0.702,4991.6,no,0.545
30,admin.,married,university.degree,no,unknown,unknown,cellular,mar,mon,291,3,8,1,success,-1.8,92.843,-50.0,1.629,5099.1,no,0.545
74,retired,divorced,basic.4y,no,yes,no,cellular,oct,mon,102,3,3,2,success,-1.1,94.601,-49.5,1.0,4963.6,no,0.545
33,admin.,married,university.degree,no,no,no,cellular,oct,fri,18,1,999,0,nonexistent,-0.1,93.798,-40.4,4.76,5195.8,no,0.5448496243625425
60,retired,married,professional.course,no,yes,no,cellular,sep,thu,365,1,3,1,success,-3.4,92.379,-29.8,0.809,5017.5,yes,0.5425
98,retired,married,basic.4y,unknown,yes,no,cellular,oct,fri,476,1,2,2,success,-3.4,92.431,-26.9,0.73,5017.5,yes,0.5425
75,retired,married,basic.4y,no,no,no,cellular,apr,tue,109,1,999,1,failure,-1.8,93.075,-47.1,1.405,5099.1,yes,0.54
21,student,single,high.school,no,no,no,cellular,jun,wed,295,4,999,0,nonexistent,-2.9,92.963,-40.8,1.26,5076.2,no,0.54
43,services,married,high.school,no,no,yes,cellular,aug,tue,79,2,3,2,success,-2.9,92.201,-31.4,0.838,5076.2,no,0.54
61,retired,married,high.school,no,yes,no,cellular,sep,wed,117,1,3,1,success,-3.4,92.379,-29.8,0.753,5017.5,yes,0.54
76,housemaid,married,basic.4y,no,no,no,cellular,jun,tue,296,5,999,0,nonexistent,-1.7,94.055,-39.8,0.702,4991.6,yes,0.54
31,services,married,high.school,no,yes,no,cellular,jun,wed,591,2,999,0,nonexistent,-2.9,92.963,-40.8,1.26,5076.2,yes,0.5397141122913505
49,management,married,university.degree,no,no,yes,cellular,nov,tue,185,1,999,0,nonexistent,-3.4,92.649,-30.1,0.715,5017.5,no,0.5375
36,technician,married,professional.course,no,yes,no,cellular,aug,thu,92,2,999,1,failure,-2.9,92.201,-31.4,0.873,5076.2,no,0.5375
54,unemployed,married,high.school,no,yes,no,cellular,dec,wed,346,1,999,0,nonexistent,-3.0,92.713,-33.0,0.721,5023.5,yes,0.5375
46,admin.,divorced,university.degree,no,no,no,telephone,oct,mon,376,1,999,0,nonexistent,-0.1,93.798,-40.4,4.912,5195.8,yes,0.5372208649468893
64,retired,married,basic.4y,no,yes,no,cellular,apr,wed,104,1,999,2,failure,-1.8,93.075,-47.1,1.405,5099.1,yes,0.5367974646080994
33,blue-collar,married,professional.course,no,yes,no,cellular,jun,wed,90,1,999,0,nonexistent,-2.9,92.963,-40.8,1.26,5076.2,no,0.5363824631007205
33,blue-collar,married,professional.course,no,yes,no,cellular,jun,wed,88,1,999,0,nonexistent,-2.9,92.963,-40.8,1.26,5076.2,no,0.5363824631007205
47,admin.,married,high.school,no,yes,no,cellular,apr,fri,296,1,999,1,failure,-1.8,93.749,-34.6,0.645,5008.7,yes,0.535
78,retired,divorced,professional.course,no,yes,no,cellular,mar,tue,591,1,999,1,failure,-1.8,93.369,-34.8,0.655,5008.7,yes,0.535
75,retired,divorced,basic.4y,no,no,no,cellular,oct,thu,247,2,999,0,nonexistent,-3.4,92.431,-26.9,0.722,5017.5,no,0.535
57,management,married,university.degree,no,yes,no,cellular,aug,tue,71,1,5,2,failure,-2.9,92.201,-31.4,0.883,5076.2,no,0.5347144157814872
27,admin.,single,university.degree,no,no,no,cellular,sep,wed,397,1,999,0,nonexistent,-3.4,92.379,-29.8,0.781,5017.5,yes,0.5325
37,technician,married,professional.course,no,yes,no,telephone,apr,mon,481,1,999,0,nonexistent,-1.8,93.749,-34.6,0.642,5008.7,yes,0.5325
29,blue-collar,single,professional.course,no,yes,yes,cellular,mar,tue,176,1,999,0,nonexistent,-1.8,93.369,-34.8,0.652,5008.7,yes,0.5325
70,retired,married,basic.4y,no,yes,no,telephone,apr,tue,268,2,999,1,failure,-1.8,93.749,-34.6,0.642,5008.7,no,0.5325
24,admin.,single,university.degree,no,no,no,cellular,sep,thu,303,1,999,1,failure,-1.1,94.199,-37.5,0.879,4963.6,yes,0.5325
25,services,single,high.school,no,yes,no,cellular,oct,thu,287,1,999,0,nonexistent,-3.4,92.431,-26.9,0.733,5017.5,no,0.53222124430956
45,admin.,married,university.degree,no,no,no,cellular,jul,wed,194,1,13,1,success,-2.9,92.469,-33.6,1.029,5076.2,no,0.5322194233687405
52,housemaid,married,basic.6y,no,yes,no,cellular,aug,tue,112,1,999,0,nonexistent,1.4,93.444,-36.1,4.966,5228.1,no,0.5302309363730106
58,retired,divorced,professional.course,no,yes,no,cellular,jun,mon,470,1,999,0,nonexistent,-2.9,92.963,-40.8,1.266,5076.2,no,0.53
34,admin.,married,university.degree,no,no,no,cellular,oct,thu,401,1,999,0,nonexistent,-3.4,92.431,-26.9,0.722,5017.5,yes,0.53
62,retired,divorced,high.school,no,yes,no,cellular,jun,fri,201,4,999,0,nonexistent,-1.7,94.055,-39.8,0.732,4991.6,no,0.53
33,technician,married,professional.course,no,yes,yes,cellular,may,fri,62,2,999,0,nonexistent,-1.8,93.876,-40.0,0.684,5008.7,no,0.53
70,retired,married,unknown,no,yes,yes,cellular,apr,thu,96,1,999,0,nonexistent,-1.8,93.075,-47.1,1.41,5099.1,no,0.5275
33,admin.,single,university.degree,no,no,no,cellular,jun,tue,541,3,999,0,nonexistent,-2.9,92.963,-40.8,1.262,5076.2,yes,0.5275
24,blue-collar,single,basic.9y,no,unknown,unknown,cellular,jun,mon,128,1,3,1,success,-2.9,92.963,-40.8,1.266,5076.2,no,0.5261235543541752
60,admin.,married,university.degree,no,yes,no,cellular,may,mon,1602,2,999,0,nonexistent,-1.8,92.893,-46.2,1.354,5099.1,yes,0.525
27,blue-collar,single,university.degree,no,yes,no,cellular,apr,thu,246,2,999,0,nonexistent,-1.8,93.075,-47.1,1.365,5099.1,yes,0.525
58,retired,married,university.degree,no,yes,no,telephone,oct,fri,12,1,999,0,nonexistent,-0.1,93.798,-40.4,4.918,5195.8,no,0.525
74,retired,divorced,basic.4y,no,yes,no,cellular,aug,wed,536,1,13,1,success,-2.9,92.201,-31.4,0.854,5076.2,yes,0.525
33,technician,single,university.degree,no,yes,yes,cellular,jun,wed,203,2,999,0,nonexistent,-2.9,92.963,-40.8,1.26,5076.2,no,0.5226593585153687
51,admin.,divorced,high.school,no,no,no,cellular,aug,tue,83,1,6,2,failure,-2.9,92.201,-31.4,0.838,5076.2,no,0.5225
42,admin.,divorced,university.degree,no,yes,no,cellular,sep,wed,211,1,999,1,failure,-1.1,94.199,-37.5,0.886,4963.6,no,0.5223526906946475
30,admin.,married,university.degree,no,yes,no,cellular,apr,thu,243,3,999,0,nonexistent,-1.8,93.075,-47.1,1.483,5099.1,yes,0.5221340456775307
30,admin.,married,university.degree,no,yes,no,cellular,apr,thu,80,3,999,0,nonexistent,-1.8,93.075,-47.1,1.483,5099.1,no,0.5221340456775307
39,technician,single,university.degree,unknown,yes,no,cellular,oct,fri,217,1,999,0,nonexistent,-3.4,92.431,-26.9,0.72,5017.5,yes,0.52
34,self-employed,single,university.degree,no,no,yes,telephone,nov,tue,85,1,999,0,nonexistent,-3.4,92.649,-30.1,0.715,5017.5,yes,0.52
30,admin.,single,university.degree,no,yes,yes,telephone,oct,mon,718,1,999,0,nonexistent,-0.1,93.798,-40.4,5.0,5195.8,yes,0.5175
52,technician,married,professional.course,no,yes,yes,cellular,sep,tue,77,1,999,0,nonexistent,-3.4,92.379,-29.8,0.819,5017.5,no,0.5175
26,unemployed,single,university.degree,no,yes,no,cellular,apr,tue,136,3,999,0,nonexistent,-1.8,93.075,-47.1,1.423,5099.1,no,0.5157647205848475
28,unemployed,married,professional.course,no,no,no,telephone,aug,fri,140,11,999,0,nonexistent,-2.9,92.201,-31.4,0.869,5076.2,no,0.5147141122913506
95,retired,divorced,basic.6y,no,no,no,cellular,mar,thu,85,1,999,0,nonexistent,-1.8,92.843,-50.0,1.65,5099.1,no,0.5129148574683594
45,unemployed,married,high.school,no,no,no,cellular,sep,wed,1081,2,999,0,nonexistent,-1.1,94.199,-37.5,0.88,4963.6,yes,0.5125
80,retired,divorced,basic.4y,no,yes,yes,cellular,apr,wed,654,2,999,0,nonexistent,-1.8,93.749,-34.6,0.642,5008.7,yes,0.5125
61,retired,married,university.degree,no,no,no,telephone,aug,tue,249,2,3,1,success,-2.9,92.201,-31.4,0.859,5076.2,yes,0.51
46,entrepreneur,married,university.degree,no,yes,no,cellular,jul,thu,396,1,999,0,nonexistent,-2.9,92.469,-33.6,1.072,5076.2,yes,0.51
42,management,married,university.degree,no,yes,no,cellular,oct,mon,355,1,999,1,failure,-3.4,92.431,-26.9,0.731,5017.5,yes,0.51
38,technician,married,professional.course,no,yes,no,cellular,jun,tue,993,4,3,1,success,-2.9,92.963,-40.8,1.286,5076.2,yes,0.5091435143424138
84,retired,married,high.school,no,no,no,cellular,dec,tue,351,1,999,0,nonexistent,-3.0,92.713,-33.0,0.715,5023.5,yes,0.5090146536303574
30,student,single,university.degree,no,no,no,cellular,jul,tue,332,2,13,2,failure,-2.9,92.469,-33.6,0.908,5076.2,yes,0.505
85,retired,divorced,basic.4y,unknown,yes,no,cellular,dec,mon,321,3,6,1,success,-3.0,92.713,-33.0,0.715,5023.5,yes,0.505
29,admin.,married,university.degree,no,yes,no,cellular,may,mon,93,2,999,0,nonexistent,-1.8,92.893,-46.2,1.264,5099.1,no,0.5047183611532625
88,retired,divorced,basic.4y,no,yes,yes,cellular,mar,wed,103,3,999,0,nonexistent,-1.8,92.843,-50.0,1.663,5099.1,no,0.5042297142175017
25,services,single,high.school,no,yes,no,cellular,oct,thu,260,2,999,0,nonexistent,-3.4,92.431,-26.9,0.733,5017.5,yes,0.5025
57,admin.,married,high.school,no,yes,no,cellular,nov,mon,169,1,3,3,success,-3.4,92.649,-30.1,0.715,5017.5,yes,0.5025
20,student,single,basic.4y,no,yes,no,cellular,apr,thu,209,1,999,0,nonexistent,-1.8,93.075,-47.1,1.365,5099.1,no,0.5011066091833377
48,entrepreneur,married,university.degree,no,no,yes,cellular,aug,fri,295,2,4,2,success,-2.9,92.201,-31.4,0.881,5076.2,yes,0.5
24,services,single,high.school,no,no,no,cellular,jun,wed,150,1,999,0,nonexistent,-2.9,92.963,-40.8,1.26,5076.2,no,0.5
21,student,single,high.school,no,no,no,cellular,mar,tue,220,1,999,0,nonexistent,-1.8,92.843,-50.0,1.614,5099.1,yes,0.4998942858396787
28,management,single,university.degree,no,yes,no,cellular,jun,thu,1161,1,4,1,success,-2.9,92.963,-40.8,1.26,5076.2,yes,0.49782866556345695
29,admin.,married,high.school,no,yes,no,cellular,jun,wed,605,3,999,0,nonexistent,-1.7,94.055,-39.8,0.727,4991.6,yes,0.4975
35,technician,married,professional.course,no,yes,no,cellular,sep,thu,390,2,999,0,nonexistent,-1.1,94.199,-37.5,0.878,4963.6,no,0.4975
38,technician,single,university.degree,no,yes,no,cellular,dec,mon,329,2,999,0,nonexistent,-3.0,92.713,-33.0,0.717,5023.5,yes,0.4975
58,housemaid,single,professional.course,no,no,yes,cellular,apr,thu,335,1,999,0,nonexistent,-1.8,93.749,-34.6,0.64,5008.7,yes,0.4975
58,retired,married,high.school,no,no,no,cellular,aug,tue,585,4,999,0,nonexistent,-2.9,92.201,-31.4,0.838,5076.2,no,0.4975
48,admin.,married,high.school,no,yes,no,telephone,jun,mon,54,1,999,0,nonexistent,-1.7,94.055,-39.8,0.711,4991.6,no,0.495
38,entrepreneur,married,basic.6y,no,no,no,cellular,jun,tue,271,1,2,3,success,-1.7,94.055,-39.8,0.761,4991.6,yes,0.495
68,retired,married,basic.4y,unknown,yes,no,cellular,jun,mon,383,3,999,0,nonexistent,-1.7,94.055,-39.8,0.754,4991.6,no,0.495
27,technician,single,professional.course,no,no,no,cellular,jun,tue,136,2,999,0,nonexistent,-1.7,94.055,-39.8,0.737,4991.6,no,0.494851499075637
55,unemployed,married,basic.9y,no,no,no,cellular,oct,tue,131,1,999,0,nonexistent,-3.4,92.431,-26.9,0.728,5017.5,yes,0.4930030967362458
33,services,married,high.school,no,yes,no,cellular,apr,thu,239,1,999,0,nonexistent,-1.8,93.075,-47.1,1.365,5099.1,no,0.4925
53,technician,married,university.degree,no,no,yes,cellular,apr,thu,126,1,999,0,nonexistent,-1.8,93.075,-47.1,1.365,5099.1,no,0.4925
37,technician,single,university.degree,no,yes,no,cellular,jun,tue,96,1,999,0,nonexistent,-2.9,92.963,-40.8,1.262,5076.2,no,0.4901397512799416
18,student,single,basic.4y,no,yes,no,telephone,nov,tue,394,1,13,2,success,-1.1,94.767,-50.8,1.049,4963.6,yes,0.49
30,admin.,single,university.degree,no,no,no,telephone,may,wed,25,1,999,0,nonexistent,1.1,93.994,-36.4,4.856,5191.0,no,0.49
31,technician,single,university.degree,no,yes,no,cellular,aug,tue,128,5,999,0,nonexistent,1.4,93.444,-36.1,4.966,5228.1,no,0.4897219271623672
34,admin.,married,university.degree,no,yes,no,cellular,may,mon,304,1,999,0,nonexistent,-1.8,92.893,-46.2,1.264,5099.1,no,0.4875
21,student,single,high.school,no,no,no,cellular,aug,thu,236,3,999,0,nonexistent,-2.9,92.201,-31.4,0.873,5076.2,no,0.4875
56,retired,married,high.school,no,yes,yes,cellular,aug,tue,97,1,3,2,success,-2.9,92.201,-31.4,0.883,5076.2,no,0.4875
51,blue-collar,married,professional.course,no,yes,no,cellular,dec,wed,241,3,999,0,nonexistent,-3.0,92.713,-33.0,0.7,5023.5,yes,0.4875
45,blue-collar,married,high.school,no,yes,yes,cellular,nov,mon,449,2,5,3,success,-1.1,94.767,-50.8,1.05,4963.6,yes,0.4875
62,self-employed,married,university.degree,no,yes,yes,telephone,apr,thu,164,4,999,0,nonexistent,-1.8,93.075,-47.1,1.406,5099.1,no,0.4875
20,student,single,high.school,no,no,no,cellular,aug,thu,347,2,999,0,nonexistent,-2.9,92.201,-31.4,0.873,5076.2,no,0.4875
38,technician,married,university.degree,no,yes,yes,cellular,dec,wed,310,1,999,0,nonexistent,-3.0,92.713,-33.0,0.721,5023.5,yes,0.4875
25,admin.,married,unknown,no,no,no,cellular,nov,thu,110,1,999,1,failure,-3.4,92.649,-30.1,0.714,5017.5,yes,0.485
27,admin.,single,university.degree,no,yes,no,cellular,aug,fri,177,2,999,0,nonexistent,-1.7,94.027,-38.3,0.905,4991.6,yes,0.485
50,retired,married,basic.4y,no,unknown,unknown,cellular,jul,wed,236,1,999,0,nonexistent,1.4,93.918,-42.7,4.957,5228.1,no,0.485
33,technician,single,university.degree,no,yes,no,cellular,may,mon,340,1,999,1,failure,-1.8,92.893,-46.2,1.299,5099.1,no,0.485
21,admin.,single,university.degree,no,yes,no,cellular,aug,mon,89,2,4,1,success,-2.9,92.201,-31.4,0.884,5076.2,no,0.4825
45,retired,married,basic.4y,no,no,no,cellular,jul,wed,390,1,999,0,nonexistent,1.4,93.918,-42.7,4.963,5228.1,no,0.48234608073713714
78,retired,married,basic.4y,no,yes,yes,cellular,apr,tue,75,1,999,0,nonexistent,-1.8,93.075,-47.1,1.405,5099.1,no,0.48
58,admin.,single,university.degree,no,no,no,telephone,may,mon,1234,3,999,0,nonexistent,1.1,93.994,-36.4,4.857,5191.0,yes,0.48
60,retired,married,high.school,no,no,no,cellular,sep,wed,1640,1,999,0,nonexistent,-1.1,94.199,-37.5,0.876,4963.6,yes,0.48
32,technician,divorced,professional.course,no,yes,yes,cellular,mar,tue,460,1,999,0,nonexistent,-1.8,92.843,-50.0,1.556,5099.1,yes,0.48
34,admin.,single,university.degree,no,no,no,cellular,jun,mon,151,1,999,1,failure,-2.9,92.963,-40.8,1.266,5076.2,no,0.48
34,housemaid,single,basic.4y,no,yes,no,cellular,nov,tue,393,4,999,0,nonexistent,-3.4,92.649,-30.1,0.715,5017.5,yes,0.48
35,management,married,university.degree,no,yes,no,cellular,jun,tue,66,1,999,0,nonexistent,-2.9,92.963,-40.8,1.252,5076.2,no,0.4799154693192467
31,admin.,married,university.degree,no,yes,no,cellular,mar,tue,170,3,999,0,nonexistent,-1.8,92.843,-50.0,1.556,5099.1,yes,0.47940966162181875
26,technician,single,university.degree,no,no,no,cellular,oct,wed,649,1,999,0,nonexistent,-1.1,94.601,-49.5,0.959,4963.6,yes,0.4790160411663163
53,admin.,married,university.degree,no,yes,no,cellular,apr,tue,142,1,999,0,nonexistent,-1.8,93.075,-47.1,1.405,5099.1,no,0.4775999177129328
29,admin.,single,high.school,no,yes,yes,cellular,jun,mon,89,2,999,0,nonexistent,-2.9,92.963,-40.8,1.26,5076.2,yes,0.4775
30,technician,single,professional.course,no,no,no,cellular,sep,tue,221,2,999,1,failure,-1.1,94.199,-37.5,0.877,4963.6,yes,0.4775
30,admin.,single,university.degree,no,yes,yes,cellular,aug,tue,155,1,4,1,success,-2.9,92.201,-31.4,0.883,5076.2,no,0.4775
64,retired,married,unknown,no,no,no,cellular,aug,fri,252,4,999,0,nonexistent,-2.9,92.201,-31.4,0.849,5076.2,yes,0.4775
70,retired,married,basic.4y,no,yes,no,cellular,dec,wed,325,1,999,2,failure,-3.0,92.713,-33.0,0.715,5023.5,no,0.4775
21,student,single,high.school,no,no,no,cellular,aug,thu,185,2,4,2,success,-2.9,92.201,-31.4,0.873,5076.2,no,0.4775
53,technician,married,professional.course,no,no,no,cellular,sep,tue,103,1,999,1,failure,-3.4,92.379,-29.8,0.77,5017.5,no,0.47698738900691834
31,unknown,single,high.school,no,no,no,cellular,may,mon,140,5,6,2,success,-1.8,93.876,-40.0,0.701,5008.7,no,0.4768019809316801
64,retired,married,basic.4y,no,yes,no,cellular,mar,wed,262,2,999,0,nonexistent,-1.8,93.369,-34.8,0.634,5008.7,yes,0.475
29,blue-collar,single,professional.course,no,no,yes,cellular,mar,tue,207,2,999,1,failure,-1.8,93.369,-34.8,0.652,5008.7,yes,0.475
50,admin.,married,university.degree,no,unknown,unknown,cellular,may,wed,801,1,999,1,failure,-1.8,93.876,-40.0,0.682,5008.7,no,0.475
55,unemployed,married,basic.9y,no,yes,no,cellular,oct,tue,156,1,999,0,nonexistent,-3.4,92.431,-26.9,0.728,5017.5,no,0.4743994023613982
41,admin.,married,university.degree,no,yes,no,cellular,nov,fri,252,4,999,0,nonexistent,-1.1,94.767,-50.8,1.04,4963.6,yes,0.4725
29,admin.,single,university.degree,no,yes,no,cellular,jul,wed,276,1,999,0,nonexistent,-1.7,94.215,-40.3,0.84,4991.6,yes,0.4725
64,retired,married,basic.6y,no,yes,no,cellular,apr,thu,67,4,999,0,nonexistent,-1.8,93.075,-47.1,1.41,5099.1,no,0.4725
50,blue-collar,married,unknown,unknown,no,no,cellular,jul,thu,200,1,999,0,nonexistent,1.4,93.918,-42.7,4.958,5228.1,no,0.4721121132174074
27,admin.,single,high.school,no,yes,no,cellular,apr,fri,108,1,999,0,nonexistent,-1.8,93.075,-47.1,1.405,5099.1,yes,0.47
49,entrepreneur,single,university.degree,no,yes,no,cellular,aug,wed,78,6,5,1,success,-2.9,92.201,-31.4,0.834,5076.2,no,0.47
46,technician,married,professional.course,no,no,no,telephone,jun,fri,215,1,999,1,failure,-2.9,92.963,-40.8,1.268,5076.2,no,0.47
30,student,single,professional.course,no,yes,no,cellular,sep,mon,1616,4,19,1,success,-1.1,94.199,-37.5,0.879,4963.6,no,0.4675
32,admin.,married,university.degree,no,yes,no,cellular,aug,wed,80,2,999,0,nonexistent,-2.9,92.201,-31.4,0.854,5076.2,no,0.4675
30,student,single,basic.4y,no,yes,yes,cellular,mar,tue,70,2,999,0,nonexistent,-1.8,92.843,-50.0,1.687,5099.1,no,0.46705865314507017
21,student,single,high.school,no,yes,no,cellular,jun,mon,270,1,999,0,nonexistent,-1.7,94.055,-39.8,0.72,4991.6,yes,0.465
31,technician,married,university.degree,no,no,no,cellular,mar,wed,625,4,999,0,nonexistent,-1.8,93.369,-34.8,0.651,5008.7,no,0.465
38,admin.,married,high.school,no,yes,no,cellular,oct,thu,82,1,999,1,failure,-3.4,92.431,-26.9,0.754,5017.5,no,0.465
22,student,single,unknown,no,no,no,cellular,jun,mon,77,1,999,0,nonexistent,-2.9,92.963,-40.8,1.26,5076.2,no,0.465
31,blue-collar,single,basic.9y,no,no,no,cellular,may,thu,304,2,999,1,failure,-1.8,92.893,-46.2,1.266,5099.1,no,0.465
49,admin.,married,high.school,unknown,no,no,cellular,apr,mon,119,1,6,1,success,-1.8,93.749,-34.6,0.642,5008.7,no,0.465
26,admin.,single,university.degree,no,yes,no,cellular,sep,tue,201,1,999,0,nonexistent,-1.1,94.199,-37.5,0.881,4963.6,yes,0.4625
32,management,single,university.degree,no,no,no,cellular,jul,fri,237,2,999,1,failure,-1.7,94.215,-40.3,0.861,4991.6,no,0.4625
19,student,single,basic.4y,no,yes,no,cellular,may,thu,220,1,999,1,failure,-1.8,93.876,-40.0,0.677,5008.7,no,0.4625
34,services,married,basic.9y,no,no,no,cellular,jul,wed,604,1,999,0,nonexistent,-1.7,94.215,-40.3,0.84,4991.6,yes,0.4625
67,retired,married,basic.6y,no,no,no,cellular,aug,tue,460,2,999,0,nonexistent,-2.9,92.201,-31.4,0.859,5076.2,yes,0.46102313109797394
35,technician,single,university.degree,no,no,no,cellular,aug,tue,218,4,999,0,nonexistent,1.4,93.444,-36.1,4.966,5228.1,no,0.46
28,blue-collar,single,high.school,no,yes,yes,cellular,apr,thu,268,1,999,0,nonexistent,-1.8,93.075,-47.1,1.483,5099.1,yes,0.4599011982467199
43,technician,single,university.degree,no,no,yes,cellular,nov,fri,122,5,999,0,nonexistent,-3.4,92.649,-30.1,0.714,5017.5,no,0.4575
25,admin.,single,university.degree,no,no,yes,cellular,apr,fri,207,1,999,0,nonexistent,-1.8,93.749,-34.6,0.645,5008.7,no,0.4575
31,technician,married,university.degree,no,no,no,cellular,oct,tue,146,2,12,3,failure,-1.1,94.601,-49.5,0.982,4963.6,no,0.4575
62,retired,married,basic.4y,no,no,no,cellular,aug,mon,317,1,9,2,failure,-1.7,94.027,-38.3,0.898,4991.6,yes,0.455
32,technician,single,university.degree,no,yes,no,cellular,oct,tue,149,1,999,0,nonexistent,-3.4,92.431,-26.9,0.728,5017.5,yes,0.4526338944848345
39,entrepreneur,married,university.degree,no,yes,no,cellular,sep,tue,120,3,999,0,nonexistent,-1.1,94.199,-37.5,0.881,4963.6,no,0.4525
30,technician,single,professional.course,no,yes,no,cellular,sep,fri,789,2,999,0,nonexistent,-1.1,94.199,-37.5,0.883,4963.6,no,0.4525
85,retired,married,basic.4y,unknown,yes,no,cellular,apr,tue,129,3,999,0,nonexistent,-1.8,93.075,-47.1,1.405,5099.1,yes,0.4524370097416915
77,retired,divorced,unknown,no,yes,no,cellular,mar,tue,178,1,999,0,nonexistent,-1.8,92.843,-50.0,1.614,5099.1,yes,0.45242523637702503
30,blue-collar,single,university.degree,no,no,no,cellular,mar,fri,166,1,999,0,nonexistent,-1.8,92.843,-50.0,1.531,5099.1,no,0.4519952251023192
40,services,married,high.school,unknown,no,no,cellular,jun,wed,157,1,999,0,nonexistent,-2.9,92.963,-40.8,1.26,5076.2,no,0.4519931409714457
56,housemaid,married,high.school,no,no,no,cellular,may,mon,9,8,999,0,nonexistent,-1.8,92.893,-46.2,1.354,5099.1,no,0.45
30,unemployed,single,university.degree,no,yes,no,cellular,apr,wed,400,1,999,0,nonexistent,-1.8,93.075,-47.1,1.405,5099.1,yes,0.4499496168522786
30,services,divorced,high.school,no,no,no,cellular,may,mon,159,2,11,1,success,-1.8,92.893,-46.2,1.299,5099.1,no,0.4475
66,retired,married,high.school,no,no,no,cellular,mar,tue,618,1,999,0,nonexistent,-1.8,93.369,-34.8,0.646,5008.7,no,0.4475
26,student,single,basic.9y,no,yes,no,cellular,oct,tue,75,2,999,1,failure,-3.4,92.431,-26.9,0.742,5017.5,no,0.4475
46,unemployed,married,basic.9y,no,yes,yes,cellular,jun,tue,1210,4,999,1,failure,-2.9,92.963,-40.8,1.262,5076.2,yes,0.445
44,technician,married,university.degree,no,no,no,cellular,jun,wed,874,2,999,1,failure,-1.7,94.055,-39.8,0.715,4991.6,yes,0.445
86,retired,married,basic.4y,no,yes,no,cellular,sep,tue,288,3,999,0,nonexistent,-1.1,94.199,-37.5,0.881,4963.6,yes,0.445
66,retired,married,unknown,no,no,no,cellular,aug,wed,68,3,999,0,nonexistent,-2.9,92.201,-31.4,0.879,5076.2,no,0.445
30,technician,single,professional.course,no,yes,no,cellular,jun,tue,76,3,999,0,nonexistent,-2.9,92.963,-40.8,1.262,5076.2,no,0.445
22,student,single,professional.course,no,yes,no,cellular,aug,mon,162,2,999,1,failure,-2.9,92.201,-31.4,0.861,5076.2,yes,0.4425
25,admin.,single,university.degree,no,yes,yes,cellular,may,tue,82,1,999,0,nonexistent,-1.8,92.893,-46.2,1.266,5099.1,no,0.4425
28,admin.,single,high.school,no,no,no,telephone,mar,fri,234,2,999,0,nonexistent,-1.8,92.843,-50.0,1.531,5099.1,yes,0.4425
53,technician,married,university.degree,no,no,no,cellular,sep,thu,156,2,999,0,nonexistent,-1.1,94.199,-37.5,0.878,4963.6,yes,0.4425
57,admin.,divorced,university.degree,no,no,no,telephone,nov,wed,5,1,999,0,nonexistent,-0.1,93.2,-42.0,4.663,5195.8,no,0.4422208649468892
37,unemployed,single,university.degree,no,yes,no,cellular,mar,fri,432,1,999,0,nonexistent,-1.8,92.843,-50.0,1.64,5099.1,no,0.4413062095497443
27,admin.,single,university.degree,no,no,yes,cellular,jun,tue,154,1,999,0,nonexistent,-2.9,92.963,-40.8,1.262,5076.2,no,0.44
34,blue-collar,married,basic.9y,no,no,yes,cellular,aug,tue,447,1,999,1,failure,-1.7,94.027,-38.3,0.904,4991.6,yes,0.44
17,student,single,unknown,no,no,yes,cellular,oct,tue,896,1,2,2,success,-3.4,92.431,-26.9,0.742,5017.5,yes,0.44
69,retired,married,basic.6y,no,yes,no,cellular,nov,thu,355,3,999,0,nonexistent,-3.4,92.649,-30.1,0.716,5017.5,yes,0.44
31,services,single,university.degree,no,yes,no,telephone,aug,wed,701,1,999,0,nonexistent,-2.9,92.201,-31.4,0.879,5076.2,no,0.43942324381539694
57,blue-collar,divorced,basic.4y,no,no,no,cellular,jun,mon,233,1,12,1,success,-2.9,92.963,-40.8,1.266,5076.2,no,0.43730573392326044
27,admin.,single,high.school,no,no,no,cellular,jul,thu,113,2,999,2,failure,-1.7,94.215,-40.3,0.782,4991.6,no,0.4372236722306525
41,admin.,single,university.degree,no,unknown,unknown,cellular,apr,thu,1277,1,999,0,nonexistent,-1.8,93.075,-47.1,1.365,5099.1,yes,0.43721983826910993
83,retired,divorced,basic.4y,no,yes,yes,cellular,nov,tue,112,1,999,0,nonexistent,-3.4,92.649,-30.1,0.716,5017.5,no,0.4372129742033384
31,blue-collar,married,basic.9y,no,yes,no,cellular,may,mon,475,1,999,1,failure,-1.8,92.893,-46.2,1.299,5099.1,yes,0.43582557903024827
43,technician,married,professional.course,no,yes,no,cellular,jul,thu,1193,1,999,0,nonexistent,-1.7,94.215,-40.3,0.884,4991.6,yes,0.435
53,housemaid,married,high.school,no,yes,no,cellular,jun,fri,195,6,999,0,nonexistent,-1.7,94.055,-39.8,0.748,4991.6,no,0.435
33,admin.,single,unknown,no,no,no,cellular,mar,thu,196,3,999,1,failure,-1.8,93.369,-34.8,0.635,5008.7,no,0.435
68,retired,married,high.school,no,no,no,cellular,nov,mon,1248,2,999,1,failure,-3.4,92.649,-30.1,0.714,5017.5,yes,0.4347220030349014
22,blue-collar,single,basic.9y,no,yes,no,cellular,jun,mon,84,2,999,0,nonexistent,-2.9,92.963,-40.8,1.281,5076.2,no,0.43438650859273314
56,retired,divorced,university.degree,no,yes,no,cellular,apr,mon,529,3,999,0,nonexistent,-1.8,93.075,-47.1,1.405,5099.1,no,0.43323062675887647
32,services,single,high.school,no,yes,yes,cellular,aug,wed,253,1,4,2,success,-2.9,92.201,-31.4,0.884,5076.2,yes,0.4325
45,admin.,single,high.school,no,yes,no,cellular,may,mon,276,3,999,0,nonexistent,-1.8,92.893,-46.2,1.299,5099.1,no,0.4325
36,blue-collar,divorced,high.school,no,no,no,cellular,mar,mon,96,2,999,1,failure,-1.8,93.369,-34.8,0.639,5008.7,no,0.4325
28,admin.,single,university.degree,no,no,no,cellular,mar,fri,157,2,999,1,failure,-1.8,93.369,-34.8,0.636,5008.7,no,0.4325
41,technician,divorced,university.degree,no,yes,no,cellular,aug,fri,252,1,999,1,failure,-1.7,94.027,-38.3,0.905,4991.6,no,0.4323526906946475
81,retired,divorced,basic.4y,no,yes,no,cellular,dec,fri,166,3,999,0,nonexistent,-3.0,92.713,-33.0,0.714,5023.5,yes,0.43199277338423786
27,admin.,single,university.degree,no,no,no,cellular,may,fri,86,1,3,1,success,-1.8,92.893,-46.2,1.259,5099.1,no,0.43072502316037203
66,management,divorced,university.degree,no,no,no,cellular,sep,tue,679,1,1,1,success,-3.4,92.379,-29.8,0.788,5017.5,yes,0.43
29,admin.,single,university.degree,no,yes,no,cellular,jul,mon,110,2,999,1,failure,-1.7,94.215,-40.3,0.889,4991.6,no,0.43
79,retired,married,basic.4y,no,no,yes,cellular,nov,tue,149,1,999,0,nonexistent,-3.4,92.649,-30.1,0.72,5017.5,yes,0.43
26,technician,single,university.degree,no,yes,yes,cellular,may,fri,173,3,999,0,nonexistent,-1.8,92.893,-46.2,1.25,5099.1,no,0.42894652865016375
51,admin.,divorced,high.school,no,yes,no,cellular,aug,tue,192,1,6,1,success,-2.9,92.201,-31.4,0.838,5076.2,yes,0.4275
29,student,single,high.school,no,yes,yes,cellular,nov,thu,289,1,3,3,success,-1.1,94.767,-50.8,1.05,4963.6,yes,0.4275
63,retired,married,professional.course,no,no,no,cellular,dec,mon,83,4,999,0,nonexistent,-3.0,92.713,-33.0,0.706,5023.5,no,0.4275
49,admin.,married,high.school,no,no,no,cellular,sep,tue,495,1,3,1,success,-3.4,92.379,-29.8,0.788,5017.5,yes,0.4275
43,blue-collar,married,basic.9y,no,no,yes,cellular,may,mon,487,1,3,1,success,-1.8,92.893,-46.2,1.264,5099.1,yes,0.4275
33,admin.,single,university.degree,no,yes,no,cellular,jul,mon,175,4,999,0,nonexistent,-1.7,94.215,-40.3,0.793,4991.6,no,0.4275
43,services,married,basic.6y,no,no,no,cellular,sep,tue,115,1,999,0,nonexistent,-3.4,92.379,-29.8,0.75,5017.5,no,0.4273475761917795
43,technician,married,high.school,no,yes,no,cellular,sep,tue,260,1,3,1,success,-3.4,92.379,-29.8,0.788,5017.5,yes,0.425
74,retired,married,professional.course,no,yes,no,cellular,aug,thu,204,3,999,1,failure,-2.9,92.201,-31.4,0.873,5076.2,yes,0.425
39,blue-collar,single,basic.4y,no,yes,no,telephone,mar,tue,137,3,999,0,nonexistent,-1.8,92.843,-50.0,1.687,5099.1,no,0.425
64,housemaid,married,unknown,no,yes,no,telephone,may,wed,671,3,999,0,nonexistent,-1.8,93.876,-40.0,0.697,5008.7,yes,0.425
40,management,married,university.degree,no,yes,no,telephone,oct,wed,172,1,999,0,nonexistent,-3.4,92.431,-26.9,0.724,5017.5,no,0.425
37,self-employed,single,university.degree,no,yes,no,cellular,apr,thu,48,1,999,0,nonexistent,-1.8,93.075,-47.1,1.365,5099.1,no,0.4229250524800882
37,self-employed,single,university.degree,no,yes,no,cellular,apr,thu,465,1,999,0,nonexistent,-1.8,93.075,-47.1,1.365,5099.1,yes,0.4229250524800882
56,entrepreneur,married,university.degree,no,no,yes,cellular,apr,thu,488,1,999,0,nonexistent,-1.8,93.075,-47.1,1.365,5099.1,no,0.4225
36,management,married,university.degree,no,no,no,cellular,jun,thu,194,1,999,0,nonexistent,-2.9,92.963,-40.8,1.26,5076.2,yes,0.42188127326411684
30,admin.,married,university.degree,no,yes,no,cellular,apr,tue,496,1,999,0,nonexistent,-1.8,93.075,-47.1,1.423,5099.1,yes,0.42086643721854594
38,self-employed,married,professional.course,no,yes,no,cellular,apr,thu,779,2,999,0,nonexistent,-1.8,93.075,-47.1,1.365,5099.1,yes,0.42
74,retired,married,professional.course,no,no,no,cellular,aug,wed,298,1,999,0,nonexistent,-2.9,92.201,-31.4,0.879,5076.2,no,0.42
70,retired,married,professional.course,no,no,no,cellular,aug,fri,185,3,999,1,failure,-2.9,92.201,-31.4,0.869,5076.2,no,0.4175
47,technician,married,professional.course,no,yes,no,cellular,jun,fri,63,5,999,1,failure,-2.9,92.963,-40.8,1.224,5076.2,no,0.4175
92,retired,divorced,unknown,unknown,no,no,cellular,may,wed,405,3,999,1,failure,-1.8,93.876,-40.0,0.697,5008.7,yes,0.4175
33,blue-collar,single,basic.4y,no,yes,yes,cellular,apr,thu,460,1,999,0,nonexistent,-1.8,93.075,-47.1,1.365,5099.1,yes,0.4175
46,admin.,single,university.degree,no,yes,no,cellular,jul,thu,309,1,999,0,nonexistent,-2.9,92.469,-33.6,1.072,5076.2,yes,0.4175
39,technician,single,professional.course,no,no,no,cellular,jul,mon,690,3,999,0,nonexistent,1.4,93.918,-42.7,4.96,5228.1,no,0.4175
32,student,single,university.degree,no,no,no,cellular,mar,fri,61,11,999,0,nonexistent,-1.8,92.843,-50.0,1.64,5099.1,no,0.4173942858396787
33,admin.,single,high.school,no,yes,no,cellular,aug,fri,1088,3,999,0,nonexistent,-2.9,92.201,-31.4,0.881,5076.2,yes,0.415
60,admin.,married,university.degree,no,yes,no,cellular,mar,fri,558,1,999,0,nonexistent,-1.8,92.843,-50.0,1.531,5099.1,no,0.415
33,services,married,high.school,no,unknown,unknown,cellular,aug,thu,240,2,999,0,nonexistent,-2.9,92.201,-31.4,0.873,5076.2,no,0.415
38,admin.,married,university.degree,no,no,no,cellular,jul,fri,188,5,999,0,nonexistent,1.4,93.918,-42.7,4.962,5228.1,no,0.41471911987860394
53,management,divorced,university.degree,no,no,no,cellular,jun,mon,345,1,999,0,nonexistent,-1.7,94.055,-39.8,0.754,4991.6,yes,0.4143046971569839
30,admin.,married,university.degree,no,yes,no,cellular,aug,tue,120,3,999,1,failure,-2.9,92.201,-31.4,0.883,5076.2,no,0.4125
39,technician,single,professional.course,no,no,no,cellular,apr,wed,540,3,9,1,success,-1.8,93.075,-47.1,1.415,5099.1,no,0.4125
43,management,married,university.degree,no,no,no,cellular,jun,thu,185,1,999,0,nonexistent,-1.7,94.055,-39.8,0.742,4991.6,no,0.4125
48,admin.,married,professional.course,no,yes,no,cellular,apr,mon,333,1,7,1,success,-1.8,93.749,-34.6,0.642,5008.7,yes,0.4125
30,management,single,university.degree,no,no,no,cellular,nov,wed,493,1,999,0,nonexistent,-0.1,93.2,-42.0,4.12,5195.8,no,0.41171556971854384
49,management,married,university.degree,no,no,no,cellular,apr,wed,1214,1,999,0,nonexistent,-1.8,93.075,-47.1,1.415,5099.1,yes,0.410998074030731
38,entrepreneur,married,university.degree,no,no,no,cellular,nov,wed,144,2,999,0,nonexistent,-1.1,94.767,-50.8,1.03,4963.6,no,0.41
46,services,married,university.degree,no,yes,no,cellular,sep,wed,630,1,999,0,nonexistent,-1.1,94.199,-37.5,0.88,4963.6,yes,0.41
64,housemaid,married,basic.4y,no,yes,yes,cellular,dec,thu,336,5,999,0,nonexistent,-3.0,92.713,-33.0,0.714,5023.5,yes,0.41
53,technician,divorced,high.school,no,no,no,cellular,nov,thu,290,2,999,0,nonexistent,-0.1,93.2,-42.0,4.076,5195.8,no,0.41
46,admin.,married,high.school,no,yes,no,cellular,jul,tue,335,3,999,2,failure,-1.7,94.215,-40.3,0.797,4991.6,yes,0.4075
30,admin.,single,high.school,no,yes,no,cellular,may,thu,464,2,999,0,nonexistent,-1.8,92.893,-46.2,1.266,5099.1,no,0.4075
41,technician,married,university.degree,no,no,no,cellular,apr,tue,219,1,999,0,nonexistent,-1.8,93.075,-47.1,1.405,5099.1,no,0.40692625189681336
30,admin.,married,university.degree,no,no,no,telephone,oct,wed,313,1,999,0,nonexistent,-0.1,93.798,-40.4,4.827,5195.8,yes,0.40682063866799206
27,self-employed,single,university.degree,no,no,no,cellular,jun,tue,271,1,999,0,nonexistent,-2.9,92.963,-40.8,1.262,5076.2,no,0.405
31,technician,single,basic.9y,no,yes,no,cellular,may,thu,479,1,11,1,success,-1.8,92.893,-46.2,1.266,5099.1,yes,0.405
25,entrepreneur,single,university.degree,no,no,no,cellular,jul,tue,272,7,999,0,nonexistent,1.4,93.918,-42.7,4.961,5228.1,no,0.405
34,management,divorced,university.degree,no,yes,no,cellular,jul,tue,580,5,999,0,nonexistent,1.4,93.918,-42.7,4.961,5228.1,no,0.405
60,admin.,divorced,professional.course,no,yes,no,cellular,sep,wed,481,1,999,1,failure,-1.1,94.199,-37.5,0.886,4963.6,yes,0.405
58,technician,married,basic.9y,no,yes,no,cellular,aug,mon,324,1,999,0,nonexistent,-1.7,94.027,-38.3,0.904,4991.6,yes,0.405
35,technician,single,professional.course,no,no,no,cellular,jul,mon,562,4,999,0,nonexistent,-1.7,94.215,-40.3,0.827,4991.6,yes,0.405
44,services,married,high.school,no,no,no,cellular,oct,mon,95,3,999,0,nonexistent,-1.1,94.601,-49.5,1.0,4963.6,no,0.404853966239982
36,admin.,single,university.degree,no,no,no,cellular,apr,thu,208,12,999,1,failure,-1.8,93.075,-47.1,1.435,5099.1,no,0.4047204855842185
28,blue-collar,married,basic.4y,no,no,yes,cellular,may,wed,135,2,999,1,failure,-1.8,92.893,-46.2,1.281,5099.1,no,0.4047194233687405
29,admin.,single,university.degree,no,yes,no,cellular,apr,wed,216,1,999,0,nonexistent,-1.8,93.075,-47.1,1.445,5099.1,no,0.40321939950091557
51,services,married,high.school,no,no,no,cellular,may,tue,1267,1,999,1,failure,-1.8,93.876,-40.0,0.668,5008.7,yes,0.4025
27,student,single,unknown,no,yes,no,cellular,jun,tue,103,4,999,0,nonexistent,-2.9,92.963,-40.8,1.286,5076.2,no,0.4025
28,admin.,married,high.school,no,no,no,telephone,jun,wed,206,4,999,0,nonexistent,-2.9,92.963,-40.8,1.26,5076.2,yes,0.4025
29,technician,single,professional.course,no,unknown,unknown,cellular,nov,wed,257,2,999,1,failure,-3.4,92.649,-30.1,0.719,5017.5,no,0.4025
46,admin.,married,university.degree,no,no,no,cellular,mar,tue,269,3,999,0,nonexistent,-1.8,92.843,-50.0,1.556,5099.1,yes,0.4025
60,admin.,married,high.school,no,no,no,cellular,oct,tue,604,1,999,1,failure,-1.1,94.601,-49.5,1.037,4963.6,yes,0.40221168437025795
32,student,married,high.school,no,no,no,cellular,apr,thu,567,2,999,0,nonexistent,-1.8,93.075,-47.1,1.365,5099.1,yes,0.4006923967373671
49,admin.,single,university.degree,no,no,no,cellular,oct,thu,73,1,999,0,nonexistent,-3.4,92.431,-26.9,0.74,5017.5,no,0.4
37,technician,married,professional.course,no,no,no,cellular,aug,wed,157,3,4,2,success,-2.9,92.201,-31.4,0.884,5076.2,yes,0.4
46,admin.,married,university.degree,no,yes,no,cellular,aug,thu,164,1,999,0,nonexistent,-2.9,92.201,-31.4,0.873,5076.2,no,0.4
31,admin.,married,high.school,no,no,yes,cellular,aug,mon,155,2,4,1,success,-2.9,92.201,-31.4,0.884,5076.2,yes,0.4
31,admin.,married,university.degree,no,unknown,unknown,cellular,mar,tue,207,1,999,0,nonexistent,-1.8,93.369,-34.8,0.655,5008.7,yes,0.4
36,admin.,married,university.degree,no,yes,yes,cellular,aug,fri,96,1,999,1,failure,-2.9,92.201,-31.4,0.849,5076.2,no,0.4
30,housemaid,single,university.degree,no,no,no,cellular,sep,thu,103,2,999,0,nonexistent,-1.1,94.199,-37.5,0.878,4963.6,no,0.4
45,unemployed,married,basic.9y,no,no,no,cellular,jun,mon,232,2,999,0,nonexistent,-2.9,92.963,-40.8,1.266,5076.2,yes,0.4
30,student,single,university.degree,no,yes,no,cellular,dec,mon,256,1,999,0,nonexistent,-3.0,92.713,-33.0,0.706,5023.5,no,0.3982936575299223
32,admin.,married,high.school,no,yes,no,cellular,sep,mon,1298,1,999,0,nonexistent,-1.1,94.199,-37.5,0.879,4963.6,yes,0.3975
33,services,married,high.school,no,no,no,cellular,may,thu,192,1,999,1,failure,-1.8,93.876,-40.0,0.677,5008.7,yes,0.3975
32,admin.,married,university.degree,no,no,no,cellular,jun,tue,596,1,999,0,nonexistent,-2.9,92.963,-40.8,1.262,5076.2,yes,0.3975
30,services,single,high.school,no,no,no,cellular,may,mon,111,2,999,0,nonexistent,-1.8,92.893,-46.2,1.244,5099.1,no,0.3968384693316371
28,admin.,single,high.school,no,no,no,cellular,apr,thu,571,1,999,0,nonexistent,-1.8,93.075,-47.1,1.365,5099.1,yes,0.3964073807735099
65,technician,married,professional.course,no,no,no,cellular,sep,thu,263,1,999,0,nonexistent,-1.1,94.199,-37.5,0.879,4963.6,no,0.395
41,admin.,single,university.degree,no,yes,yes,telephone,dec,thu,273,1,999,1,failure,-3.0,92.713,-33.0,0.707,5023.5,no,0.395
76,retired,married,university.degree,no,yes,no,cellular,aug,thu,344,1,999,1,failure,-2.9,92.201,-31.4,0.873,5076.2,no,0.395
49,technician,married,professional.course,no,yes,no,cellular,aug,tue,75,1,999,1,failure,-2.9,92.201,-31.4,0.883,5076.2,no,0.395
24,student,single,high.school,no,no,no,telephone,jun,wed,132,1,999,0,nonexistent,1.4,94.465,-41.8,4.864,5228.1,no,0.39420600326962685
39,management,married,university.degree,no,yes,no,cellular,sep,thu,291,3,999,0,nonexistent,-1.1,94.199,-37.5,0.884,4963.6,yes,0.3925
47,management,married,basic.9y,no,no,no,cellular,jun,tue,132,4,999,0,nonexistent,-2.9,92.963,-40.8,1.262,5076.2,no,0.3925
30,admin.,married,high.school,no,yes,no,telephone,nov,thu,26,1,999,0,nonexistent,-0.1,93.2,-42.0,4.592,5195.8,no,0.3925
43,blue-collar,married,professional.course,no,yes,yes,cellular,jun,thu,1720,1,999,0,nonexistent,-1.7,94.055,-39.8,0.729,4991.6,yes,0.3925
22,admin.,single,university.degree,no,unknown,unknown,cellular,jun,tue,835,2,999,0,nonexistent,-2.9,92.963,-40.8,1.286,5076.2,no,0.3925
29,self-employed,single,university.degree,no,yes,no,cellular,jun,mon,167,2,999,1,failure,-1.7,94.055,-39.8,0.72,4991.6,yes,0.3925
28,self-employed,single,university.degree,no,yes,yes,cellular,mar,wed,217,1,999,1,failure,-1.8,93.369,-34.8,0.651,5008.7,no,0.3925
22,student,single,high.school,no,yes,yes,cellular,may,mon,1370,3,999,0,nonexistent,-1.8,92.893,-46.2,1.354,5099.1,yes,0.3923516268004116
50,management,divorced,university.degree,no,no,no,cellular,jul,mon,85,3,999,0,nonexistent,1.4,93.918,-42.7,4.962,5228.1,no,0.3922235963581183
29,admin.,married,university.degree,no,yes,no,cellular,may,mon,87,2,999,0,nonexistent,-1.8,92.893,-46.2,1.244,5099.1,no,0.39221836115326253
60,retired,married,basic.4y,no,no,no,cellular,oct,mon,599,1,999,1,failure,-3.4,92.431,-26.9,0.739,5017.5,no,0.3914626258730579
88,retired,divorced,basic.4y,no,yes,no,cellular,oct,wed,180,1,999,0,nonexistent,-3.4,92.431,-26.9,0.735,5017.5,no,0.39071102538463437
32,admin.,married,high.school,no,no,no,cellular,mar,thu,115,2,999,0,nonexistent,-1.8,92.843,-50.0,1.757,5099.1,no,0.39050240424695637
53,housemaid,married,basic.4y,no,no,yes,cellular,jun,tue,263,2,999,0,nonexistent,-2.9,92.963,-40.8,1.252,5076.2,yes,0.39
28,technician,single,university.degree,no,yes,no,cellular,mar,mon,76,2,999,0,nonexistent,-1.8,92.843,-50.0,1.811,5099.1,no,0.39
74,retired,married,basic.4y,unknown,yes,no,cellular,aug,mon,467,2,6,1,success,-2.9,92.201,-31.4,0.843,5076.2,yes,0.39
30,technician,divorced,university.degree,no,no,no,cellular,aug,mon,66,5,999,0,nonexistent,1.4,93.444,-36.1,4.965,5228.1,no,0.3875
48,admin.,married,high.school,no,no,no,telephone,oct,mon,312,1,999,0,nonexistent,-0.1,93.798,-40.4,5.0,5195.8,yes,0.3875
29,admin.,married,university.degree,no,no,no,cellular,aug,thu,111,5,999,0,nonexistent,-2.9,92.201,-31.4,0.873,5076.2,no,0.3875
38,entrepreneur,married,unknown,unknown,yes,no,cellular,may,tue,145,1,999,0,nonexistent,-1.8,92.893,-46.2,1.291,5099.1,no,0.3875
33,technician,married,university.degree,no,yes,no,cellular,mar,tue,56,2,999,0,nonexistent,-1.8,92.843,-50.0,1.687,5099.1,no,0.3870548981213652
21,student,single,basic.9y,no,yes,no,cellular,mar,wed,136,2,999,1,failure,-1.8,93.369,-34.8,0.655,5008.7,yes,0.3869908139344709
24,student,single,high.school,no,yes,no,cellular,dec,thu,726,3,999,0,nonexistent,-3.0,92.713,-33.0,0.712,5023.5,yes,0.38562378228627897
44,admin.,single,university.degree,no,no,no,cellular,aug,thu,492,1,999,2,failure,-1.7,94.027,-38.3,0.904,4991.6,no,0.385
71,retired,married,professional.course,no,yes,yes,telephone,nov,tue,383,1,999,0,nonexistent,-3.4,92.649,-30.1,0.72,5017.5,yes,0.385
28,admin.,single,high.school,no,yes,no,cellular,may,thu,457,2,999,1,failure,-1.8,93.876,-40.0,0.683,5008.7,no,0.385
20,student,single,high.school,no,no,no,cellular,aug,fri,190,2,999,1,failure,-2.9,92.201,-31.4,0.869,5076.2,no,0.385
52,admin.,married,unknown,no,no,no,telephone,sep,tue,513,13,14,2,failure,-3.4,92.379,-29.8,0.819,5017.5,no,0.385
32,admin.,single,university.degree,no,yes,no,telephone,nov,fri,135,1,999,0,nonexistent,-3.4,92.649,-30.1,0.714,5017.5,yes,0.385
24,admin.,single,high.school,no,yes,yes,cellular,mar,wed,224,1,999,0,nonexistent,-1.8,92.843,-50.0,1.602,5099.1,yes,0.38429690443135994
29,admin.,single,university.degree,no,no,no,cellular,apr,wed,548,2,999,0,nonexistent,-1.8,93.075,-47.1,1.445,5099.1,yes,0.38404593486262906
26,admin.,married,unknown,no,no,no,cellular,mar,thu,359,1,999,1,failure,-1.8,93.369,-34.8,0.643,5008.7,no,0.3825
31,admin.,divorced,university.degree,no,yes,no,cellular,may,mon,226,1,999,0,nonexistent,-1.8,92.893,-46.2,1.354,5099.1,yes,0.3825
43,management,married,high.school,no,yes,no,cellular,nov,thu,177,1,999,1,failure,-3.4,92.649,-30.1,0.714,5017.5,no,0.3825
48,admin.,married,high.school,no,yes,no,cellular,aug,mon,40,4,999,0,nonexistent,1.4,93.444,-36.1,4.965,5228.1,no,0.3825
26,student,single,high.school,no,no,no,telephone,jun,wed,219,1,999,0,nonexistent,1.4,94.465,-41.8,4.864,5228.1,no,0.3825
33,admin.,single,high.school,unknown,no,no,cellular,may,thu,1723,1,12,1,success,-1.8,92.893,-46.2,1.266,5099.1,yes,0.38180575477297457
26,self-employed,single,university.degree,no,yes,no,cellular,sep,thu,333,1,999,0,nonexistent,-1.1,94.199,-37.5,0.878,4963.6,no,0.38
22,technician,single,professional.course,no,yes,no,cellular,aug,tue,122,1,999,0,nonexistent,-1.7,94.027,-38.3,0.904,4991.6,no,0.38
51,entrepreneur,married,basic.4y,no,no,no,cellular,oct,tue,626,1,999,1,failure,-3.4,92.431,-26.9,0.737,5017.5,no,0.3791237706565041
30,admin.,married,university.degree,no,no,no,cellular,nov,tue,95,1,999,0,nonexistent,-0.1,93.2,-42.0,4.7,5195.8,no,0.37847954074455276
75,retired,married,basic.9y,no,no,no,cellular,oct,mon,120,1,999,0,nonexistent,-3.4,92.431,-26.9,0.743,5017.5,no,0.3775897063014512
36,unemployed,married,unknown,unknown,no,no,cellular,sep,wed,344,1,999,1,failure,-3.4,92.379,-29.8,0.781,5017.5,yes,0.3775
42,technician,married,high.school,no,no,no,cellular,nov,mon,103,2,999,1,failure,-0.1,93.2,-42.0,4.191,5195.8,no,0.3775
32,admin.,single,university.degree,no,no,no,cellular,oct,wed,371,1,999,0,nonexistent,-3.4,92.431,-26.9,0.724,5017.5,yes,0.3775
29,technician,single,basic.9y,no,unknown,unknown,telephone,apr,mon,116,1,999,0,nonexistent,-1.8,93.075,-47.1,1.405,5099.1,no,0.3775
39,technician,married,professional.course,no,yes,no,telephone,jun,thu,233,2,999,0,nonexistent,1.4,94.465,-41.8,4.961,5228.1,no,0.3775
58,retired,married,high.school,no,no,no,cellular,aug,tue,360,5,999,0,nonexistent,-2.9,92.201,-31.4,0.838,5076.2,no,0.3775
37,technician,single,professional.course,no,no,no,cellular,may,tue,89,1,999,0,nonexistent,-1.8,92.893,-46.2,1.266,5099.1,no,0.3766529746166465
94,retired,married,basic.9y,no,no,no,cellular,nov,wed,134,1,999,1,failure,-3.4,92.649,-30.1,0.716,5017.5,no,0.375
32,admin.,single,university.degree,no,yes,no,telephone,jul,fri,123,4,999,0,nonexistent,-2.9,92.469,-33.6,1.007,5076.2,no,0.375
51,technician,married,professional.course,no,yes,no,cellular,may,mon,8,4,999,0,nonexistent,-1.8,92.893,-46.2,1.354,5099.1,no,0.375
36,admin.,single,university.degree,no,no,no,cellular,oct,wed,146,1,999,1,failure,-3.4,92.431,-26.9,0.742,5017.5,no,0.375
52,management,married,high.school,no,yes,yes,cellular,aug,tue,167,1,10,4,failure,-2.9,92.201,-31.4,0.883,5076.2,yes,0.37472048558421844
51,blue-collar,married,basic.4y,no,yes,yes,telephone,dec,mon,170,1,999,0,nonexistent,-0.2,92.756,-45.9,3.488,5176.3,no,0.3725
56,retired,divorced,university.degree,no,yes,no,cellular,apr,mon,199,5,9,1,success,-1.8,93.075,-47.1,1.405,5099.1,no,0.37
52,admin.,divorced,university.degree,no,no,no,cellular,nov,tue,213,1,999,0,nonexistent,-3.4,92.649,-30.1,0.715,5017.5,yes,0.37
53,management,married,university.degree,no,no,no,cellular,aug,tue,864,3,999,0,nonexistent,1.4,93.444,-36.1,4.966,5228.1,no,0.37
69,services,married,unknown,no,no,no,telephone,jul,wed,396,2,999,0,nonexistent,-2.9,92.469,-33.6,1.029,5076.2,no,0.37
43,technician,married,high.school,no,no,no,cellular,may,fri,223,1,3,1,success,-1.8,92.893,-46.2,1.259,5099.1,yes,0.37
20,student,single,unknown,no,yes,no,cellular,jun,wed,213,1,999,0,nonexistent,-2.9,92.963,-40.8,1.26,5076.2,yes,0.37
34,technician,single,university.degree,no,yes,no,cellular,mar,mon,253,2,999,1,failure,-1.8,92.843,-50.0,1.52,5099.1,no,0.37
33,admin.,married,university.degree,no,yes,no,cellular,nov,tue,510,1,999,1,failure,-1.1,94.767,-50.8,1.035,4963.6,no,0.37
61,admin.,married,high.school,no,yes,no,cellular,oct,mon,146,4,999,0,nonexistent,-1.1,94.601,-49.5,0.977,4963.6,no,0.37
49,management,married,university.degree,no,no,no,cellular,jun,mon,164,1,999,0,nonexistent,-2.9,92.963,-40.8,1.266,5076.2,no,0.37
30,services,single,high.school,no,yes,no,cellular,apr,wed,247,2,999,0,nonexistent,-1.8,93.075,-47.1,1.498,5099.1,no,0.36972048558421844
59,blue-collar,married,basic.4y,no,yes,no,cellular,mar,mon,124,2,999,0,nonexistent,-1.8,93.369,-34.8,0.652,5008.7,yes,0.3675
35,technician,married,professional.course,no,yes,no,telephone,jun,fri,366,1,999,0,nonexistent,-2.9,92.963,-40.8,1.268,5076.2,yes,0.3675
60,admin.,married,university.degree,no,yes,no,cellular,may,mon,226,2,11,1,success,-1.8,92.893,-46.2,1.354,5099.1,yes,0.3675
66,retired,married,basic.6y,no,yes,no,cellular,aug,thu,267,1,999,0,nonexistent,-2.9,92.201,-31.4,0.851,5076.2,yes,0.3675
59,retired,married,unknown,no,unknown,unknown,cellular,aug,wed,177,1,999,0,nonexistent,-2.9,92.201,-31.4,0.884,5076.2,no,0.3675
34,admin.,married,university.degree,no,no,no,cellular,may,fri,145,1,999,2,failure,-1.8,93.876,-40.0,0.695,5008.7,no,0.3675
31,technician,married,unknown,no,no,no,cellular,nov,fri,498,1,999,1,failure,-3.4,92.649,-30.1,0.714,5017.5,yes,0.3675
61,retired,married,professional.course,no,no,no,cellular,aug,tue,219,1,999,0,nonexistent,-2.9,92.201,-31.4,0.884,5076.2,yes,0.367074427264134
43,technician,married,professional.course,no,no,no,cellular,sep,tue,293,1,999,0,nonexistent,-3.4,92.379,-29.8,0.788,5017.5,yes,0.36633429611855317
30,admin.,single,university.degree,no,no,no,cellular,nov,fri,171,1,999,0,nonexistent,-0.1,93.2,-42.0,4.021,5195.8,no,0.36624695067231394
27,management,married,university.degree,no,no,no,cellular,apr,mon,444,1,999,0,nonexistent,-1.8,93.075,-47.1,1.392,5099.1,yes,0.3651029814026371
27,management,married,university.degree,no,no,no,cellular,apr,mon,54,1,999,0,nonexistent,-1.8,93.075,-47.1,1.392,5099.1,no,0.3651029814026371
37,blue-collar,married,basic.4y,unknown,yes,no,telephone,may,wed,147,3,999,0,nonexistent,1.1,93.994,-36.4,4.859,5191.0,no,0.365
30,blue-collar,single,professional.course,no,no,no,cellular,may,tue,165,1,999,1,failure,-1.8,93.876,-40.0,0.668,5008.7,no,0.365
38,services,single,high.school,no,no,no,cellular,sep,fri,256,2,999,0,nonexistent,-1.1,94.199,-37.5,0.878,4963.6,yes,0.365
37,blue-collar,single,high.school,no,yes,no,cellular,nov,mon,128,1,999,0,nonexistent,-3.4,92.649,-30.1,0.722,5017.5,no,0.365
75,retired,divorced,basic.4y,unknown,yes,no,cellular,oct,thu,502,1,999,0,nonexistent,-3.4,92.431,-26.9,0.754,5017.5,yes,0.3648529033709309
29,blue-collar,single,basic.6y,no,no,no,cellular,aug,fri,260,3,999,0,nonexistent,-2.9,92.201,-31.4,0.869,5076.2,yes,0.3625
34,admin.,single,high.school,no,yes,no,cellular,may,wed,653,1,11,1,success,-1.8,92.893,-46.2,1.334,5099.1,yes,0.3625
72,retired,married,basic.4y,no,yes,no,cellular,jul,fri,582,2,999,1,failure,-1.7,94.215,-40.3,0.822,4991.6,no,0.3625
42,unemployed,married,unknown,no,no,no,cellular,aug,thu,175,4,999,0,nonexistent,-2.9,92.201,-31.4,0.883,5076.2,yes,0.3625
56,retired,married,university.degree,no,yes,yes,cellular,mar,mon,104,2,999,0,nonexistent,-1.8,92.843,-50.0,1.629,5099.1,no,0.3625
36,admin.,single,university.degree,no,yes,yes,cellular,jun,wed,1407,1,999,0,nonexistent,-1.7,94.055,-39.8,0.739,4991.6,yes,0.3625
47,services,single,unknown,no,unknown,unknown,cellular,mar,thu,394,2,999,0,nonexistent,-1.8,93.369,-34.8,0.643,5008.7,no,0.3625
39,blue-collar,married,basic.9y,no,no,no,cellular,aug,wed,394,1,999,0,nonexistent,-2.9,92.201,-31.4,0.884,5076.2,yes,0.36121545364651864
57,technician,married,professional.course,no,yes,no,cellular,apr,tue,232,1,999,0,nonexistent,-1.8,93.075,-47.1,1.423,5099.1,no,0.3601690504874337
57,technician,married,professional.course,no,yes,no,cellular,apr,tue,324,1,999,0,nonexistent,-1.8,93.075,-47.1,1.423,5099.1,yes,0.3601690504874337
36,admin.,married,university.degree,no,yes,no,cellular,apr,thu,96,4,999,0,nonexistent,-1.8,93.075,-47.1,1.435,5099.1,no,0.36
64,unknown,married,unknown,no,yes,no,telephone,aug,fri,239,4,999,0,nonexistent,-1.7,94.027,-38.3,0.905,4991.6,yes,0.36
51,unemployed,married,basic.6y,no,yes,no,cellular,jun,thu,262,2,999,0,nonexistent,-2.9,92.963,-40.8,1.26,5076.2,yes,0.36
31,services,married,basic.9y,no,no,no,cellular,apr,mon,643,3,999,0,nonexistent,-1.8,93.075,-47.1,1.405,5099.1,no,0.36
63,technician,married,unknown,no,no,no,cellular,aug,tue,47,1,999,1,failure,-2.9,92.201,-31.4,0.838,5076.2,no,0.35948738900691835
27,admin.,single,university.degree,no,no,no,cellular,may,mon,409,1,1,1,success,-1.8,92.893,-46.2,1.299,5099.1,no,0.358202821682204
23,admin.,single,high.school,no,yes,no,cellular,apr,thu,132,1,999,0,nonexistent,-1.8,93.075,-47.1,1.365,5099.1,no,0.3575
30,blue-collar,single,basic.9y,no,no,no,cellular,may,thu,151,2,999,1,failure,-1.8,92.893,-46.2,1.266,5099.1,no,0.3575
41,services,married,high.school,no,unknown,unknown,cellular,aug,wed,301,1,999,0,nonexistent,-2.9,92.201,-31.4,0.879,5076.2,no,0.3575
41,admin.,divorced,high.school,no,yes,no,cellular,nov,fri,199,2,999,0,nonexistent,-0.1,93.2,-42.0,4.021,5195.8,no,0.3575
31,admin.,divorced,university.degree,no,yes,yes,cellular,may,mon,79,3,999,0,nonexistent,-1.8,92.893,-46.2,1.354,5099.1,no,0.3575
58,retired,divorced,high.school,no,yes,no,cellular,apr,mon,75,2,999,0,nonexistent,-1.8,93.075,-47.1,1.466,5099.1,no,0.3575
31,self-employed,single,university.degree,no,yes,no,cellular,oct,fri,91,1,999,1,failure,-3.4,92.431,-26.9,0.73,5017.5,no,0.3575
71,retired,married,basic.4y,no,no,no,cellular,oct,thu,250,2,999,2,failure,-3.4,92.431,-26.9,0.754,5017.5,no,0.3575
64,retired,married,unknown,no,yes,no,cellular,aug,fri,171,3,999,1,failure,-2.9,92.201,-31.4,0.849,5076.2,no,0.3575
30,technician,single,professional.course,no,yes,no,telephone,oct,fri,169,2,999,0,nonexistent,-3.4,92.431,-26.9,0.739,5017.5,no,0.35670577565202444
75,retired,married,unknown,no,no,no,cellular,sep,tue,191,1,999,1,failure,-3.4,92.379,-29.8,0.788,5017.5,yes,0.355
19,student,single,unknown,no,yes,yes,cellular,apr,tue,278,3,999,0,nonexistent,-1.8,93.075,-47.1,1.405,5099.1,yes,0.355
55,retired,married,high.school,no,no,no,telephone,may,wed,302,1,999,0,nonexistent,1.1,93.994,-36.4,4.857,5191.0,no,0.355
36,technician,single,professional.course,no,no,no,cellular,jun,fri,146,2,999,0,nonexistent,-2.9,92.963,-40.8,1.268,5076.2,yes,0.355
42,admin.,single,university.degree,no,yes,yes,cellular,jul,wed,122,1,999,0,nonexistent,-2.9,92.469,-33.6,1.029,5076.2,no,0.355
39,technician,married,university.degree,no,yes,no,cellular,jun,mon,713,2,999,0,nonexistent,-1.7,94.055,-39.8,0.72,4991.6,yes,0.355
43,blue-collar,married,basic.9y,no,yes,no,cellular,dec,tue,689,2,999,0,nonexistent,-3.0,92.713,-33.0,0.707,5023.5,yes,0.35336631754726155
73,retired,divorced,professional.course,unknown,yes,no,cellular,jul,thu,131,2,999,0,nonexistent,-1.7,94.215,-40.3,0.81,4991.6,no,0.3525
27,unemployed,married,high.school,no,no,yes,cellular,nov,tue,222,3,999,1,failure,-3.4,92.649,-30.1,0.72,5017.5,no,0.3525
33,services,single,high.school,no,yes,no,cellular,jul,tue,286,1,999,0,nonexistent,1.4,93.918,-42.7,4.962,5228.1,no,0.3525
58,services,married,high.school,no,yes,no,telephone,mar,mon,113,4,999,0,nonexistent,-1.8,93.369,-34.8,0.635,5008.7,no,0.3525
50,management,married,university.degree,no,yes,no,telephone,oct,thu,258,1,999,1,failure,-3.4,92.431,-26.9,0.754,5017.5,no,0.3525
56,blue-collar,divorced,basic.4y,no,no,no,cellular,nov,thu,134,1,999,0,nonexistent,-3.4,92.649,-30.1,0.714,5017.5,yes,0.3525
31,technician,single,high.school,no,yes,yes,cellular,aug,tue,559,2,999,0,nonexistent,1.4,93.444,-36.1,4.966,5228.1,yes,0.35210208609269217
34,technician,single,university.degree,no,yes,yes,cellular,jul,tue,113,1,999,0,nonexistent,1.4,93.918,-42.7,4.962,5228.1,no,0.35151196809108626
73,retired,divorced,basic.4y,no,no,yes,cellular,apr,tue,342,1,999,0,nonexistent,-1.8,93.075,-47.1,1.423,5099.1,yes,0.35142519467308536
29,admin.,single,university.degree,no,yes,no,cellular,aug,fri,107,1,999,0,nonexistent,-2.9,92.201,-31.4,0.881,5076.2,no,0.35066041347408367
59,retired,married,basic.6y,no,no,no,cellular,may,mon,233,2,999,0,nonexistent,-1.8,92.893,-46.2,1.354,5099.1,no,0.35
58,retired,divorced,basic.4y,unknown,no,no,cellular,jul,wed,303,1,999,0,nonexistent,1.4,93.918,-42.7,4.957,5228.1,no,0.35
45,blue-collar,married,basic.9y,no,no,no,cellular,jun,mon,177,2,999,0,nonexistent,-2.9,92.963,-40.8,1.266,5076.2,yes,0.35
29,technician,single,university.degree,no,no,yes,cellular,jul,tue,293,1,999,0,nonexistent,1.4,93.918,-42.7,4.962,5228.1,no,0.35
57,technician,married,professional.course,no,yes,no,cellular,nov,thu,302,4,999,0,nonexistent,-0.1,93.2,-42.0,4.076,5195.8,no,0.35
33,blue-collar,married,basic.9y,no,yes,no,cellular,may,tue,482,1,999,0,nonexistent,-1.8,92.893,-46.2,1.266,5099.1,yes,0.35
25,services,single,high.school,no,yes,no,telephone,jul,thu,312,2,999,2,failure,-1.7,94.215,-40.3,0.81,4991.6,no,0.35
34,management,single,university.degree,no,yes,yes,cellular,nov,thu,125,2,999,0,nonexistent,-0.1,93.2,-42.0,4.076,5195.8,no,0.3495762302666459
44,blue-collar,single,professional.course,no,no,no,cellular,mar,mon,239,1,999,0,nonexistent,-1.8,92.843,-50.0,1.811,5099.1,yes,0.3492210335928085
26,unemployed,single,university.degree,no,yes,no,telephone,apr,tue,300,3,999,0,nonexistent,-1.8,93.075,-47.1,1.423,5099.1,yes,0.3487079321317615
17,student,single,basic.9y,no,yes,no,cellular,aug,fri,92,3,4,2,success,-2.9,92.201,-31.4,0.869,5076.2,no,0.3475
39,blue-collar,married,basic.9y,no,yes,no,cellular,sep,mon,791,3,999,0,nonexistent,-1.1,94.199,-37.5,0.882,4963.6,no,0.3475
27,admin.,single,unknown,no,no,no,cellular,mar,mon,291,1,999,3,failure,-1.8,93.369,-34.8,0.639,5008.7,yes,0.3475
32,management,married,university.degree,no,no,no,cellular,nov,tue,107,1,999,0,nonexistent,-3.4,92.649,-30.1,0.716,5017.5,no,0.3475
59,admin.,married,unknown,no,no,no,cellular,jun,tue,245,1,999,0,nonexistent,-2.9,92.963,-40.8,1.262,5076.2,yes,0.3475
29,blue-collar,single,basic.9y,no,no,yes,cellular,oct,wed,107,2,999,0,nonexistent,-3.4,92.431,-26.9,0.735,5017.5,yes,0.34735362621476185
66,unemployed,single,basic.4y,no,no,no,telephone,apr,thu,56,1,999,0,nonexistent,-1.8,93.075,-47.1,1.365,5099.1,no,0.34713798036543414
29,technician,single,professional.course,no,yes,no,cellular,nov,fri,38,2,999,1,failure,-0.1,93.2,-42.0,4.021,5195.8,no,0.3466405159332322
78,retired,divorced,basic.6y,no,no,no,telephone,oct,fri,177,2,999,0,nonexistent,-3.4,92.431,-26.9,0.72,5017.5,no,0.345
37,student,single,unknown,no,no,no,cellular,jun,fri,99,1,999,0,nonexistent,-2.9,92.963,-40.8,1.268,5076.2,no,0.345
49,housemaid,single,university.degree,no,no,yes,cellular,dec,mon,334,3,999,0,nonexistent,-3.0,92.713,-33.0,0.717,5023.5,no,0.345
76,housemaid,married,basic.4y,no,yes,no,cellular,jun,tue,326,1,999,1,failure,-1.7,94.055,-39.8,0.702,4991.6,yes,0.345
18,student,single,basic.6y,no,no,yes,cellular,oct,fri,368,2,999,0,nonexistent,-3.4,92.431,-26.9,0.72,5017.5,yes,0.345
27,admin.,single,university.degree,no,no,no,cellular,jul,tue,207,1,999,0,nonexistent,-2.9,92.469,-33.6,1.044,5076.2,no,0.345
35,management,married,university.degree,no,no,yes,cellular,aug,fri,10,9,999,0,nonexistent,1.4,93.444,-36.1,4.964,5228.1,no,0.345
62,entrepreneur,married,university.degree,no,no,no,cellular,sep,tue,170,1,999,1,failure,-3.4,92.379,-29.8,0.77,5017.5,yes,0.345
45,admin.,divorced,high.school,no,no,no,cellular,jul,mon,300,1,999,0,nonexistent,1.4,93.918,-42.7,4.962,5228.1,no,0.344691900120522
27,student,single,university.degree,no,no,no,telephone,apr,thu,141,1,999,0,nonexistent,-1.8,93.075,-47.1,1.406,5099.1,no,0.3444578167685616
54,unemployed,married,basic.9y,no,yes,no,cellular,oct,wed,200,1,999,0,nonexistent,-3.4,92.431,-26.9,0.735,5017.5,yes,0.34444195751138085
28,technician,single,professional.course,no,no,no,cellular,may,fri,198,1,3,1,success,-1.8,92.893,-46.2,1.259,5099.1,yes,0.3431602782706091
59,management,married,university.degree,no,no,no,cellular,dec,thu,112,4,999,1,failure,-3.0,92.713,-33.0,0.7,5023.5,no,0.3425
53,housemaid,married,high.school,no,yes,no,cellular,jun,thu,94,2,999,0,nonexistent,-2.9,92.963,-40.8,1.26,5076.2,no,0.3425
70,admin.,married,basic.4y,no,yes,yes,cellular,sep,tue,91,1,3,1,success,-3.4,92.379,-29.8,0.77,5017.5,yes,0.3425
50,admin.,single,high.school,no,yes,no,telephone,dec,fri,705,2,999,0,nonexistent,-3.0,92.713,-33.0,0.718,5023.5,yes,0.3425
33,blue-collar,married,professional.course,no,yes,yes,cellular,apr,wed,154,1,999,0,nonexistent,-1.8,93.075,-47.1,1.498,5099.1,no,0.34224674539509065
37,unemployed,unknown,university.degree,no,no,no,cellular,jun,tue,100,1,999,0,nonexistent,-2.9,92.963,-40.8,1.262,5076.2,no,0.34198079852045254
46,blue-collar,married,basic.9y,no,no,no,cellular,aug,thu,67,1,999,0,nonexistent,1.4,93.444,-36.1,4.968,5228.1,no,0.34105099344124945
63,housemaid,married,basic.4y,no,no,no,cellular,aug,tue,479,1,999,0,nonexistent,-2.9,92.201,-31.4,0.838,5076.2,yes,0.34
55,unknown,married,university.degree,no,yes,no,cellular,aug,wed,164,1,999,0,nonexistent,-2.9,92.201,-31.4,0.854,5076.2,yes,0.34
70,retired,married,basic.4y,unknown,yes,no,cellular,aug,thu,320,1,999,0,nonexistent,-2.9,92.201,-31.4,0.883,5076.2,no,0.34
32,services,single,university.degree,no,no,no,cellular,sep,thu,128,3,999,2,failure,-1.1,94.199,-37.5,0.884,4963.6,no,0.34
57,blue-collar,married,basic.4y,unknown,yes,no,telephone,may,mon,300,3,999,0,nonexistent,1.1,93.994,-36.4,4.857,5191.0,no,0.34
30,blue-collar,single,high.school,no,no,no,cellular,nov,mon,94,1,999,2,failure,-3.4,92.649,-30.1,0.714,5017.5,no,0.34
52,blue-collar,married,basic.4y,no,yes,no,cellular,apr,wed,249,1,999,0,nonexistent,-1.8,93.075,-47.1,1.445,5099.1,no,0.34
37,management,married,unknown,no,yes,no,cellular,nov,thu,632,2,999,0,nonexistent,-0.1,93.2,-42.0,4.076,5195.8,no,0.33984702093397745
29,admin.,single,university.degree,no,yes,no,cellular,aug,tue,307,1,999,0,nonexistent,-2.9,92.201,-31.4,0.859,5076.2,no,0.33898836928426573
63,retired,married,basic.6y,no,yes,no,cellular,oct,fri,91,2,999,0,nonexistent,-3.4,92.431,-26.9,0.752,5017.5,no,0.33864195454983803
40,admin.,married,university.degree,unknown,yes,yes,cellular,nov,mon,205,2,999,0,nonexistent,-0.1,93.2,-42.0,4.191,5195.8,no,0.3375
25,admin.,single,university.degree,no,yes,no,cellular,jun,tue,93,2,999,0,nonexistent,-2.9,92.963,-40.8,1.262,5076.2,no,0.3375
32,technician,married,basic.9y,no,no,no,cellular,may,tue,64,1,999,0,nonexistent,-1.8,92.893,-46.2,1.344,5099.1,no,0.3375
32,technician,married,high.school,no,no,no,cellular,sep,thu,245,1,999,0,nonexistent,-1.1,94.199,-37.5,0.878,4963.6,no,0.3375
37,admin.,single,university.degree,no,yes,yes,cellular,nov,fri,661,1,999,0,nonexistent,-0.1,93.2,-42.0,4.021,5195.8,no,0.3375
43,admin.,single,high.school,no,yes,no,cellular,aug,fri,231,3,999,0,nonexistent,-2.9,92.201,-31.4,0.881,5076.2,yes,0.3375
42,blue-collar,married,basic.6y,unknown,no,no,cellular,jul,tue,71,1,999,0,nonexistent,1.4,93.918,-42.7,4.962,5228.1,no,0.33740003277613895
30,admin.,married,university.degree,no,yes,yes,cellular,apr,thu,739,2,999,0,nonexistent,-1.8,93.075,-47.1,1.483,5099.1,yes,0.3372210925644917
29,admin.,married,high.school,no,yes,no,cellular,jun,mon,263,1,999,0,nonexistent,-2.9,92.963,-40.8,1.266,5076.2,yes,0.3358382393119716
28,admin.,single,university.degree,no,no,no,cellular,jul,thu,69,3,999,0,nonexistent,1.4,93.918,-42.7,4.968,5228.1,no,0.33463411855764463
28,technician,married,basic.9y,no,no,no,cellular,may,tue,261,1,12,1,success,-1.8,92.893,-46.2,1.291,5099.1,no,0.3344887338909626
29,technician,single,professional.course,no,yes,no,cellular,nov,wed,107,3,999,0,nonexistent,-0.1,93.2,-42.0,4.12,5195.8,no,0.3343544412141831
28,blue-collar,married,basic.4y,no,no,yes,cellular,may,tue,337,1,999,0,nonexistent,-1.8,92.893,-46.2,1.291,5099.1,no,0.3339154447734306
36,housemaid,divorced,basic.4y,unknown,no,no,cellular,jul,fri,300,1,999,0,nonexistent,1.4,93.918,-42.7,4.957,5228.1,no,0.3325
28,unemployed,single,university.degree,no,unknown,unknown,telephone,jul,wed,167,1,999,0,nonexistent,-2.9,92.469,-33.6,1.029,5076.2,no,0.3325
37,blue-collar,single,basic.6y,unknown,no,no,telephone,jul,mon,37,1,999,0,nonexistent,1.4,93.918,-42.7,4.96,5228.1,no,0.3325
53,self-employed,married,university.degree,no,no,yes,cellular,may,wed,141,3,6,1,success,-1.8,92.893,-46.2,1.27,5099.1,no,0.33245749963964355
58,admin.,divorced,university.degree,no,no,no,cellular,nov,fri,189,1,999,0,nonexistent,-0.1,93.2,-42.0,4.021,5195.8,no,0.3323988813803963
58,retired,married,university.degree,no,yes,no,cellular,aug,fri,92,1,999,0,nonexistent,-2.9,92.201,-31.4,0.849,5076.2,no,0.33183660979230906
35,admin.,single,university.degree,no,no,no,telephone,aug,tue,396,3,999,0,nonexistent,-2.9,92.201,-31.4,0.859,5076.2,no,0.3317333005660417
37,entrepreneur,married,basic.6y,no,yes,no,cellular,jun,mon,377,1,999,0,nonexistent,-2.9,92.963,-40.8,1.266,5076.2,yes,0.3314102844560338
33,technician,married,professional.course,no,yes,no,cellular,oct,fri,154,2,999,0,nonexistent,-3.4,92.431,-26.9,0.739,5017.5,yes,0.3309119552705614
38,admin.,unknown,university.degree,no,no,no,cellular,apr,mon,517,1,999,0,nonexistent,-1.8,93.075,-47.1,1.405,5099.1,no,0.33032751759150486
46,admin.,divorced,high.school,no,no,no,cellular,jul,tue,282,1,999,0,nonexistent,-2.9,92.469,-33.6,1.044,5076.2,no,0.33
31,entrepreneur,single,university.degree,no,yes,no,cellular,aug,fri,211,3,999,0,nonexistent,-2.9,92.201,-31.4,0.869,5076.2,yes,0.33
20,student,single,high.school,no,yes,no,cellular,jul,wed,349,1,999,0,nonexistent,-2.9,92.469,-33.6,1.029,5076.2,yes,0.32985171194341745
37,services,married,high.school,no,yes,no,cellular,jun,wed,200,1,999,0,nonexistent,-2.9,92.963,-40.8,1.26,5076.2,no,0.3286501335344786
37,admin.,married,university.degree,no,no,no,cellular,aug,wed,225,2,999,0,nonexistent,-2.9,92.201,-31.4,0.854,5076.2,yes,0.3275
33,blue-collar,married,basic.4y,unknown,no,no,cellular,nov,thu,53,1,999,0,nonexistent,-0.1,93.2,-42.0,4.076,5195.8,no,0.3275
74,retired,married,basic.4y,no,yes,no,cellular,jun,mon,257,1,999,0,nonexistent,-2.9,92.963,-40.8,1.26,5076.2,yes,0.3275
40,technician,divorced,university.degree,no,yes,no,cellular,apr,thu,335,1,999,0,nonexistent,-1.8,93.075,-47.1,1.365,5099.1,yes,0.32705764222812717
31,student,married,high.school,no,yes,no,cellular,dec,wed,158,3,999,0,nonexistent,-3.0,92.713,-33.0,0.7,5023.5,no,0.3267047894252929
40,management,divorced,university.degree,no,yes,no,cellular,jun,wed,117,1,999,0,nonexistent,-2.9,92.963,-40.8,1.26,5076.2,yes,0.3263247944855712
32,admin.,single,high.school,no,no,no,cellular,apr,thu,1143,1,999,0,nonexistent,-1.8,93.075,-47.1,1.365,5099.1,yes,0.32597927294904716
29,admin.,single,university.degree,no,no,no,cellular,aug,fri,289,2,999,0,nonexistent,-2.9,92.201,-31.4,0.881,5076.2,yes,0.32588230872734564
47,admin.,married,university.degree,no,no,no,cellular,aug,mon,97,1,999,0,nonexistent,1.4,93.444,-36.1,4.965,5228.1,no,0.3250957424429557
31,admin.,single,university.degree,no,yes,no,cellular,nov,wed,404,1,2,5,success,-1.1,94.767,-50.8,1.048,4963.6,yes,0.325
56,management,divorced,unknown,no,yes,no,cellular,nov,thu,893,7,999,0,nonexistent,-3.4,92.649,-30.1,0.714,5017.5,yes,0.325
44,management,married,university.degree,no,yes,no,cellular,jun,tue,71,3,999,0,nonexistent,-2.9,92.963,-40.8,1.262,5076.2,no,0.325
37,student,single,unknown,no,no,yes,cellular,jun,fri,604,1,999,0,nonexistent,-2.9,92.963,-40.8,1.268,5076.2,no,0.325
41,entrepreneur,single,high.school,no,no,no,cellular,jul,thu,67,1,999,0,nonexistent,1.4,93.918,-42.7,4.962,5228.1,no,0.325
33,technician,single,high.school,no,no,no,cellular,apr,fri,124,2,999,0,nonexistent,-1.8,93.075,-47.1,1.405,5099.1,no,0.325
41,entrepreneur,single,high.school,no,no,no,cellular,jul,thu,71,1,999,0,nonexistent,1.4,93.918,-42.7,4.962,5228.1,no,0.325
49,unemployed,married,professional.course,no,yes,no,cellular,jun,tue,298,3,999,0,nonexistent,-2.9,92.963,-40.8,1.252,5076.2,no,0.325
38,services,single,high.school,no,yes,no,cellular,apr,wed,1665,3,999,0,nonexistent,-1.8,93.075,-47.1,1.445,5099.1,yes,0.325
32,technician,married,professional.course,no,yes,no,cellular,jun,mon,108,1,999,0,nonexistent,-2.9,92.963,-40.8,1.266,5076.2,no,0.32461652611803726
32,admin.,divorced,high.school,no,no,no,cellular,may,mon,111,1,999,0,nonexistent,-1.8,92.893,-46.2,1.264,5099.1,no,0.32308981950660837
33,admin.,single,university.degree,no,no,no,cellular,jun,fri,471,2,999,0,nonexistent,-2.9,92.963,-40.8,1.268,5076.2,no,0.3225
57,admin.,married,university.degree,no,yes,no,cellular,jun,mon,161,2,999,0,nonexistent,-2.9,92.963,-40.8,1.266,5076.2,no,0.3225
26,admin.,single,high.school,no,yes,yes,cellular,jun,fri,200,2,999,0,nonexistent,-2.9,92.963,-40.8,1.268,5076.2,no,0.3225
28,admin.,single,university.degree,no,no,no,telephone,may,wed,126,1,999,0,nonexistent,1.1,93.994,-36.4,4.856,5191.0,no,0.3225
29,technician,single,high.school,no,no,no,cellular,may,wed,68,4,12,1,success,-1.8,92.893,-46.2,1.281,5099.1,no,0.3218057547729746
29,technician,single,professional.course,no,no,no,cellular,nov,fri,394,5,999,0,nonexistent,-0.1,93.2,-42.0,4.021,5195.8,no,0.320942371585866
35,management,divorced,university.degree,no,no,no,cellular,aug,mon,83,7,999,0,nonexistent,1.4,93.444,-36.1,4.965,5228.1,no,0.32
40,admin.,married,basic.9y,no,yes,yes,cellular,may,thu,639,2,10,1,success,-1.8,92.893,-46.2,1.327,5099.1,no,0.32
38,technician,married,professional.course,no,yes,yes,cellular,apr,thu,117,1,999,0,nonexistent,-1.8,93.075,-47.1,1.406,5099.1,no,0.32
36,blue-collar,divorced,basic.9y,no,yes,no,cellular,may,mon,422,1,12,1,success,-1.8,92.893,-46.2,1.299,5099.1,no,0.32
38,self-employed,married,basic.9y,no,no,yes,cellular,may,wed,482,2,999,0,nonexistent,-1.8,92.893,-46.2,1.281,5099.1,yes,0.32
70,retired,married,university.degree,no,yes,no,cellular,aug,mon,73,3,999,1,failure,-2.9,92.201,-31.4,0.843,5076.2,no,0.32
60,management,married,university.degree,no,yes,no,telephone,may,mon,364,1,999,0,nonexistent,-1.8,92.893,-46.2,1.354,5099.1,no,0.32
35,management,divorced,university.degree,no,no,no,cellular,aug,mon,288,7,999,0,nonexistent,1.4,93.444,-36.1,4.965,5228.1,no,0.32
57,retired,divorced,basic.9y,no,yes,no,cellular,jul,fri,247,2,999,0,nonexistent,-2.9,92.469,-33.6,1.059,5076.2,yes,0.3194944893059799
26,admin.,single,university.degree,no,yes,no,cellular,apr,fri,376,1,999,0,nonexistent,-1.8,93.075,-47.1,1.479,5099.1,no,0.31913094943525744
38,technician,married,university.degree,no,yes,no,cellular,mar,tue,122,1,999,0,nonexistent,-1.8,92.843,-50.0,1.687,5099.1,yes,0.31792991539820364
84,retired,married,basic.9y,no,yes,no,cellular,may,wed,267,1,999,1,failure,-1.8,93.876,-40.0,0.697,5008.7,no,0.3175
45,admin.,divorced,university.degree,no,no,no,cellular,may,tue,167,1,9,1,success,-1.8,92.893,-46.2,1.266,5099.1,no,0.3175
80,retired,married,illiterate,unknown,yes,yes,cellular,aug,tue,125,1,6,1,success,-2.9,92.201,-31.4,0.883,5076.2,yes,0.3175
37,technician,married,university.degree,no,yes,no,cellular,may,mon,288,1,3,1,success,-1.8,92.893,-46.2,1.264,5099.1,yes,0.3175
58,retired,married,basic.4y,no,no,no,cellular,apr,thu,266,1,999,1,failure,-1.8,93.075,-47.1,1.365,5099.1,yes,0.3175
37,blue-collar,single,professional.course,no,no,no,cellular,oct,wed,727,3,999,0,nonexistent,-3.4,92.431,-26.9,0.742,5017.5,no,0.3172176783004552
45,unemployed,divorced,basic.4y,no,no,yes,telephone,aug,wed,416,1,999,0,nonexistent,-2.9,92.201,-31.4,0.884,5076.2,no,0.31577492686478725
33,management,married,university.degree,no,yes,no,cellular,jun,wed,97,1,999,0,nonexistent,-2.9,92.963,-40.8,1.26,5076.2,no,0.31555991522145066
45,management,married,university.degree,no,no,yes,telephone,jul,thu,171,2,999,1,failure,-1.7,94.215,-40.3,0.884,4991.6,no,0.315
33,blue-collar,married,high.school,unknown,yes,no,cellular,mar,tue,494,1,999,0,nonexistent,-1.8,92.843,-50.0,1.51,5099.1,no,0.315
31,technician,single,university.degree,no,no,yes,cellular,apr,tue,333,3,999,0,nonexistent,-1.8,93.075,-47.1,1.405,5099.1,yes,0.315
58,admin.,married,high.school,no,yes,no,cellular,nov,tue,173,1,999,2,failure,-1.1,94.767,-50.8,1.046,4963.6,no,0.315
43,entrepreneur,married,professional.course,no,no,no,cellular,nov,tue,63,1,999,0,nonexistent,-0.1,93.2,-42.0,4.153,5195.8,no,0.315
52,entrepreneur,married,high.school,no,yes,no,cellular,jun,fri,177,3,999,0,nonexistent,-2.9,92.963,-40.8,1.268,5076.2,no,0.3147223065250379
25,services,single,high.school,no,no,no,cellular,aug,fri,553,1,999,0,nonexistent,-2.9,92.201,-31.4,0.869,5076.2,no,0.3147144157814871
44,technician,married,unknown,no,no,yes,cellular,oct,tue,139,2,999,0,nonexistent,-3.4,92.431,-26.9,0.728,5017.5,no,0.31456737498716636
36,admin.,married,university.degree,no,yes,yes,cellular,sep,tue,28,2,999,0,nonexistent,-3.4,92.379,-29.8,0.819,5017.5,no,0.31449645196506554
79,retired,married,basic.9y,no,yes,no,cellular,apr,thu,510,1,999,0,nonexistent,-1.8,93.075,-47.1,1.365,5099.1,yes,0.3125
50,services,married,high.school,no,yes,no,cellular,aug,wed,737,2,999,0,nonexistent,1.4,93.444,-36.1,4.965,5228.1,yes,0.3125
28,services,single,basic.9y,no,yes,no,cellular,jul,thu,277,3,999,0,nonexistent,1.4,93.918,-42.7,4.958,5228.1,no,0.31226487572240524
22,unemployed,single,high.school,no,no,no,cellular,jul,thu,60,6,999,0,nonexistent,1.4,93.918,-42.7,4.968,5228.1,no,0.3120579243332692
29,admin.,single,high.school,no,no,no,cellular,jul,fri,144,2,999,0,nonexistent,1.4,93.918,-42.7,4.963,5228.1,no,0.311188728566062
32,admin.,married,university.degree,no,no,no,cellular,may,thu,1030,1,6,1,success,-1.8,92.893,-46.2,1.327,5099.1,yes,0.3111280564499921
42,admin.,single,high.school,no,no,no,cellular,sep,thu,209,1,999,0,nonexistent,-1.1,94.199,-37.5,0.878,4963.6,yes,0.31007557262357893
74,retired,married,basic.4y,no,no,no,cellular,aug,thu,307,1,999,1,failure,-2.9,92.201,-31.4,0.873,5076.2,no,0.31
28,entrepreneur,married,basic.9y,unknown,no,no,telephone,may,thu,73,1,999,0,nonexistent,1.1,93.994,-36.4,4.86,5191.0,no,0.31
33,unemployed,single,university.degree,no,no,no,telephone,jun,mon,89,1,999,1,failure,-2.9,92.963,-40.8,1.266,5076.2,no,0.31
32,self-employed,single,university.degree,no,no,no,cellular,jul,thu,276,2,999,0,nonexistent,-2.9,92.469,-33.6,1.072,5076.2,yes,0.31
45,admin.,divorced,university.degree,no,no,no,telephone,may,fri,114,2,999,0,nonexistent,1.1,93.994,-36.4,4.859,5191.0,no,0.31
31,admin.,single,university.degree,no,no,no,cellular,nov,fri,85,2,999,0,nonexistent,-0.1,93.2,-42.0,4.021,5195.8,no,0.31
57,management,married,basic.4y,no,yes,no,cellular,sep,fri,122,2,999,1,failure,-3.4,92.379,-29.8,0.773,5017.5,no,0.31
60,housemaid,married,basic.4y,no,yes,no,cellular,jun,tue,700,3,999,1,failure,-1.7,94.055,-39.8,0.723,4991.6,yes,0.31
31,admin.,married,professional.course,no,no,no,cellular,mar,mon,161,2,999,0,nonexistent,-1.8,93.369,-34.8,0.646,5008.7,yes,0.31
63,management,married,unknown,no,yes,no,cellular,sep,fri,156,2,999,2,failure,-3.4,92.379,-29.8,0.803,5017.5,no,0.31
31,unemployed,married,basic.6y,no,yes,no,telephone,jun,tue,35,1,999,0,nonexistent,1.4,94.465,-41.8,4.864,5228.1,no,0.31
56,management,married,university.degree,no,yes,no,cellular,aug,tue,370,2,999,0,nonexistent,-2.9,92.201,-31.4,0.859,5076.2,yes,0.3097765587411244
29,admin.,single,university.degree,no,yes,yes,cellular,aug,mon,121,12,999,0,nonexistent,-2.9,92.201,-31.4,0.821,5076.2,no,0.3075
18,student,single,high.school,no,no,no,cellular,nov,fri,256,2,7,2,failure,-3.4,92.649,-30.1,0.714,5017.5,yes,0.3075
26,student,single,high.school,no,no,no,cellular,aug,wed,95,3,999,3,failure,-1.7,94.027,-38.3,0.894,4991.6,no,0.3075
30,services,single,high.school,no,yes,no,cellular,aug,thu,148,2,999,0,nonexistent,-2.9,92.201,-31.4,0.873,5076.2,yes,0.3075
30,admin.,single,high.school,no,yes,no,cellular,may,fri,195,3,999,1,failure,-1.8,92.893,-46.2,1.25,5099.1,no,0.30721608497723824
29,admin.,married,university.degree,no,yes,no,cellular,apr,wed,73,1,999,0,nonexistent,-1.8,93.075,-47.1,1.498,5099.1,no,0.30720295902883155
36,services,married,high.school,no,no,no,cellular,jul,wed,65,4,999,0,nonexistent,1.4,93.918,-42.7,4.963,5228.1,no,0.30694286798179055
27,admin.,single,high.school,no,no,yes,cellular,aug,thu,255,2,999,1,failure,-2.9,92.201,-31.4,0.873,5076.2,no,0.305
30,student,single,university.degree,no,yes,yes,telephone,apr,mon,37,1,999,0,nonexistent,-1.8,93.075,-47.1,1.405,5099.1,no,0.305
43,blue-collar,married,basic.9y,unknown,no,no,cellular,may,tue,68,1,6,1,success,-1.8,92.893,-46.2,1.344,5099.1,no,0.305
75,retired,married,basic.4y,no,yes,yes,cellular,jul,fri,67,2,999,0,nonexistent,-2.9,92.469,-33.6,1.059,5076.2,no,0.305
31,admin.,divorced,university.degree,no,no,no,cellular,mar,mon,248,4,999,0,nonexistent,-1.8,92.843,-50.0,1.56,5099.1,yes,0.305
54,blue-collar,divorced,basic.4y,no,yes,no,cellular,may,tue,138,3,999,0,nonexistent,-1.8,92.893,-46.2,1.291,5099.1,no,0.305
58,unemployed,married,basic.9y,no,no,yes,cellular,oct,tue,49,1,999,2,failure,-3.4,92.431,-26.9,0.742,5017.5,no,0.3025
38,technician,divorced,high.school,no,yes,no,cellular,aug,mon,171,2,999,0,nonexistent,1.4,93.444,-36.1,4.965,5228.1,no,0.3025
23,student,single,high.school,no,no,no,cellular,jul,mon,270,3,999,0,nonexistent,-2.9,92.469,-33.6,1.048,5076.2,yes,0.3025
81,retired,married,professional.course,no,no,no,cellular,apr,thu,135,1,999,0,nonexistent,-1.8,93.075,-47.1,1.365,5099.1,no,0.3025
54,admin.,married,university.degree,no,yes,no,cellular,nov,fri,455,2,999,0,nonexistent,-3.4,92.649,-30.1,0.716,5017.5,yes,0.3025
40,blue-collar,married,basic.6y,no,no,no,cellular,may,tue,316,1,11,1,success,-1.8,92.893,-46.2,1.344,5099.1,no,0.3025
35,housemaid,married,basic.9y,no,no,no,cellular,jul,tue,280,2,999,0,nonexistent,1.4,93.918,-42.7,4.961,5228.1,no,0.3025
71,retired,married,basic.4y,no,yes,no,cellular,sep,tue,206,1,999,0,nonexistent,-3.4,92.379,-29.8,0.788,5017.5,yes,0.3022179059180577
49,admin.,single,university.degree,no,no,no,cellular,apr,thu,222,1,999,0,nonexistent,-1.8,93.075,-47.1,1.365,5099.1,no,0.3007604353443275
30,technician,single,university.degree,no,no,yes,cellular,aug,mon,132,1,999,0,nonexistent,1.4,93.444,-36.1,4.965,5228.1,no,0.30013463898490433
29,technician,single,high.school,no,no,no,cellular,aug,mon,26,9,999,0,nonexistent,1.4,93.444,-36.1,4.963,5228.1,no,0.3
50,technician,married,unknown,no,yes,no,cellular,may,tue,500,1,999,0,nonexistent,-1.8,92.893,-46.2,1.344,5099.1,no,0.3
56,retired,married,high.school,no,yes,yes,cellular,jul,fri,308,2,999,0,nonexistent,-2.9,92.469,-33.6,1.059,5076.2,yes,0.3
69,retired,married,professional.course,no,no,yes,cellular,oct,thu,103,1,999,1,failure,-3.4,92.431,-26.9,0.722,5017.5,no,0.3
33,admin.,single,university.degree,no,no,no,cellular,apr,fri,426,5,999,1,failure,-1.8,93.075,-47.1,1.405,5099.1,no,0.3
57,admin.,married,basic.9y,no,no,no,cellular,sep,thu,114,2,999,1,failure,-1.1,94.199,-37.5,0.884,4963.6,no,0.3
45,technician,married,university.degree,no,yes,no,cellular,nov,wed,359,1,999,0,nonexistent,-3.4,92.649,-30.1,0.715,5017.5,no,0.2997142640364188
28,technician,married,basic.9y,no,yes,no,cellular,may,tue,153,1,999,0,nonexistent,-1.8,92.893,-46.2,1.291,5099.1,no,0.29949780228780476
38,admin.,single,university.degree,no,unknown,unknown,cellular,apr,mon,147,2,999,0,nonexistent,-1.8,93.075,-47.1,1.405,5099.1,no,0.2994211821275417
57,blue-collar,married,basic.4y,unknown,no,no,telephone,jun,wed,62,2,999,0,nonexistent,1.4,94.465,-41.8,4.959,5228.1,no,0.29890725399961465
82,retired,married,unknown,no,no,no,cellular,apr,wed,321,1,999,0,nonexistent,-1.8,93.075,-47.1,1.445,5099.1,yes,0.2975
32,admin.,single,university.degree,no,yes,no,cellular,oct,wed,197,2,999,0,nonexistent,-3.4,92.431,-26.9,0.735,5017.5,no,0.2975
47,admin.,married,university.degree,no,no,yes,telephone,nov,wed,23,1,999,0,nonexistent,-0.1,93.2,-42.0,4.663,5195.8,no,0.2975
23,technician,single,university.degree,no,yes,no,cellular,oct,fri,374,1,999,0,nonexistent,-3.4,92.431,-26.9,0.73,5017.5,yes,0.2975
61,retired,married,university.degree,no,no,no,cellular,nov,mon,507,1,999,0,nonexistent,-1.1,94.767,-50.8,1.05,4963.6,no,0.2975
35,management,married,university.degree,no,yes,no,cellular,nov,tue,209,1,999,2,failure,-3.4,92.649,-30.1,0.715,5017.5,yes,0.2975
46,admin.,single,university.degree,no,no,yes,cellular,nov,tue,173,1,999,1,failure,-1.1,94.767,-50.8,1.046,4963.6,no,0.2975
45,admin.,divorced,university.degree,no,yes,no,cellular,aug,thu,150,3,999,1,failure,-2.9,92.201,-31.4,0.873,5076.2,no,0.2975
34,technician,married,university.degree,no,yes,yes,cellular,apr,thu,168,1,999,0,nonexistent,-1.8,93.075,-47.1,1.41,5099.1,no,0.2975
46,unknown,married,unknown,no,no,yes,cellular,aug,wed,299,2,999,0,nonexistent,-2.9,92.201,-31.4,0.884,5076.2,no,0.2975
36,admin.,married,high.school,unknown,yes,yes,cellular,may,mon,47,4,999,0,nonexistent,-1.8,92.893,-46.2,1.244,5099.1,no,0.2975
66,retired,married,basic.6y,unknown,no,no,cellular,aug,wed,174,1,999,0,nonexistent,-2.9,92.201,-31.4,0.879,5076.2,no,0.2975
29,management,married,university.degree,no,no,yes,cellular,aug,wed,181,2,999,0,nonexistent,1.4,93.444,-36.1,4.967,5228.1,no,0.2974007698187377
30,technician,single,university.degree,no,no,no,cellular,apr,wed,80,5,999,0,nonexistent,-1.8,93.075,-47.1,1.372,5099.1,no,0.2967647741693943
32,technician,single,university.degree,no,yes,no,cellular,aug,fri,166,3,999,0,nonexistent,1.4,93.444,-36.1,4.966,5228.1,no,0.2967283536167773
39,services,married,high.school,unknown,yes,no,telephone,may,tue,399,2,999,0,nonexistent,1.1,93.994,-36.4,4.857,5191.0,no,0.295
38,blue-collar,married,basic.6y,no,no,no,cellular,may,thu,35,1,999,0,nonexistent,-1.8,92.893,-46.2,1.266,5099.1,no,0.295
57,admin.,single,high.school,no,yes,no,cellular,aug,thu,479,1,999,0,nonexistent,-2.9,92.201,-31.4,0.873,5076.2,yes,0.295
75,retired,married,unknown,no,no,no,telephone,aug,tue,676,2,999,4,failure,-1.7,94.027,-38.3,0.899,4991.6,yes,0.295
21,student,single,basic.9y,no,no,no,cellular,nov,mon,59,2,999,0,nonexistent,-3.4,92.649,-30.1,0.722,5017.5,no,0.29489639476797685
32,admin.,married,university.degree,no,yes,no,cellular,aug,fri,1366,1,999,0,nonexistent,1.4,93.444,-36.1,4.964,5228.1,no,0.29474148360966795
57,retired,divorced,basic.9y,no,no,no,cellular,jul,fri,897,3,999,0,nonexistent,-2.9,92.469,-33.6,1.059,5076.2,no,0.29449448930597993
35,self-employed,married,university.degree,no,yes,no,cellular,jun,thu,269,1,999,0,nonexistent,-2.9,92.963,-40.8,1.26,5076.2,yes,0.29448738900691834
35,admin.,single,university.degree,no,yes,no,cellular,may,fri,662,1,12,1,success,-1.8,92.893,-46.2,1.313,5099.1,yes,0.2943220215737164
37,unknown,single,university.degree,no,yes,yes,cellular,sep,wed,78,1,999,1,failure,-3.4,92.379,-29.8,0.753,5017.5,no,0.2925
59,blue-collar,married,basic.4y,no,no,no,cellular,apr,mon,1397,3,999,1,failure,-1.8,93.749,-34.6,0.642,5008.7,yes,0.2925
45,unknown,married,unknown,unknown,no,yes,telephone,jun,thu,91,1,999,0,nonexistent,1.4,94.465,-41.8,4.866,5228.1,no,0.2925
37,admin.,married,university.degree,no,yes,no,cellular,jul,mon,227,2,999,0,nonexistent,-2.9,92.469,-33.6,1.048,5076.2,yes,0.2925
59,technician,married,professional.course,no,yes,no,cellular,aug,wed,210,4,999,0,nonexistent,-2.9,92.201,-31.4,0.834,5076.2,yes,0.2918381619869139
62,unknown,married,professional.course,no,no,no,cellular,jun,thu,277,3,999,0,nonexistent,-2.9,92.963,-40.8,1.26,5076.2,no,0.2915167020258746
31,unemployed,divorced,unknown,no,yes,no,cellular,jun,fri,227,1,999,0,nonexistent,-2.9,92.963,-40.8,1.268,5076.2,no,0.29121744315289805
31,admin.,single,university.degree,no,no,no,cellular,apr,thu,115,16,999,0,nonexistent,-1.8,93.075,-47.1,1.406,5099.1,no,0.291008119376307
32,admin.,single,university.degree,no,yes,no,cellular,sep,tue,157,2,999,0,nonexistent,-3.4,92.379,-29.8,0.819,5017.5,no,0.29
38,self-employed,divorced,high.school,no,no,no,cellular,aug,fri,391,3,999,1,failure,-2.9,92.201,-31.4,0.869,5076.2,yes,0.29
88,retired,married,university.degree,no,yes,no,cellular,aug,mon,401,1,999,0,nonexistent,-2.9,92.201,-31.4,0.843,5076.2,no,0.28936981103262727
31,blue-collar,married,basic.9y,unknown,yes,no,cellular,jun,mon,388,1,999,0,nonexistent,-2.9,92.963,-40.8,1.266,5076.2,no,0.288769118334096
35,services,single,high.school,no,yes,no,cellular,jul,fri,116,1,999,0,nonexistent,1.4,93.918,-42.7,4.963,5228.1,no,0.2885060442708143
68,retired,divorced,high.school,no,yes,no,cellular,oct,mon,130,4,999,2,failure,-1.1,94.601,-49.5,1.0,4963.6,no,0.2875
48,blue-collar,married,basic.6y,no,yes,no,cellular,may,tue,862,3,999,0,nonexistent,-1.8,92.893,-46.2,1.344,5099.1,yes,0.2875
37,self-employed,married,university.degree,no,no,no,cellular,may,fri,395,1,999,1,failure,-1.8,92.893,-46.2,1.313,5099.1,no,0.2875
57,housemaid,divorced,high.school,no,no,yes,telephone,jun,wed,230,4,999,0,nonexistent,-2.9,92.963,-40.8,1.26,5076.2,no,0.2875
18,student,single,unknown,no,no,no,telephone,sep,tue,401,2,999,0,nonexistent,-3.4,92.379,-29.8,0.788,5017.5,no,0.2875
31,blue-collar,single,basic.9y,no,yes,no,cellular,nov,tue,65,1,4,1,success,-0.1,93.2,-42.0,4.153,5195.8,no,0.2875
69,blue-collar,married,unknown,no,yes,no,cellular,aug,tue,400,3,999,0,nonexistent,-2.9,92.201,-31.4,0.883,5076.2,no,0.2875
25,technician,single,basic.9y,no,yes,no,cellular,jun,fri,103,2,999,0,nonexistent,-2.9,92.963,-40.8,1.268,5076.2,yes,0.2874225940728702
30,technician,married,university.degree,no,no,no,cellular,jun,mon,108,1,999,0,nonexistent,-2.9,92.963,-40.8,1.26,5076.2,no,0.2872103186646434
32,student,married,high.school,no,yes,no,telephone,dec,wed,135,3,999,1,failure,-3.0,92.713,-33.0,0.715,5023.5,no,0.2870710232083256
34,admin.,single,high.school,no,yes,no,cellular,may,wed,78,1,12,1,success,-1.8,92.893,-46.2,1.334,5099.1,no,0.285
37,student,married,professional.course,no,no,no,cellular,aug,mon,70,1,999,0,nonexistent,1.4,93.444,-36.1,4.97,5228.1,no,0.285
39,admin.,single,professional.course,no,yes,no,cellular,may,mon,97,1,999,1,failure,-1.8,92.893,-46.2,1.244,5099.1,no,0.285
28,self-employed,single,university.degree,no,yes,no,cellular,may,wed,57,1,999,0,nonexistent,-1.8,92.893,-46.2,1.334,5099.1,no,0.2842150216336595
34,blue-collar,married,basic.6y,no,yes,yes,cellular,may,wed,143,2,999,0,nonexistent,-1.8,92.893,-46.2,1.281,5099.1,no,0.2825
43,technician,married,high.school,no,yes,no,cellular,sep,thu,531,1,999,0,nonexistent,-3.4,92.379,-29.8,0.809,5017.5,no,0.2825
24,student,single,high.school,no,yes,no,telephone,jun,fri,109,1,999,0,nonexistent,-2.9,92.963,-40.8,1.268,5076.2,no,0.2825
58,blue-collar,married,basic.9y,unknown,yes,no,cellular,nov,thu,308,1,6,1,success,-0.1,93.2,-42.0,4.076,5195.8,no,0.2825
24,blue-collar,single,high.school,no,yes,no,cellular,apr,mon,135,1,999,1,failure,-1.8,93.749,-34.6,0.645,5008.7,no,0.2825
30,admin.,married,university.degree,no,yes,yes,cellular,may,mon,742,4,999,0,nonexistent,-1.8,92.893,-46.2,1.354,5099.1,yes,0.2825
40,blue-collar,married,basic.9y,no,yes,yes,telephone,jun,tue,179,2,999,0,nonexistent,1.4,94.465,-41.8,4.864,5228.1,no,0.2825
23,student,single,high.school,no,yes,no,cellular,apr,mon,637,1,999,0,nonexistent,-1.8,93.075,-47.1,1.405,5099.1,no,0.2825
41,blue-collar,married,basic.4y,no,no,no,telephone,jun,thu,340,2,999,0,nonexistent,1.4,94.465,-41.8,4.958,5228.1,no,0.2825
48,management,married,university.degree,no,yes,no,cellular,dec,fri,377,5,999,1,failure,-3.0,92.713,-33.0,0.718,5023.5,no,0.28
34,blue-collar,married,basic.9y,no,no,no,cellular,may,fri,241,1,999,1,failure,-1.8,92.893,-46.2,1.25,5099.1,no,0.28
31,management,single,university.degree,no,no,no,cellular,nov,thu,319,1,999,1,failure,-0.1,93.2,-42.0,4.076,5195.8,no,0.28
34,admin.,married,university.degree,no,no,no,cellular,aug,wed,224,1,999,0,nonexistent,1.4,93.444,-36.1,4.967,5228.1,no,0.28
29,blue-collar,single,high.school,no,yes,no,cellular,aug,wed,71,1,999,0,nonexistent,-2.9,92.201,-31.4,0.879,5076.2,no,0.2796339113944085
49,blue-collar,married,basic.4y,unknown,yes,no,telephone,jun,fri,553,2,999,0,nonexistent,1.4,94.465,-41.8,4.959,5228.1,no,0.2794860449285228
29,technician,single,university.degree,no,no,no,cellular,apr,tue,95,1,999,0,nonexistent,-1.8,93.075,-47.1,1.405,5099.1,no,0.279290207096799
48,admin.,married,basic.6y,no,no,no,cellular,oct,tue,61,1,999,0,nonexistent,-3.4,92.431,-26.9,0.742,5017.5,no,0.27783404604249484
63,technician,married,unknown,no,yes,no,cellular,aug,tue,279,1,999,1,failure,-2.9,92.201,-31.4,0.838,5076.2,no,0.2775
32,admin.,married,university.degree,no,no,no,cellular,jul,wed,226,2,999,0,nonexistent,1.4,93.918,-42.7,4.962,5228.1,no,0.27743646589799287
24,blue-collar,single,basic.9y,no,unknown,unknown,cellular,jun,wed,192,1,999,0,nonexistent,-2.9,92.963,-40.8,1.26,5076.2,no,0.27735362621476184
35,blue-collar,married,basic.4y,no,yes,no,cellular,may,mon,291,3,999,0,nonexistent,-1.8,92.893,-46.2,1.354,5099.1,no,0.2772217754172989
28,self-employed,single,university.degree,no,yes,no,cellular,mar,fri,41,1,999,0,nonexistent,-1.8,92.843,-50.0,1.64,5099.1,no,0.2769429438543247
32,admin.,single,university.degree,no,no,no,cellular,apr,tue,49,2,999,0,nonexistent,-1.8,93.075,-47.1,1.453,5099.1,no,0.2767871552238405
66,retired,married,unknown,no,no,no,cellular,sep,tue,667,1,999,1,failure,-1.1,94.199,-37.5,0.881,4963.6,no,0.275
35,admin.,married,high.school,no,yes,no,cellular,may,thu,210,2,3,1,success,-1.8,92.893,-46.2,1.27,5099.1,no,0.275
54,blue-collar,married,basic.9y,no,no,no,cellular,may,thu,532,2,6,2,success,-1.8,92.893,-46.2,1.266,5099.1,yes,0.275
29,services,married,basic.9y,no,no,no,cellular,nov,thu,517,1,999,0,nonexistent,-0.1,93.2,-42.0,4.076,5195.8,no,0.2747172989377845
32,blue-collar,single,basic.9y,no,no,no,cellular,may,fri,120,2,999,0,nonexistent,-1.8,92.893,-46.2,1.313,5099.1,no,0.27456936491325595
26,student,single,basic.9y,no,yes,no,cellular,mar,mon,1447,2,999,0,nonexistent,-1.8,92.843,-50.0,1.811,5099.1,yes,0.2725
27,admin.,married,university.degree,no,unknown,unknown,cellular,jun,mon,459,1,999,1,failure,-2.9,92.963,-40.8,1.266,5076.2,no,0.2725
61,blue-collar,married,high.school,no,no,no,cellular,oct,wed,108,1,999,0,nonexistent,-3.4,92.431,-26.9,0.724,5017.5,no,0.2725
49,blue-collar,married,basic.6y,no,yes,no,telephone,may,fri,1980,2,999,0,nonexistent,1.1,93.994,-36.4,4.864,5191.0,yes,0.2725
28,admin.,single,high.school,no,no,no,cellular,mar,fri,144,2,999,0,nonexistent,-1.8,92.843,-50.0,1.531,5099.1,no,0.2725
28,admin.,single,high.school,no,no,no,cellular,mar,fri,347,2,999,0,nonexistent,-1.8,92.843,-50.0,1.531,5099.1,yes,0.2725
47,technician,married,university.degree,no,yes,no,cellular,aug,wed,345,7,999,0,nonexistent,1.4,93.444,-36.1,4.964,5228.1,no,0.2725
32,admin.,married,university.degree,no,no,no,cellular,may,mon,166,3,12,2,failure,-1.8,92.893,-46.2,1.264,5099.1,no,0.2725
41,technician,married,professional.course,no,yes,no,cellular,aug,tue,161,2,999,0,nonexistent,1.4,93.444,-36.1,4.966,5228.1,no,0.27123751295453036
36,blue-collar,married,basic.9y,no,no,no,cellular,aug,mon,153,2,999,1,failure,-2.9,92.201,-31.4,0.884,5076.2,no,0.27
44,unknown,married,university.degree,no,yes,no,cellular,aug,mon,263,2,999,0,nonexistent,-2.9,92.201,-31.4,0.884,5076.2,no,0.27
36,blue-collar,married,basic.6y,no,yes,no,telephone,may,wed,57,1,999,0,nonexistent,1.1,93.994,-36.4,4.859,5191.0,no,0.27
34,management,married,university.degree,no,no,yes,telephone,may,wed,318,5,6,1,success,-1.8,92.893,-46.2,1.281,5099.1,no,0.27
49,blue-collar,married,basic.4y,no,yes,no,cellular,sep,tue,133,2,999,0,nonexistent,-3.4,92.379,-29.8,0.77,5017.5,no,0.2697247344461305
36,management,married,university.degree,no,no,yes,cellular,apr,wed,241,1,999,0,nonexistent,-1.8,93.075,-47.1,1.445,5099.1,no,0.2694008966086797
35,admin.,married,university.degree,no,no,no,cellular,apr,tue,72,1,999,0,nonexistent,-1.8,93.075,-47.1,1.423,5099.1,no,0.26920309315782304
60,management,married,professional.course,no,yes,no,cellular,oct,wed,219,2,999,0,nonexistent,-3.4,92.431,-26.9,0.724,5017.5,no,0.26833244355687846
30,admin.,single,university.degree,no,yes,no,telephone,apr,tue,563,2,999,0,nonexistent,-1.8,93.075,-47.1,1.423,5099.1,no,0.26817912298576224
73,retired,divorced,basic.4y,no,yes,no,cellular,oct,mon,127,2,999,3,failure,-3.4,92.431,-26.9,0.731,5017.5,no,0.2675
52,admin.,married,unknown,no,no,no,telephone,sep,tue,97,5,999,0,nonexistent,-3.4,92.379,-29.8,0.819,5017.5,no,0.2675
48,housemaid,married,high.school,no,no,no,cellular,jun,tue,399,1,999,0,nonexistent,-2.9,92.963,-40.8,1.252,5076.2,no,0.2675
55,unknown,married,basic.4y,no,no,yes,cellular,jul,thu,185,1,999,0,nonexistent,1.4,93.918,-42.7,4.962,5228.1,no,0.2675
52,blue-collar,married,basic.9y,unknown,yes,no,telephone,may,mon,317,1,999,0,nonexistent,1.1,93.994,-36.4,4.857,5191.0,no,0.2675
42,admin.,married,university.degree,no,no,no,cellular,aug,tue,101,2,999,0,nonexistent,1.4,93.444,-36.1,4.968,5228.1,no,0.26739814681548624
36,admin.,married,high.school,unknown,no,no,cellular,may,mon,11,14,999,0,nonexistent,-1.8,92.893,-46.2,1.244,5099.1,no,0.2672223065250379
21,blue-collar,single,basic.4y,no,no,no,telephone,jun,fri,153,1,999,0,nonexistent,-2.9,92.963,-40.8,1.268,5076.2,no,0.2669856785014158
30,admin.,single,university.degree,no,no,no,cellular,nov,tue,55,1,999,0,nonexistent,-0.1,93.2,-42.0,4.153,5195.8,no,0.2664948686480985
34,blue-collar,married,high.school,no,yes,no,cellular,may,wed,96,2,999,0,nonexistent,-1.8,92.893,-46.2,1.281,5099.1,no,0.2664062771188892
38,technician,married,professional.course,no,yes,no,cellular,aug,tue,124,3,999,0,nonexistent,1.4,93.444,-36.1,4.966,5228.1,no,0.26574866692063936
52,technician,divorced,university.degree,unknown,no,no,cellular,nov,fri,123,1,999,0,nonexistent,-0.1,93.2,-42.0,4.021,5195.8,no,0.265
81,housemaid,divorced,basic.4y,no,yes,no,cellular,nov,mon,151,6,999,0,nonexistent,-3.4,92.649,-30.1,0.719,5017.5,no,0.265
36,admin.,single,university.degree,no,yes,no,cellular,sep,fri,339,1,999,1,failure,-3.4,92.379,-29.8,0.773,5017.5,no,0.265
59,retired,single,university.degree,no,no,no,telephone,may,mon,36,4,999,0,nonexistent,1.1,93.994,-36.4,4.857,5191.0,no,0.265
31,blue-collar,married,professional.course,unknown,no,no,cellular,nov,thu,230,1,999,0,nonexistent,-0.1,93.2,-42.0,4.076,5195.8,no,0.265
45,blue-collar,married,professional.course,no,no,no,cellular,oct,tue,117,1,999,0,nonexistent,-3.4,92.431,-26.9,0.744,5017.5,no,0.2632003648416301
24,student,single,high.school,no,unknown,unknown,cellular,jun,thu,282,3,999,2,failure,-2.9,92.963,-40.8,1.26,5076.2,yes,0.2625
38,services,divorced,basic.6y,no,yes,no,telephone,may,tue,556,2,10,1,success,-1.8,92.893,-46.2,1.291,5099.1,yes,0.2625
31,admin.,single,university.degree,no,yes,no,cellular,may,wed,44,1,999,0,nonexistent,-1.8,92.893,-46.2,1.281,5099.1,no,0.2625
61,admin.,married,university.degree,no,yes,no,cellular,jun,wed,151,1,999,0,nonexistent,-2.9,92.963,-40.8,1.26,5076.2,no,0.2625
27,admin.,single,basic.9y,no,yes,yes,cellular,jul,tue,81,2,999,0,nonexistent,1.4,93.918,-42.7,4.961,5228.1,no,0.2625
56,admin.,divorced,university.degree,no,yes,no,cellular,may,mon,867,1,999,0,nonexistent,-1.8,92.893,-46.2,1.264,5099.1,yes,0.2625
40,technician,married,high.school,no,yes,no,cellular,aug,mon,83,1,999,0,nonexistent,-2.9,92.201,-31.4,0.821,5076.2,no,0.2625
37,services,married,high.school,no,no,no,cellular,nov,wed,516,2,999,1,failure,-3.4,92.649,-30.1,0.715,5017.5,no,0.2625
31,admin.,single,high.school,no,yes,no,cellular,may,thu,1094,2,999,0,nonexistent,-1.8,92.893,-46.2,1.266,5099.1,yes,0.2625
70,retired,married,basic.4y,no,yes,no,cellular,oct,mon,131,1,999,0,nonexistent,-3.4,92.431,-26.9,0.739,5017.5,yes,0.2624611416450864
30,admin.,married,high.school,no,no,no,cellular,jun,mon,439,1,999,0,nonexistent,-2.9,92.963,-40.8,1.26,5076.2,no,0.2622216236722306
56,retired,married,high.school,no,yes,no,cellular,jul,fri,603,1,999,0,nonexistent,-2.9,92.469,-33.6,1.059,5076.2,no,0.2619944893059799
38,technician,divorced,professional.course,no,no,yes,cellular,oct,tue,135,1,999,2,failure,-3.4,92.431,-26.9,0.742,5017.5,no,0.2619265553869499
83,retired,married,unknown,no,yes,no,cellular,sep,mon,75,2,999,0,nonexistent,-3.4,92.379,-29.8,0.771,5017.5,no,0.2617166799428222
30,management,single,university.degree,no,no,yes,cellular,jun,fri,244,7,999,0,nonexistent,-2.9,92.963,-40.8,1.268,5076.2,yes,0.26
23,student,single,high.school,no,no,no,cellular,jun,tue,310,1,999,0,nonexistent,-2.9,92.963,-40.8,1.262,5076.2,yes,0.26
28,admin.,single,high.school,no,yes,no,telephone,may,fri,265,1,999,0,nonexistent,1.1,93.994,-36.4,4.859,5191.0,no,0.26
55,management,married,university.degree,no,yes,no,cellular,jun,tue,114,3,999,0,nonexistent,-2.9,92.963,-40.8,1.252,5076.2,yes,0.26
26,student,single,high.school,no,no,no,cellular,aug,fri,482,2,999,0,nonexistent,-2.9,92.201,-31.4,0.869,5076.2,no,0.25985332862099986
37,blue-collar,married,basic.6y,no,yes,no,cellular,may,tue,85,4,999,0,nonexistent,-1.8,92.893,-46.2,1.344,5099.1,no,0.2598469354890657
31,technician,single,university.degree,no,no,no,cellular,may,tue,911,1,2,1,success,-1.8,92.893,-46.2,1.266,5099.1,no,0.25863754195490396
24,admin.,single,university.degree,no,yes,no,telephone,apr,mon,86,1,999,0,nonexistent,-1.8,93.075,-47.1,1.466,5099.1,no,0.25793903300593285
45,blue-collar,married,basic.4y,no,yes,yes,cellular,nov,wed,130,1,999,0,nonexistent,-0.1,93.2,-42.0,4.12,5195.8,no,0.2575
28,self-employed,married,university.degree,no,yes,no,cellular,jul,wed,695,1,999,0,nonexistent,1.4,93.918,-42.7,4.963,5228.1,no,0.2575
39,admin.,single,university.degree,no,yes,no,telephone,mar,mon,229,1,999,1,failure,-1.8,93.369,-34.8,0.655,5008.7,yes,0.2575
43,services,divorced,basic.6y,no,yes,no,cellular,aug,wed,40,3,999,0,nonexistent,-2.9,92.201,-31.4,0.884,5076.2,no,0.2575
31,blue-collar,single,high.school,no,yes,no,telephone,jun,tue,113,3,999,0,nonexistent,1.4,94.465,-41.8,4.864,5228.1,no,0.2575
28,admin.,married,university.degree,no,yes,no,cellular,jun,thu,73,1,999,1,failure,-2.9,92.963,-40.8,1.26,5076.2,no,0.2575
47,admin.,single,university.degree,no,yes,no,cellular,aug,tue,161,1,999,1,failure,-2.9,92.201,-31.4,0.859,5076.2,yes,0.2575
28,self-employed,married,university.degree,no,yes,no,cellular,jul,wed,229,1,999,0,nonexistent,1.4,93.918,-42.7,4.963,5228.1,no,0.2575
24,management,single,university.degree,no,no,no,cellular,apr,thu,640,2,999,0,nonexistent,-1.8,93.075,-47.1,1.41,5099.1,no,0.2572783914040399
30,self-employed,married,university.degree,no,no,no,cellular,may,mon,107,4,999,0,nonexistent,-1.8,92.893,-46.2,1.354,5099.1,no,0.25678728137789353
49,blue-collar,divorced,basic.6y,unknown,yes,no,cellular,jul,mon,364,3,999,0,nonexistent,1.4,93.918,-42.7,4.962,5228.1,no,0.2565199141773945
31,admin.,single,university.degree,no,yes,no,cellular,aug,tue,465,6,999,0,nonexistent,1.4,93.444,-36.1,4.966,5228.1,no,0.2553134580650557
35,admin.,married,high.school,no,yes,no,cellular,may,fri,121,1,999,0,nonexistent,-1.8,92.893,-46.2,1.259,5099.1,no,0.255
30,admin.,married,high.school,no,yes,no,cellular,may,mon,169,1,999,0,nonexistent,-1.8,92.893,-46.2,1.244,5099.1,no,0.255
37,self-employed,married,university.degree,no,no,no,telephone,jun,mon,133,4,999,0,nonexistent,-1.7,94.055,-39.8,0.754,4991.6,no,0.255
51,admin.,married,basic.9y,unknown,yes,no,cellular,may,mon,18,6,6,2,success,-1.8,92.893,-46.2,1.299,5099.1,no,0.255
22,services,single,high.school,no,yes,no,cellular,apr,mon,224,1,999,0,nonexistent,-1.8,93.075,-47.1,1.405,5099.1,no,0.255
25,services,single,high.school,unknown,yes,yes,cellular,jul,wed,984,7,999,0,nonexistent,1.4,93.918,-42.7,4.963,5228.1,no,0.255
36,blue-collar,married,unknown,no,yes,no,cellular,apr,thu,466,4,999,0,nonexistent,-1.8,93.075,-47.1,1.41,5099.1,no,0.255
50,admin.,married,university.degree,no,yes,no,cellular,jun,fri,95,7,999,1,failure,-2.9,92.963,-40.8,1.268,5076.2,yes,0.255
59,technician,single,basic.6y,no,no,no,cellular,oct,thu,86,1,999,2,failure,-3.4,92.431,-26.9,0.754,5017.5,no,0.255
62,admin.,married,high.school,no,no,no,telephone,mar,mon,163,2,999,0,nonexistent,-1.8,92.843,-50.0,1.52,5099.1,yes,0.2548034401909348
36,admin.,married,university.degree,no,no,no,cellular,aug,mon,83,3,999,0,nonexistent,1.4,93.444,-36.1,4.965,5228.1,no,0.25465077852083273
36,technician,married,professional.course,no,yes,no,cellular,jul,wed,182,3,999,0,nonexistent,-2.9,92.469,-33.6,1.029,5076.2,no,0.25456572375385994
43,admin.,divorced,high.school,no,unknown,unknown,cellular,apr,thu,105,1,999,1,failure,-1.8,93.075,-47.1,1.435,5099.1,no,0.2540420402227787
59,technician,married,university.degree,no,no,no,cellular,aug,wed,119,4,999,0,nonexistent,-2.9,92.201,-31.4,0.879,5076.2,no,0.2532618320921829
31,technician,single,high.school,no,yes,yes,cellular,aug,wed,113,2,999,0,nonexistent,1.4,93.444,-36.1,4.967,5228.1,no,0.25250904550399306
34,admin.,divorced,university.degree,no,yes,no,cellular,may,tue,118,1,999,0,nonexistent,-1.8,92.893,-46.2,1.291,5099.1,no,0.2525
35,blue-collar,divorced,basic.9y,no,yes,no,cellular,may,fri,439,4,999,0,nonexistent,-1.8,92.893,-46.2,1.25,5099.1,no,0.2525
37,admin.,divorced,high.school,no,yes,yes,cellular,may,fri,73,2,999,0,nonexistent,-1.8,92.893,-46.2,1.25,5099.1,no,0.2525
74,retired,divorced,high.school,no,yes,yes,telephone,dec,mon,88,6,999,0,nonexistent,-3.0,92.713,-33.0,0.715,5023.5,no,0.2525
37,technician,married,university.degree,no,yes,no,cellular,aug,mon,15,11,999,0,nonexistent,1.4,93.444,-36.1,4.965,5228.1,no,0.2525
24,student,single,high.school,no,yes,no,cellular,may,tue,113,2,999,2,failure,-1.8,93.876,-40.0,0.682,5008.7,no,0.2525
50,management,married,university.degree,unknown,unknown,unknown,cellular,jul,thu,367,2,999,0,nonexistent,1.4,93.918,-42.7,4.962,5228.1,no,0.2525
86,retired,divorced,basic.4y,no,unknown,unknown,cellular,oct,wed,130,1,999,0,nonexistent,-3.4,92.431,-26.9,0.74,5017.5,no,0.2523532435819169
23,admin.,single,professional.course,no,no,no,cellular,jul,wed,580,2,999,0,nonexistent,1.4,93.918,-42.7,4.963,5228.1,no,0.2523498801615005
28,blue-collar,single,basic.9y,no,yes,yes,cellular,apr,thu,333,2,999,0,nonexistent,-1.8,93.075,-47.1,1.406,5099.1,no,0.252214339908953
55,entrepreneur,divorced,basic.9y,no,yes,no,cellular,aug,fri,622,1,999,0,nonexistent,-2.9,92.201,-31.4,0.825,5076.2,yes,0.25199252835951136
30,blue-collar,married,basic.9y,unknown,no,no,cellular,nov,thu,677,1,999,0,nonexistent,-0.1,93.2,-42.0,4.076,5195.8,yes,0.25
31,services,married,basic.9y,no,no,no,cellular,apr,mon,74,2,999,0,nonexistent,-1.8,93.075,-47.1,1.405,5099.1,no,0.25
63,technician,married,high.school,no,no,no,cellular,apr,mon,176,3,999,0,nonexistent,-1.8,93.749,-34.6,0.642,5008.7,yes,0.25
28,admin.,married,university.degree,no,yes,no,cellular,aug,mon,226,3,999,1,failure,-1.7,94.027,-38.3,0.898,4991.6,no,0.25
24,blue-collar,single,basic.9y,unknown,no,no,telephone,may,wed,504,3,999,0,nonexistent,1.1,93.994,-36.4,4.857,5191.0,no,0.25
56,admin.,married,high.school,unknown,yes,no,cellular,aug,tue,182,1,999,0,nonexistent,1.4,93.444,-36.1,4.968,5228.1,no,0.25
60,retired,married,high.school,no,no,no,telephone,may,fri,155,1,999,0,nonexistent,1.1,93.994,-36.4,4.855,5191.0,no,0.25
28,admin.,single,high.school,no,yes,no,cellular,oct,tue,83,2,999,3,failure,-3.4,92.431,-26.9,0.728,5017.5,no,0.25
52,admin.,married,university.degree,no,yes,no,cellular,aug,wed,34,11,999,0,nonexistent,1.4,93.444,-36.1,4.964,5228.1,no,0.2475
27,unemployed,married,high.school,no,yes,no,cellular,may,mon,11,4,999,0,nonexistent,-1.8,92.893,-46.2,1.244,5099.1,no,0.2475
32,services,married,high.school,no,yes,no,telephone,may,tue,14,6,999,0,nonexistent,-1.8,92.893,-46.2,1.291,5099.1,no,0.2475
32,admin.,married,university.degree,no,yes,no,telephone,aug,wed,328,1,999,1,failure,-2.9,92.201,-31.4,0.854,5076.2,no,0.2475
48,unemployed,married,high.school,no,yes,no,cellular,apr,fri,370,3,999,0,nonexistent,-1.8,93.075,-47.1,1.405,5099.1,no,0.2475
29,management,married,university.degree,no,no,no,telephone,may,mon,150,5,999,0,nonexistent,-1.8,92.893,-46.2,1.354,5099.1,no,0.2475
45,unemployed,married,basic.9y,no,no,no,cellular,aug,fri,126,3,999,0,nonexistent,-2.9,92.201,-31.4,0.869,5076.2,no,0.2475
21,self-employed,single,university.degree,no,yes,no,cellular,apr,mon,345,1,999,0,nonexistent,-1.8,93.075,-47.1,1.405,5099.1,yes,0.24674942681408882
34,admin.,single,high.school,no,yes,no,cellular,nov,mon,121,2,999,1,failure,-3.4,92.649,-30.1,0.722,5017.5,yes,0.245
34,blue-collar,married,high.school,no,yes,no,cellular,may,wed,133,1,999,1,failure,-1.8,92.893,-46.2,1.281,5099.1,no,0.245
46,admin.,divorced,high.school,no,yes,no,cellular,jun,mon,372,1,999,0,nonexistent,-2.9,92.963,-40.8,1.26,5076.2,yes,0.245
45,entrepreneur,married,basic.9y,unknown,no,no,telephone,jun,fri,326,1,999,0,nonexistent,1.4,94.465,-41.8,4.959,5228.1,no,0.245
59,retired,married,unknown,no,no,no,cellular,aug,mon,284,2,999,0,nonexistent,1.4,93.444,-36.1,4.965,5228.1,no,0.245
21,management,single,university.degree,no,unknown,unknown,cellular,jun,tue,106,1,999,0,nonexistent,-2.9,92.963,-40.8,1.262,5076.2,no,0.245
64,management,divorced,university.degree,no,no,yes,cellular,dec,thu,421,1,999,1,failure,-3.0,92.713,-33.0,0.72,5023.5,no,0.245
39,management,married,high.school,no,no,no,cellular,aug,wed,271,1,999,0,nonexistent,1.4,93.444,-36.1,4.965,5228.1,no,0.24459833546367174
34,technician,married,university.degree,no,no,no,cellular,apr,thu,82,6,999,0,nonexistent,-1.8,93.075,-47.1,1.365,5099.1,no,0.24347456416103547
29,services,single,high.school,no,yes,no,cellular,may,fri,122,1,999,2,failure,-1.8,93.876,-40.0,0.695,5008.7,no,0.2425
35,blue-collar,married,basic.6y,no,no,no,telephone,may,wed,39,1,999,0,nonexistent,1.1,93.994,-36.4,4.857,5191.0,no,0.2425
56,housemaid,married,basic.4y,no,yes,no,cellular,aug,wed,359,3,999,0,nonexistent,-2.9,92.201,-31.4,0.834,5076.2,no,0.2425
28,blue-collar,married,high.school,no,no,no,telephone,jun,thu,419,4,999,0,nonexistent,1.4,94.465,-41.8,4.961,5228.1,no,0.2425
31,technician,married,university.degree,no,no,no,telephone,jun,thu,741,1,999,0,nonexistent,1.4,94.465,-41.8,4.866,5228.1,no,0.2425
66,retired,married,basic.4y,no,yes,no,telephone,oct,fri,369,2,999,1,failure,-1.1,94.601,-49.5,0.972,4963.6,yes,0.2425
43,blue-collar,married,basic.6y,unknown,yes,no,cellular,may,thu,172,2,999,0,nonexistent,-1.8,92.893,-46.2,1.327,5099.1,no,0.2425
33,services,married,high.school,no,no,no,cellular,jun,mon,472,1,999,1,failure,-1.7,94.055,-39.8,0.72,4991.6,no,0.24221646433990895
24,services,single,high.school,no,yes,no,cellular,apr,tue,114,1,999,0,nonexistent,-1.8,93.075,-47.1,1.423,5099.1,no,0.2417216875644548
33,services,divorced,high.school,no,yes,no,cellular,may,tue,75,5,999,0,nonexistent,-1.8,92.893,-46.2,1.291,5099.1,no,0.2416551593323217
31,blue-collar,married,basic.6y,no,yes,no,cellular,may,wed,1279,3,999,0,nonexistent,-1.8,92.893,-46.2,1.281,5099.1,yes,0.24165227617602425
21,student,single,professional.course,no,no,no,telephone,nov,wed,250,1,999,0,nonexistent,-3.4,92.649,-30.1,0.716,5017.5,no,0.24097675030591464
31,admin.,married,basic.9y,no,no,no,telephone,may,thu,112,1,999,0,nonexistent,1.1,93.994,-36.4,4.86,5191.0,no,0.24
58,unemployed,married,university.degree,no,yes,no,cellular,nov,thu,344,2,999,0,nonexistent,-1.1,94.767,-50.8,1.041,4963.6,yes,0.24
39,admin.,married,high.school,unknown,yes,no,cellular,mar,tue,310,1,999,0,nonexistent,-1.8,92.843,-50.0,1.51,5099.1,no,0.24
64,retired,married,high.school,unknown,no,no,cellular,aug,tue,301,1,999,1,failure,-2.9,92.201,-31.4,0.859,5076.2,yes,0.24
46,admin.,married,high.school,no,yes,yes,telephone,oct,wed,149,1,999,0,nonexistent,-3.4,92.431,-26.9,0.724,5017.5,no,0.24
33,admin.,married,university.degree,no,yes,no,cellular,apr,thu,124,1,999,0,nonexistent,-1.8,93.075,-47.1,1.41,5099.1,no,0.24
25,self-employed,married,university.degree,no,yes,no,cellular,jun,fri,57,2,999,1,failure,-2.9,92.963,-40.8,1.268,5076.2,no,0.24
29,admin.,married,high.school,no,yes,no,cellular,nov,wed,85,1,999,1,failure,-3.4,92.649,-30.1,0.719,5017.5,no,0.24
30,admin.,single,university.degree,no,yes,yes,cellular,nov,tue,98,2,999,0,nonexistent,-3.4,92.649,-30.1,0.715,5017.5,no,0.24
65,admin.,divorced,university.degree,no,no,no,cellular,nov,fri,142,2,999,0,nonexistent,-3.4,92.649,-30.1,0.718,5017.5,no,0.24
50,self-employed,married,professional.course,no,yes,no,cellular,jun,tue,102,1,999,1,failure,-2.9,92.963,-40.8,1.252,5076.2,no,0.24
28,self-employed,single,university.degree,no,yes,no,cellular,may,mon,63,1,999,0,nonexistent,-1.8,92.893,-46.2,1.354,5099.1,no,0.24
53,blue-collar,married,basic.4y,no,yes,no,cellular,aug,mon,182,1,999,0,nonexistent,1.4,93.444,-36.1,4.965,5228.1,no,0.2391366423442826
38,technician,married,university.degree,no,no,no,cellular,mar,tue,261,1,999,0,nonexistent,-1.8,92.843,-50.0,1.687,5099.1,yes,0.23859175237378263
39,blue-collar,married,basic.6y,unknown,no,yes,cellular,jul,thu,122,1,999,0,nonexistent,1.4,93.918,-42.7,4.963,5228.1,no,0.23839540878646448
36,blue-collar,married,basic.9y,no,yes,yes,telephone,jun,fri,34,4,999,0,nonexistent,1.4,94.465,-41.8,4.959,5228.1,no,0.2375
33,housemaid,married,university.degree,no,no,no,cellular,jun,tue,224,1,999,0,nonexistent,-2.9,92.963,-40.8,1.099,5076.2,yes,0.2375
34,technician,married,professional.course,no,no,no,telephone,jun,wed,67,2,999,0,nonexistent,1.4,94.465,-41.8,4.958,5228.1,no,0.2375
52,technician,married,basic.6y,unknown,no,no,cellular,may,thu,498,1,12,1,success,-1.8,92.893,-46.2,1.266,5099.1,no,0.2375
30,admin.,single,university.degree,no,no,no,cellular,nov,tue,266,2,999,2,failure,-3.4,92.649,-30.1,0.715,5017.5,yes,0.2375
34,technician,married,professional.course,no,no,no,telephone,mar,mon,300,6,6,1,success,-1.8,93.369,-34.8,0.646,5008.7,yes,0.2375
67,retired,married,professional.course,no,no,no,telephone,apr,wed,47,2,999,0,nonexistent,-1.8,93.075,-47.1,1.415,5099.1,no,0.2375
38,services,married,high.school,no,yes,no,cellular,apr,thu,144,1,999,0,nonexistent,-1.8,93.075,-47.1,1.41,5099.1,no,0.2375
31,blue-collar,married,basic.9y,no,yes,no,cellular,jul,wed,229,1,999,0,nonexistent,1.4,93.918,-42.7,4.957,5228.1,no,0.2374073852751389
44,unemployed,divorced,basic.6y,no,no,no,cellular,may,mon,208,1,999,0,nonexistent,-1.8,92.893,-46.2,1.244,5099.1,no,0.23735149907563702
39,admin.,married,high.school,no,no,no,cellular,sep,mon,85,2,999,0,nonexistent,-3.4,92.379,-29.8,0.771,5017.5,no,0.23682741226690687
42,management,single,university.degree,no,unknown,unknown,cellular,jun,mon,83,4,999,0,nonexistent,-2.9,92.963,-40.8,1.26,5076.2,no,0.2365191301098718
25,services,single,high.school,unknown,yes,no,cellular,jul,wed,113,1,999,0,nonexistent,1.4,93.918,-42.7,4.963,5228.1,no,0.23556408678583288
29,management,married,university.degree,no,no,no,telephone,jun,wed,973,1,999,0,nonexistent,1.4,94.465,-41.8,4.962,5228.1,yes,0.235
47,technician,married,professional.course,no,no,no,cellular,jul,mon,208,10,999,0,nonexistent,1.4,93.918,-42.7,4.96,5228.1,no,0.235
58,retired,married,basic.4y,no,no,no,cellular,aug,tue,556,6,999,0,nonexistent,1.4,93.444,-36.1,4.965,5228.1,yes,0.235
60,retired,married,professional.course,unknown,no,no,telephone,may,wed,280,5,999,0,nonexistent,1.1,93.994,-36.4,4.858,5191.0,no,0.235
44,admin.,married,university.degree,no,yes,no,cellular,aug,thu,254,2,999,0,nonexistent,-2.9,92.201,-31.4,0.883,5076.2,yes,0.235
57,blue-collar,married,basic.9y,no,no,no,cellular,mar,fri,94,2,999,0,nonexistent,-1.8,93.369,-34.8,0.636,5008.7,no,0.235
50,management,divorced,university.degree,no,no,no,cellular,jul,mon,60,6,999,0,nonexistent,1.4,93.918,-42.7,4.962,5228.1,no,0.23472359635811837
50,admin.,married,high.school,no,yes,no,cellular,sep,fri,434,2,999,0,nonexistent,-3.4,92.379,-29.8,0.803,5017.5,yes,0.23456950335414672
41,housemaid,married,high.school,no,no,no,cellular,may,wed,174,2,999,0,nonexistent,-1.8,92.893,-46.2,1.281,5099.1,no,0.23438061950417433
35,management,married,university.degree,no,yes,no,cellular,oct,wed,1118,1,999,0,nonexistent,-3.4,92.431,-26.9,0.724,5017.5,no,0.23421373309433133
37,services,married,high.school,no,yes,no,cellular,jul,mon,91,2,999,0,nonexistent,-2.9,92.469,-33.6,0.944,5076.2,no,0.2342121421967577
33,technician,single,university.degree,no,no,no,cellular,nov,fri,64,1,999,0,nonexistent,-0.1,93.2,-42.0,4.021,5195.8,no,0.23414848254931717
55,technician,married,professional.course,no,yes,no,cellular,oct,tue,182,1,999,0,nonexistent,-3.4,92.431,-26.9,0.742,5017.5,no,0.23359012869052198
44,management,married,basic.6y,no,yes,no,cellular,apr,wed,139,1,999,0,nonexistent,-1.8,93.075,-47.1,1.415,5099.1,no,0.23273805146672535
29,unemployed,married,university.degree,no,yes,yes,cellular,may,fri,298,1,999,0,nonexistent,-1.8,92.893,-46.2,1.25,5099.1,no,0.2325
40,technician,single,university.degree,no,yes,yes,cellular,nov,fri,44,1,999,0,nonexistent,-0.1,93.2,-42.0,4.021,5195.8,no,0.2325
38,technician,single,professional.course,no,yes,no,cellular,jun,thu,113,1,999,0,nonexistent,-2.9,92.963,-40.8,1.26,5076.2,no,0.2325
31,entrepreneur,married,professional.course,no,yes,no,telephone,jun,fri,40,2,999,0,nonexistent,1.4,94.465,-41.8,4.959,5228.1,no,0.2325
29,admin.,single,basic.6y,no,yes,no,cellular,may,fri,135,3,999,1,failure,-1.8,92.893,-46.2,1.25,5099.1,no,0.2325
36,blue-collar,married,basic.9y,no,no,yes,cellular,may,tue,239,1,999,0,nonexistent,-1.8,92.893,-46.2,1.344,5099.1,no,0.2325
30,management,single,basic.9y,no,yes,no,cellular,may,fri,253,4,999,0,nonexistent,-1.8,92.893,-46.2,1.25,5099.1,no,0.2325
37,management,married,unknown,no,yes,no,cellular,nov,thu,884,3,999,0,nonexistent,-0.1,93.2,-42.0,4.076,5195.8,no,0.2325
50,management,married,university.degree,unknown,yes,no,cellular,aug,mon,699,4,999,0,nonexistent,1.4,93.444,-36.1,4.965,5228.1,yes,0.2325
69,retired,married,professional.course,no,yes,no,telephone,aug,mon,411,1,999,0,nonexistent,-2.9,92.201,-31.4,0.884,5076.2,no,0.23221927162367223
33,self-employed,married,university.degree,no,no,no,telephone,apr,thu,155,1,999,0,nonexistent,-1.8,93.075,-47.1,1.406,5099.1,no,0.23160178977801202
25,blue-collar,single,basic.9y,no,yes,no,telephone,may,wed,155,1,999,0,nonexistent,1.1,93.994,-36.4,4.859,5191.0,no,0.23
83,retired,married,basic.4y,no,yes,no,cellular,apr,thu,321,1,999,0,nonexistent,-1.8,93.075,-47.1,1.365,5099.1,no,0.23
27,services,single,university.degree,no,no,no,cellular,mar,mon,139,6,999,1,failure,-1.8,93.369,-34.8,0.652,5008.7,no,0.23
44,blue-collar,married,basic.9y,no,yes,yes,cellular,may,tue,180,1,999,0,nonexistent,-1.8,92.893,-46.2,1.344,5099.1,no,0.23
38,technician,married,professional.course,no,no,no,cellular,aug,mon,296,2,999,0,nonexistent,1.4,93.444,-36.1,4.963,5228.1,no,0.23
36,management,single,university.degree,no,no,no,telephone,jun,mon,301,6,999,0,nonexistent,1.4,94.465,-41.8,4.96,5228.1,no,0.23
20,technician,single,professional.course,unknown,no,no,cellular,may,fri,232,2,999,0,nonexistent,-1.8,92.893,-46.2,1.25,5099.1,no,0.23
37,management,divorced,university.degree,no,yes,no,cellular,may,mon,1173,3,9,1,success,-1.8,92.893,-46.2,1.244,5099.1,yes,0.23
24,technician,single,high.school,no,yes,no,cellular,may,mon,841,4,999,0,nonexistent,-1.8,92.893,-46.2,1.354,5099.1,yes,0.22984842998084754
29,admin.,single,professional.course,no,no,no,cellular,apr,thu,427,3,999,0,nonexistent,-1.8,93.075,-47.1,1.365,5099.1,yes,0.22949265086853374
39,blue-collar,married,basic.6y,unknown,no,no,cellular,may,fri,173,2,999,0,nonexistent,-1.8,92.893,-46.2,1.25,5099.1,no,0.2294853121341646
22,services,married,basic.9y,no,yes,no,cellular,jul,tue,209,2,999,0,nonexistent,1.4,93.918,-42.7,4.961,5228.1,no,0.2275
51,self-employed,married,basic.9y,no,no,no,telephone,may,wed,246,2,12,1,success,-1.8,92.893,-46.2,1.281,5099.1,no,0.22677558757369007
25,self-employed,single,unknown,no,no,no,cellular,apr,mon,131,2,999,1,failure,-1.8,93.749,-34.6,0.643,5008.7,no,0.225
32,admin.,single,university.degree,no,no,no,cellular,may,wed,103,1,999,0,nonexistent,-1.8,92.893,-46.2,1.27,5099.1,no,0.225
81,retired,married,basic.4y,no,yes,no,cellular,oct,wed,621,1,999,2,failure,-1.1,94.601,-49.5,1.016,4963.6,yes,0.225
50,admin.,divorced,university.degree,no,yes,yes,cellular,may,mon,644,1,999,0,nonexistent,-1.8,92.893,-46.2,1.264,5099.1,no,0.225
24,blue-collar,single,basic.9y,no,yes,no,cellular,may,fri,54,4,999,0,nonexistent,-1.8,92.893,-46.2,1.25,5099.1,no,0.225
28,technician,single,university.degree,no,no,no,cellular,mar,mon,142,2,999,0,nonexistent,-1.8,92.843,-50.0,1.811,5099.1,no,0.225
34,management,married,university.degree,no,no,no,telephone,oct,wed,290,2,999,0,nonexistent,-3.4,92.431,-26.9,0.742,5017.5,yes,0.225
55,blue-collar,single,basic.4y,no,yes,no,cellular,apr,wed,171,2,999,0,nonexistent,-1.8,93.075,-47.1,1.415,5099.1,no,0.22485137133854216
48,blue-collar,married,unknown,no,no,no,telephone,aug,mon,63,1,999,0,nonexistent,1.4,93.444,-36.1,4.963,5228.1,no,0.22480551555980618
37,admin.,married,high.school,no,no,no,cellular,may,mon,14,3,999,0,nonexistent,-1.8,92.893,-46.2,1.244,5099.1,no,0.22471540212443095
27,admin.,single,university.degree,no,yes,no,cellular,may,thu,172,1,999,0,nonexistent,-1.8,92.893,-46.2,1.266,5099.1,no,0.2245891981251669
27,technician,married,basic.9y,no,yes,yes,cellular,jul,fri,906,2,999,0,nonexistent,1.4,93.918,-42.7,4.963,5228.1,no,0.2244995220538031
36,management,married,university.degree,no,no,no,cellular,mar,thu,709,2,999,0,nonexistent,-1.8,92.843,-50.0,1.538,5099.1,yes,0.22444573014208696
50,management,divorced,high.school,no,no,no,cellular,jul,tue,36,1,999,0,nonexistent,1.4,93.918,-42.7,4.961,5228.1,no,0.2242460344800802
29,management,single,basic.9y,no,no,no,cellular,jul,fri,652,2,999,0,nonexistent,1.4,93.918,-42.7,4.957,5228.1,no,0.22394736863782327
40,retired,single,basic.4y,no,yes,yes,cellular,apr,tue,145,1,999,0,nonexistent,-1.8,93.075,-47.1,1.453,5099.1,no,0.22355570143459347
27,admin.,married,high.school,no,yes,no,cellular,jul,thu,141,1,999,0,nonexistent,1.4,93.918,-42.7,4.963,5228.1,no,0.22305319321017442
32,unemployed,married,professional.course,no,yes,no,telephone,nov,tue,486,1,999,0,nonexistent,-0.1,93.2,-42.0,4.343,5195.8,yes,0.2225
47,admin.,single,university.degree,no,yes,no,cellular,jun,tue,119,1,999,4,failure,-1.7,94.055,-39.8,0.702,4991.6,no,0.2225
25,management,married,university.degree,no,yes,no,cellular,may,thu,200,1,999,0,nonexistent,-1.8,92.893,-46.2,1.266,5099.1,no,0.2225
30,admin.,married,university.degree,no,yes,no,telephone,aug,thu,181,1,999,0,nonexistent,-2.9,92.201,-31.4,0.873,5076.2,no,0.22199718840421465
36,admin.,married,university.degree,no,no,no,cellular,jun,wed,334,1,999,0,nonexistent,-2.9,92.963,-40.8,1.26,5076.2,no,0.221915191054867
33,self-employed,married,university.degree,no,no,no,cellular,aug,fri,36,7,999,0,nonexistent,1.4,93.444,-36.1,4.966,5228.1,no,0.2217096366771014
35,admin.,married,high.school,unknown,no,no,cellular,jul,mon,356,3,999,0,nonexistent,1.4,93.918,-42.7,4.962,5228.1,no,0.22
30,admin.,married,high.school,no,no,no,telephone,jun,thu,162,3,999,0,nonexistent,1.4,94.465,-41.8,4.961,5228.1,no,0.22
91,retired,married,university.degree,no,no,yes,cellular,sep,wed,223,2,999,0,nonexistent,-3.4,92.379,-29.8,0.781,5017.5,no,0.22
18,student,single,unknown,no,yes,no,cellular,sep,fri,563,1,999,0,nonexistent,-3.4,92.379,-29.8,0.803,5017.5,yes,0.22
49,technician,single,university.degree,no,no,no,telephone,may,mon,8,1,999,0,nonexistent,-1.8,93.876,-40.0,0.701,5008.7,no,0.22
39,blue-collar,married,basic.9y,no,yes,yes,telephone,may,mon,162,4,999,0,nonexistent,1.1,93.994,-36.4,4.857,5191.0,no,0.22
33,services,married,high.school,no,unknown,unknown,cellular,may,fri,333,1,999,1,failure,-1.8,92.893,-46.2,1.25,5099.1,no,0.22
55,housemaid,married,basic.4y,no,yes,no,cellular,apr,mon,1435,1,999,0,nonexistent,-1.8,93.075,-47.1,1.466,5099.1,yes,0.22
54,self-employed,married,university.degree,no,no,no,cellular,oct,thu,99,3,999,0,nonexistent,-1.1,94.601,-49.5,0.987,4963.6,no,0.2195108561728226
31,blue-collar,single,basic.9y,no,no,no,telephone,apr,thu,285,2,999,0,nonexistent,-1.8,93.075,-47.1,1.483,5099.1,no,0.21903365282249507
45,blue-collar,married,university.degree,no,no,no,telephone,oct,tue,79,2,999,0,nonexistent,-3.4,92.431,-26.9,0.728,5017.5,no,0.21899609226108857
29,management,single,university.degree,no,yes,no,telephone,nov,wed,103,1,999,0,nonexistent,-0.1,93.2,-42.0,4.12,5195.8,no,0.21792342088222186
25,technician,married,university.degree,no,no,no,cellular,may,mon,106,1,999,2,failure,-1.8,92.893,-46.2,1.354,5099.1,no,0.2175
53,technician,married,professional.course,no,yes,yes,cellular,mar,mon,109,1,999,1,failure,-1.8,93.369,-34.8,0.646,5008.7,no,0.2175
31,technician,single,university.degree,no,yes,no,telephone,jun,wed,119,1,999,0,nonexistent,-1.7,94.055,-39.8,0.767,4991.6,no,0.21721426403641883
23,technician,single,professional.course,no,no,yes,cellular,apr,tue,422,4,999,0,nonexistent,-1.8,93.075,-47.1,1.423,5099.1,no,0.21720713201820943
22,student,single,basic.9y,no,no,no,telephone,aug,mon,297,1,999,0,nonexistent,-2.9,92.201,-31.4,0.861,5076.2,no,0.21577574649295692
53,technician,married,professional.course,no,yes,no,telephone,sep,fri,384,1,999,0,nonexistent,-3.4,92.379,-29.8,0.803,5017.5,no,0.215
26,admin.,single,high.school,no,no,no,cellular,jul,thu,241,4,999,0,nonexistent,1.4,93.918,-42.7,4.963,5228.1,no,0.215
21,unemployed,single,high.school,no,yes,no,telephone,aug,tue,172,2,999,0,nonexistent,-2.9,92.201,-31.4,0.883,5076.2,no,0.215
32,technician,married,professional.course,no,unknown,unknown,telephone,aug,fri,9,2,999,0,nonexistent,1.4,93.444,-36.1,4.964,5228.1,no,0.215
29,unemployed,married,university.degree,no,yes,no,cellular,may,fri,317,1,999,0,nonexistent,-1.8,92.893,-46.2,1.25,5099.1,yes,0.215
23,admin.,single,university.degree,no,no,no,cellular,apr,wed,314,1,999,1,failure,-1.8,93.075,-47.1,1.405,5099.1,yes,0.215
28,blue-collar,single,high.school,no,yes,no,telephone,jun,mon,102,2,999,0,nonexistent,1.4,94.465,-41.8,4.865,5228.1,no,0.215
81,retired,married,basic.9y,no,no,no,cellular,may,mon,170,2,999,1,failure,-1.8,92.893,-46.2,1.354,5099.1,no,0.215
37,self-employed,married,university.degree,no,no,no,telephone,jun,mon,363,1,999,0,nonexistent,-1.7,94.055,-39.8,0.754,4991.6,yes,0.215
32,admin.,single,university.degree,no,yes,no,cellular,mar,mon,364,3,999,0,nonexistent,-1.8,92.843,-50.0,1.52,5099.1,yes,0.21471972685887708
30,admin.,single,university.degree,no,no,no,cellular,jul,thu,36,2,999,0,nonexistent,1.4,93.918,-42.7,4.958,5228.1,no,0.21458237052824256
30,admin.,single,university.degree,no,no,no,cellular,jul,thu,257,2,999,0,nonexistent,1.4,93.918,-42.7,4.958,5228.1,no,0.21458237052824256
30,admin.,single,university.degree,no,no,no,cellular,nov,mon,106,1,999,0,nonexistent,-3.4,92.649,-30.1,0.722,5017.5,yes,0.2144957157670687
38,admin.,divorced,university.degree,no,yes,no,cellular,apr,tue,177,2,999,0,nonexistent,-1.8,93.075,-47.1,1.384,5099.1,yes,0.2137416102814223
36,management,married,university.degree,no,yes,no,cellular,mar,thu,141,1,999,1,failure,-1.8,92.843,-50.0,1.538,5099.1,no,0.2132063712483736
60,admin.,married,professional.course,no,yes,no,cellular,apr,thu,571,1,999,0,nonexistent,-1.8,93.075,-47.1,1.365,5099.1,yes,0.21275360687128383
37,admin.,married,high.school,no,yes,yes,cellular,jun,tue,123,2,999,0,nonexistent,-2.9,92.963,-40.8,1.262,5076.2,no,0.2125
25,student,single,high.school,no,no,no,telephone,nov,tue,345,2,999,0,nonexistent,-3.4,92.649,-30.1,0.715,5017.5,no,0.2125
60,admin.,married,university.degree,unknown,no,no,telephone,jun,wed,521,11,999,0,nonexistent,1.4,94.465,-41.8,4.962,5228.1,no,0.2125
39,admin.,married,high.school,no,no,yes,cellular,may,thu,105,1,999,0,nonexistent,-1.8,92.893,-46.2,1.266,5099.1,no,0.2125
46,student,single,unknown,no,yes,no,cellular,jul,fri,587,5,999,0,nonexistent,1.4,93.918,-42.7,4.962,5228.1,no,0.2125
32,services,married,professional.course,no,yes,no,cellular,nov,wed,186,1,999,0,nonexistent,-0.1,93.2,-42.0,4.12,5195.8,no,0.2125
35,technician,single,professional.course,no,yes,no,cellular,jul,mon,154,3,999,0,nonexistent,1.4,93.918,-42.7,4.962,5228.1,no,0.2125
25,self-employed,single,unknown,no,no,no,cellular,apr,mon,232,3,999,1,failure,-1.8,93.749,-34.6,0.643,5008.7,no,0.2125
36,entrepreneur,married,university.degree,no,no,yes,cellular,jul,wed,56,1,999,0,nonexistent,1.4,93.918,-42.7,4.963,5228.1,no,0.2125
20,student,single,high.school,no,yes,yes,cellular,jun,wed,74,2,999,1,failure,-2.9,92.963,-40.8,1.26,5076.2,no,0.2125
37,blue-collar,married,basic.9y,no,yes,no,cellular,may,wed,133,2,1,1,success,-1.8,92.893,-46.2,1.27,5099.1,no,0.2125
27,management,single,university.degree,no,no,no,cellular,jul,thu,528,1,999,0,nonexistent,1.4,93.918,-42.7,4.962,5228.1,no,0.21119933870041496
31,admin.,single,high.school,no,yes,no,cellular,jul,wed,183,1,999,0,nonexistent,1.4,93.918,-42.7,4.957,5228.1,no,0.2105199557237067
57,retired,married,basic.4y,no,yes,yes,cellular,jun,tue,162,3,999,0,nonexistent,-2.9,92.963,-40.8,1.252,5076.2,yes,0.21
35,management,divorced,university.degree,no,unknown,unknown,cellular,aug,mon,123,3,999,0,nonexistent,1.4,93.444,-36.1,4.965,5228.1,no,0.21
31,admin.,married,university.degree,no,no,no,telephone,apr,wed,118,3,999,0,nonexistent,-1.8,93.075,-47.1,1.415,5099.1,yes,0.21
30,admin.,single,university.degree,no,no,no,cellular,jun,thu,323,1,999,0,nonexistent,-2.9,92.963,-40.8,1.26,5076.2,yes,0.21
26,technician,single,professional.course,no,yes,no,cellular,apr,fri,378,1,999,0,nonexistent,-1.8,93.075,-47.1,1.405,5099.1,yes,0.21
49,admin.,divorced,university.degree,no,no,no,cellular,apr,thu,532,1,999,0,nonexistent,-1.8,93.075,-47.1,1.365,5099.1,yes,0.20943843931486963
40,admin.,married,university.degree,no,no,no,cellular,apr,thu,815,1,999,0,nonexistent,-1.8,93.075,-47.1,1.365,5099.1,yes,0.20920782502836194
51,admin.,married,university.degree,no,yes,no,cellular,aug,wed,519,9,999,0,nonexistent,1.4,93.444,-36.1,4.964,5228.1,yes,0.2075
52,management,married,basic.6y,no,no,no,cellular,nov,mon,209,2,999,1,failure,-3.4,92.649,-30.1,0.722,5017.5,yes,0.2075
45,technician,divorced,university.degree,no,no,no,cellular,jun,tue,224,1,999,0,nonexistent,-2.9,92.963,-40.8,1.099,5076.2,no,0.2075
51,admin.,divorced,university.degree,no,yes,yes,cellular,nov,thu,249,2,999,0,nonexistent,-0.1,93.2,-42.0,4.076,5195.8,no,0.2075
38,services,divorced,high.school,no,no,no,cellular,may,fri,78,1,999,1,failure,-1.8,92.893,-46.2,1.25,5099.1,no,0.2075
34,admin.,married,university.degree,no,yes,no,cellular,apr,tue,565,2,999,0,nonexistent,-1.8,93.075,-47.1,1.423,5099.1,no,0.20746843702579668
23,student,single,basic.9y,no,no,yes,cellular,may,fri,563,1,999,0,nonexistent,-1.8,92.893,-46.2,1.259,5099.1,no,0.2073081347101274
53,housemaid,married,basic.4y,no,yes,no,cellular,sep,fri,129,2,999,0,nonexistent,-3.4,92.379,-29.8,0.773,5017.5,no,0.20722359635811835
38,blue-collar,married,basic.4y,no,unknown,unknown,cellular,may,thu,141,1,999,0,nonexistent,-1.8,92.893,-46.2,1.266,5099.1,no,0.20721221547799698
36,services,married,university.degree,no,yes,no,cellular,nov,wed,37,2,999,0,nonexistent,-0.1,93.2,-42.0,4.12,5195.8,no,0.2070069073998085
39,blue-collar,single,basic.9y,no,yes,no,cellular,may,mon,85,1,999,0,nonexistent,-1.8,92.893,-46.2,1.299,5099.1,no,0.20575191733075104
39,blue-collar,single,basic.9y,no,yes,no,cellular,may,mon,333,1,999,0,nonexistent,-1.8,92.893,-46.2,1.299,5099.1,no,0.20575191733075104
63,retired,married,university.degree,no,no,no,cellular,aug,tue,177,1,999,0,nonexistent,-2.9,92.201,-31.4,0.859,5076.2,no,0.205
55,blue-collar,divorced,basic.4y,no,yes,no,cellular,jul,tue,82,3,999,0,nonexistent,1.4,93.918,-42.7,4.961,5228.1,no,0.205
43,blue-collar,married,basic.6y,no,no,no,telephone,jun,wed,192,1,999,0,nonexistent,1.4,94.465,-41.8,4.962,5228.1,no,0.205
47,blue-collar,married,basic.4y,no,yes,no,telephone,may,fri,302,1,999,0,nonexistent,1.1,93.994,-36.4,4.857,5191.0,no,0.2044905691234191
40,admin.,married,university.degree,no,no,yes,cellular,aug,tue,445,3,999,0,nonexistent,1.4,93.444,-36.1,4.968,5228.1,no,0.20432033346585826
45,management,married,professional.course,no,yes,no,cellular,nov,thu,619,3,999,0,nonexistent,-0.1,93.2,-42.0,4.076,5195.8,no,0.20420165436495524
35,blue-collar,married,high.school,no,no,no,cellular,may,wed,285,1,999,0,nonexistent,-1.8,92.893,-46.2,1.334,5099.1,no,0.20387765091678087
43,blue-collar,married,high.school,unknown,unknown,unknown,cellular,apr,fri,239,1,999,1,failure,-1.8,93.075,-47.1,1.405,5099.1,no,0.2025
54,admin.,married,university.degree,no,yes,no,telephone,may,thu,98,1,999,0,nonexistent,1.1,93.994,-36.4,4.855,5191.0,no,0.2025
45,blue-collar,married,high.school,no,yes,no,cellular,nov,mon,162,2,999,0,nonexistent,-3.4,92.649,-30.1,0.722,5017.5,yes,0.2025
31,admin.,married,university.degree,no,no,no,telephone,jun,thu,256,2,999,0,nonexistent,1.4,94.465,-41.8,4.866,5228.1,no,0.2025
44,blue-collar,married,basic.4y,unknown,no,no,cellular,may,tue,659,1,999,1,failure,-1.8,92.893,-46.2,1.344,5099.1,no,0.2025
38,student,single,unknown,no,yes,yes,cellular,aug,tue,158,2,999,0,nonexistent,-2.9,92.201,-31.4,0.838,5076.2,no,0.2025
38,technician,married,professional.course,no,no,no,cellular,aug,mon,923,1,999,1,failure,-2.9,92.201,-31.4,0.884,5076.2,yes,0.2025
29,entrepreneur,divorced,basic.9y,no,yes,no,telephone,may,thu,596,1,999,0,nonexistent,1.1,93.994,-36.4,4.86,5191.0,no,0.2025
29,admin.,divorced,basic.9y,no,yes,no,cellular,apr,thu,114,4,999,0,nonexistent,-1.8,93.075,-47.1,1.41,5099.1,no,0.2025
33,self-employed,married,university.degree,no,yes,no,cellular,jul,wed,99,2,999,0,nonexistent,1.4,93.918,-42.7,4.962,5228.1,no,0.2019449924127466
43,admin.,married,high.school,no,yes,no,cellular,jul,thu,1259,1,999,0,nonexistent,1.4,93.918,-42.7,4.962,5228.1,no,0.20151408088957787
35,admin.,single,university.degree,no,yes,no,cellular,aug,mon,129,4,999,0,nonexistent,1.4,93.444,-36.1,4.963,5228.1,no,0.2
34,admin.,married,university.degree,unknown,no,no,cellular,aug,tue,146,1,999,0,nonexistent,1.4,93.444,-36.1,4.968,5228.1,no,0.2
59,housemaid,married,basic.4y,no,yes,no,cellular,aug,thu,121,6,999,0,nonexistent,-2.9,92.201,-31.4,0.883,5076.2,no,0.2
24,admin.,single,university.degree,no,yes,no,cellular,apr,thu,342,3,999,0,nonexistent,-1.8,93.075,-47.1,1.365,5099.1,yes,0.2
45,admin.,single,university.degree,no,unknown,unknown,cellular,nov,tue,133,3,999,1,failure,-3.4,92.649,-30.1,0.715,5017.5,no,0.2
39,blue-collar,married,basic.9y,unknown,no,no,cellular,jul,tue,181,1,999,0,nonexistent,1.4,93.918,-42.7,4.961,5228.1,no,0.2
54,admin.,married,university.degree,no,no,no,cellular,jul,thu,9,5,999,0,nonexistent,1.4,93.918,-42.7,4.968,5228.1,no,0.2
32,admin.,divorced,university.degree,no,no,no,telephone,jun,mon,106,10,999,0,nonexistent,1.4,94.465,-41.8,4.96,5228.1,no,0.2
34,admin.,married,university.degree,no,no,no,telephone,jun,wed,84,4,999,0,nonexistent,-2.9,92.963,-40.8,1.244,5076.2,no,0.2
57,admin.,married,professional.course,no,yes,no,cellular,jul,tue,425,1,999,0,nonexistent,1.4,93.918,-42.7,4.962,5228.1,no,0.1998998557660788
80,retired,divorced,basic.4y,no,no,no,cellular,oct,tue,96,1,999,0,nonexistent,-3.4,92.431,-26.9,0.744,5017.5,no,0.19984739282897382
35,technician,married,high.school,no,no,no,cellular,aug,thu,787,1,999,0,nonexistent,1.4,93.444,-36.1,4.962,5228.1,no,0.19957115459326577
19,student,single,basic.9y,no,yes,no,cellular,apr,tue,299,1,999,0,nonexistent,-1.8,93.075,-47.1,1.453,5099.1,yes,0.19933489029366405
71,retired,married,basic.9y,no,no,no,cellular,oct,wed,237,1,999,0,nonexistent,-3.4,92.431,-26.9,0.742,5017.5,no,0.19911687471537448
46,admin.,married,university.degree,unknown,no,no,cellular,aug,tue,123,2,999,0,nonexistent,1.4,93.444,-36.1,4.968,5228.1,no,0.19874628187253504
32,admin.,single,high.school,no,yes,no,cellular,jul,wed,156,1,999,0,nonexistent,1.4,93.918,-42.7,4.957,5228.1,no,0.19819736246716535
42,admin.,single,professional.course,no,yes,no,cellular,apr,tue,251,1,999,0,nonexistent,-1.8,93.075,-47.1,1.423,5099.1,no,0.19812235056120867
58,unemployed,divorced,professional.course,no,no,yes,cellular,aug,thu,142,1,999,0,nonexistent,-2.9,92.201,-31.4,0.883,5076.2,no,0.1975
44,technician,single,university.degree,no,no,no,cellular,nov,thu,284,1,999,0,nonexistent,-0.1,93.2,-42.0,4.076,5195.8,no,0.1975
34,admin.,married,university.degree,no,yes,no,cellular,aug,mon,227,2,999,0,nonexistent,-2.9,92.201,-31.4,0.843,5076.2,no,0.1975
60,retired,married,basic.6y,no,yes,yes,telephone,apr,mon,384,5,999,0,nonexistent,-1.8,93.075,-47.1,1.405,5099.1,no,0.1975
37,blue-collar,married,professional.course,no,no,no,cellular,apr,thu,188,1,999,0,nonexistent,-1.8,93.075,-47.1,1.435,5099.1,no,0.1975
59,technician,divorced,professional.course,no,no,no,cellular,apr,mon,185,1,999,0,nonexistent,-1.8,93.075,-47.1,1.405,5099.1,yes,0.1975
51,blue-collar,married,basic.4y,no,yes,no,cellular,may,mon,59,2,999,0,nonexistent,-1.8,92.893,-46.2,1.354,5099.1,no,0.1975
24,services,single,high.school,no,yes,no,cellular,apr,tue,850,2,999,0,nonexistent,-1.8,93.075,-47.1,1.423,5099.1,yes,0.1975
39,student,single,unknown,no,yes,no,cellular,jun,fri,474,3,999,0,nonexistent,-2.9,92.963,-40.8,1.224,5076.2,yes,0.1975
54,services,divorced,high.school,no,yes,no,cellular,oct,wed,487,3,999,2,failure,-1.1,94.601,-49.5,1.016,4963.6,yes,0.1975
60,retired,married,professional.course,no,yes,no,cellular,sep,thu,104,1,999,1,failure,-3.4,92.379,-29.8,0.809,5017.5,no,0.1975
36,admin.,divorced,university.degree,no,no,yes,cellular,nov,thu,56,2,999,0,nonexistent,-0.1,93.2,-42.0,4.076,5195.8,no,0.19735264815528988
57,retired,divorced,university.degree,no,yes,no,telephone,nov,tue,21,1,999,0,nonexistent,-0.1,93.2,-42.0,4.7,5195.8,no,0.19721001517450681
29,admin.,single,university.degree,no,no,no,cellular,apr,wed,295,1,999,0,nonexistent,-1.8,93.075,-47.1,1.498,5099.1,no,0.1966841574740341
25,technician,single,university.degree,no,yes,no,telephone,may,tue,38,1,999,0,nonexistent,1.1,93.994,-36.4,4.856,5191.0,no,0.19655628811902026
53,admin.,married,basic.9y,no,yes,no,cellular,aug,tue,158,1,999,0,nonexistent,1.4,93.444,-36.1,4.966,5228.1,no,0.19574850594855722
33,unemployed,married,basic.4y,no,no,no,cellular,may,mon,205,1,999,0,nonexistent,-1.8,92.893,-46.2,1.244,5099.1,no,0.195
31,admin.,single,university.degree,no,yes,no,cellular,jul,mon,202,4,999,0,nonexistent,-2.9,92.469,-33.6,1.048,5076.2,yes,0.195
32,technician,single,high.school,no,yes,no,cellular,jul,wed,229,1,999,0,nonexistent,1.4,93.918,-42.7,4.963,5228.1,no,0.195
49,blue-collar,married,basic.4y,unknown,no,no,telephone,jun,thu,57,2,999,0,nonexistent,1.4,94.465,-41.8,4.866,5228.1,no,0.195
36,blue-collar,married,basic.9y,no,unknown,unknown,cellular,apr,fri,329,2,999,0,nonexistent,-1.8,93.075,-47.1,1.479,5099.1,no,0.195
34,admin.,single,high.school,no,no,no,cellular,apr,tue,231,1,999,0,nonexistent,-1.8,93.075,-47.1,1.453,5099.1,no,0.1947150986342944
43,services,married,high.school,no,yes,yes,cellular,jul,mon,1212,1,999,0,nonexistent,1.4,93.918,-42.7,4.96,5228.1,yes,0.19463948238368747
25,blue-collar,married,basic.4y,no,no,no,cellular,may,fri,114,2,999,0,nonexistent,-1.8,92.893,-46.2,1.25,5099.1,no,0.19405790382106805
29,admin.,single,university.degree,no,yes,yes,cellular,aug,wed,153,3,999,0,nonexistent,1.4,93.444,-36.1,4.964,5228.1,no,0.194055659965732
18,student,single,high.school,no,no,no,cellular,may,fri,271,1,999,1,failure,-1.8,92.893,-46.2,1.259,5099.1,yes,0.19384962248836315
27,admin.,married,university.degree,no,no,no,cellular,jul,fri,146,1,999,0,nonexistent,1.4,93.918,-42.7,4.957,5228.1,no,0.1934164040516147
32,self-employed,married,university.degree,no,yes,no,cellular,nov,fri,54,1,999,0,nonexistent,-0.1,93.2,-42.0,4.021,5195.8,no,0.1931409905580099
56,retired,married,basic.4y,no,yes,yes,cellular,nov,thu,258,1,999,0,nonexistent,-0.1,93.2,-42.0,4.076,5195.8,no,0.1925
62,retired,divorced,university.degree,no,yes,no,telephone,oct,wed,129,3,999,0,nonexistent,-3.4,92.431,-26.9,0.735,5017.5,no,0.1925
47,services,married,high.school,no,unknown,unknown,telephone,jun,wed,347,4,999,0,nonexistent,1.4,94.465,-41.8,4.962,5228.1,no,0.1925
52,blue-collar,married,basic.4y,no,no,no,cellular,aug,mon,209,2,999,0,nonexistent,1.4,93.444,-36.1,4.965,5228.1,no,0.1925
34,blue-collar,married,basic.9y,no,yes,no,cellular,may,mon,239,2,11,1,success,-1.8,92.893,-46.2,1.244,5099.1,no,0.1925
30,admin.,married,university.degree,no,no,no,cellular,apr,tue,161,1,999,0,nonexistent,-1.8,93.075,-47.1,1.423,5099.1,yes,0.1925
25,technician,married,university.degree,no,yes,no,cellular,may,tue,127,1,12,1,success,-1.8,92.893,-46.2,1.291,5099.1,no,0.19239956064613434
35,admin.,married,university.degree,no,no,no,cellular,oct,wed,371,1,999,1,failure,-3.4,92.431,-26.9,0.74,5017.5,yes,0.1922166919575114
31,services,single,high.school,no,no,yes,cellular,may,tue,450,2,999,0,nonexistent,-1.8,92.893,-46.2,1.291,5099.1,no,0.19115557311987935
32,admin.,single,university.degree,no,yes,no,cellular,dec,tue,449,2,999,0,nonexistent,-3.0,92.713,-33.0,0.707,5023.5,yes,0.19061551778844651
34,technician,married,professional.course,no,yes,no,cellular,nov,mon,53,2,999,1,failure,-3.4,92.649,-30.1,0.722,5017.5,no,0.19
48,blue-collar,married,basic.9y,unknown,no,no,cellular,aug,thu,1111,3,999,0,nonexistent,1.4,93.444,-36.1,4.963,5228.1,no,0.19
28,admin.,single,university.degree,no,no,no,cellular,jul,tue,35,3,999,0,nonexistent,1.4,93.918,-42.7,4.961,5228.1,no,0.19
34,unknown,married,basic.4y,no,yes,yes,cellular,apr,thu,91,4,999,0,nonexistent,-1.8,93.075,-47.1,1.406,5099.1,no,0.19
33,blue-collar,married,basic.9y,no,yes,no,telephone,jun,wed,15,1,999,2,failure,-1.7,94.055,-39.8,0.727,4991.6,no,0.19
28,services,single,university.degree,no,yes,no,cellular,jul,mon,316,4,999,0,nonexistent,-2.9,92.469,-33.6,1.048,5076.2,yes,0.19
33,technician,married,high.school,no,yes,no,cellular,aug,thu,115,1,999,0,nonexistent,1.4,93.444,-36.1,4.963,5228.1,no,0.18988590519115206
23,admin.,single,high.school,no,no,no,telephone,jul,thu,331,1,999,0,nonexistent,-1.7,94.215,-40.3,0.899,4991.6,no,0.18984975226819378
32,blue-collar,married,professional.course,unknown,no,no,cellular,apr,thu,140,2,999,0,nonexistent,-1.8,93.075,-47.1,1.365,5099.1,no,0.18972086494688922
30,services,single,professional.course,no,yes,no,cellular,apr,fri,186,2,999,0,nonexistent,-1.8,93.075,-47.1,1.405,5099.1,no,0.18971433990895295
50,blue-collar,married,professional.course,unknown,yes,no,cellular,jul,mon,201,3,999,0,nonexistent,1.4,93.918,-42.7,4.962,5228.1,no,0.18971433990895295
35,technician,divorced,professional.course,no,no,no,cellular,aug,fri,424,4,999,0,nonexistent,1.4,93.444,-36.1,4.966,5228.1,no,0.18971327769347496
34,technician,single,university.degree,no,no,no,cellular,jul,tue,173,1,999,0,nonexistent,1.4,93.918,-42.7,4.962,5228.1,no,0.1895668335699645
30,services,single,high.school,no,yes,yes,cellular,may,fri,255,2,999,0,nonexistent,-1.8,92.893,-46.2,1.25,5099.1,no,0.18949534775846544
60,management,married,university.degree,no,no,no,cellular,jul,fri,241,2,999,0,nonexistent,1.4,93.918,-42.7,4.962,5228.1,no,0.18943611532625187
49,blue-collar,divorced,basic.6y,unknown,yes,no,cellular,jul,mon,786,4,999,0,nonexistent,1.4,93.918,-42.7,4.962,5228.1,no,0.1890199141773945
30,admin.,single,high.school,no,yes,no,cellular,aug,fri,406,3,999,0,nonexistent,1.4,93.444,-36.1,4.966,5228.1,no,0.18888187594110387
29,services,married,basic.9y,no,yes,no,cellular,jul,fri,1389,2,999,0,nonexistent,1.4,93.918,-42.7,4.963,5228.1,no,0.18817184000528647
28,admin.,single,high.school,no,no,no,cellular,jul,mon,259,3,999,0,nonexistent,1.4,93.918,-42.7,4.962,5228.1,no,0.18815638889180125
52,admin.,married,university.degree,no,no,no,cellular,sep,fri,1104,2,999,0,nonexistent,-3.4,92.379,-29.8,0.762,5017.5,yes,0.1879157384952527
53,unknown,single,unknown,no,yes,no,cellular,jul,thu,343,1,999,0,nonexistent,1.4,93.918,-42.7,4.962,5228.1,no,0.1875
35,technician,single,professional.course,no,no,yes,cellular,may,thu,181,2,999,1,failure,-1.8,92.893,-46.2,1.327,5099.1,no,0.1875
41,services,single,high.school,no,yes,yes,cellular,apr,wed,264,2,999,0,nonexistent,-1.8,93.075,-47.1,1.415,5099.1,yes,0.1875
32,management,married,professional.course,unknown,no,no,cellular,jul,mon,565,4,999,0,nonexistent,1.4,93.918,-42.7,4.962,5228.1,no,0.1875
66,retired,married,unknown,no,no,no,cellular,aug,mon,43,1,999,2,failure,-2.9,92.201,-31.4,0.861,5076.2,no,0.1875
35,technician,married,professional.course,no,yes,no,cellular,sep,thu,447,1,999,2,failure,-1.1,94.199,-37.5,0.878,4963.6,no,0.1875
54,retired,divorced,basic.4y,no,yes,no,cellular,jul,tue,237,1,999,0,nonexistent,1.4,93.918,-42.7,4.961,5228.1,no,0.1875
44,admin.,married,university.degree,unknown,yes,no,telephone,may,fri,124,2,999,0,nonexistent,1.1,93.994,-36.4,4.857,5191.0,no,0.1875
55,admin.,divorced,university.degree,no,no,no,cellular,apr,thu,260,1,999,0,nonexistent,-1.8,93.075,-47.1,1.365,5099.1,yes,0.18736507191195984
20,student,single,unknown,no,yes,no,cellular,apr,wed,184,4,999,0,nonexistent,-1.8,93.075,-47.1,1.498,5099.1,yes,0.18714671265535274
53,self-employed,married,university.degree,no,yes,no,cellular,nov,fri,61,4,999,0,nonexistent,-0.1,93.2,-42.0,4.021,5195.8,no,0.1870967024366833
33,management,married,university.degree,no,yes,no,telephone,mar,thu,181,1,999,0,nonexistent,-1.8,92.843,-50.0,1.757,5099.1,yes,0.18654159716541013
52,blue-collar,married,basic.4y,unknown,yes,no,cellular,jul,wed,294,1,999,0,nonexistent,1.4,93.918,-42.7,4.957,5228.1,no,0.18632699294376412
28,admin.,single,university.degree,no,unknown,unknown,cellular,aug,mon,148,1,999,2,failure,-2.9,92.201,-31.4,0.861,5076.2,no,0.185
41,blue-collar,single,basic.9y,no,yes,yes,cellular,may,wed,366,1,999,0,nonexistent,-1.8,92.893,-46.2,1.334,5099.1,no,0.185
38,admin.,divorced,university.degree,no,no,no,cellular,may,mon,79,3,999,0,nonexistent,-1.8,92.893,-46.2,1.299,5099.1,no,0.185
43,admin.,single,high.school,no,no,no,cellular,may,thu,209,2,999,0,nonexistent,-1.8,92.893,-46.2,1.327,5099.1,no,0.185
33,blue-collar,married,basic.6y,unknown,yes,yes,telephone,may,thu,369,2,999,0,nonexistent,1.1,93.994,-36.4,4.855,5191.0,no,0.185
37,management,single,university.degree,no,no,no,cellular,apr,mon,161,1,999,1,failure,-1.8,93.749,-34.6,0.642,5008.7,no,0.185
36,admin.,married,high.school,no,no,no,cellular,sep,thu,543,1,999,0,nonexistent,-3.4,92.379,-29.8,0.766,5017.5,yes,0.185
25,technician,single,professional.course,no,yes,no,cellular,jun,mon,29,1,999,0,nonexistent,-2.9,92.963,-40.8,1.26,5076.2,no,0.185
88,retired,married,basic.4y,no,no,no,cellular,sep,mon,127,2,999,0,nonexistent,-1.1,94.199,-37.5,0.882,4963.6,no,0.185
35,admin.,divorced,university.degree,no,yes,no,cellular,aug,mon,139,3,999,0,nonexistent,1.4,93.444,-36.1,4.963,5228.1,no,0.18461384890909457
38,blue-collar,divorced,basic.9y,no,unknown,unknown,cellular,jul,fri,1120,2,999,0,nonexistent,1.4,93.918,-42.7,4.963,5228.1,yes,0.18439063139322653
48,services,married,basic.9y,no,yes,no,cellular,aug,mon,104,2,999,0,nonexistent,1.4,93.444,-36.1,4.965,5228.1,no,0.1841935561173019
27,services,married,high.school,no,no,no,cellular,jul,thu,184,3,999,0,nonexistent,1.4,93.918,-42.7,4.963,5228.1,no,0.1840432519421081
27,technician,married,university.degree,no,yes,no,cellular,may,fri,131,3,999,0,nonexistent,-1.8,92.893,-46.2,1.25,5099.1,no,0.18394326613119566
28,self-employed,single,university.degree,no,yes,no,cellular,apr,mon,64,1,999,0,nonexistent,-1.8,93.075,-47.1,1.405,5099.1,no,0.18382225017166445
28,self-employed,single,university.degree,no,yes,no,cellular,apr,mon,187,1,999,0,nonexistent,-1.8,93.075,-47.1,1.405,5099.1,no,0.18382225017166445
23,services,single,high.school,no,no,no,cellular,jul,thu,1097,3,999,0,nonexistent,1.4,93.918,-42.7,4.963,5228.1,yes,0.18375282386142494
36,admin.,married,high.school,no,no,no,cellular,aug,mon,91,2,999,0,nonexistent,1.4,93.444,-36.1,4.963,5228.1,no,0.18371091268761794
33,admin.,single,university.degree,no,no,no,cellular,apr,fri,326,3,999,0,nonexistent,-1.8,93.075,-47.1,1.405,5099.1,no,0.183689193863595
22,student,single,basic.9y,no,no,no,telephone,aug,tue,26,1,999,0,nonexistent,-1.7,94.027,-38.3,0.889,4991.6,no,0.18344214247811308
30,management,married,university.degree,no,no,no,cellular,jul,wed,103,4,999,0,nonexistent,1.4,93.918,-42.7,4.963,5228.1,no,0.1825
43,blue-collar,married,high.school,no,no,no,cellular,jul,fri,297,2,999,0,nonexistent,1.4,93.918,-42.7,4.957,5228.1,no,0.1825
25,student,single,high.school,no,no,yes,telephone,jun,wed,433,2,999,0,nonexistent,1.4,94.465,-41.8,4.864,5228.1,no,0.1825
31,services,single,high.school,no,no,no,cellular,apr,fri,160,1,999,0,nonexistent,-1.8,93.075,-47.1,1.405,5099.1,no,0.1825
36,blue-collar,married,basic.4y,unknown,no,no,cellular,may,tue,246,1,999,1,failure,-1.8,92.893,-46.2,1.344,5099.1,no,0.1825
58,housemaid,married,basic.4y,no,yes,no,cellular,may,wed,413,1,999,0,nonexistent,-1.8,92.893,-46.2,1.281,5099.1,no,0.1825
33,blue-collar,married,basic.9y,no,no,no,cellular,aug,fri,79,1,999,1,failure,-2.9,92.201,-31.4,0.881,5076.2,yes,0.1825
48,admin.,married,university.degree,no,no,yes,cellular,may,mon,312,3,999,0,nonexistent,-1.8,92.893,-46.2,1.354,5099.1,no,0.1825
31,services,single,high.school,no,no,no,cellular,may,wed,343,2,999,0,nonexistent,-1.8,92.893,-46.2,1.334,5099.1,no,0.1825
25,admin.,married,high.school,no,yes,no,telephone,jul,mon,29,1,999,0,nonexistent,-1.7,94.215,-40.3,0.793,4991.6,no,0.1825
39,technician,married,high.school,no,yes,no,cellular,nov,fri,408,3,999,0,nonexistent,-0.1,93.2,-42.0,4.021,5195.8,no,0.1825
36,admin.,married,university.degree,no,no,no,cellular,jul,thu,1739,5,999,0,nonexistent,1.4,93.918,-42.7,4.968,5228.1,no,0.1825
25,services,single,high.school,unknown,no,no,telephone,jun,mon,73,1,999,0,nonexistent,1.4,94.465,-41.8,4.961,5228.1,no,0.1825
27,admin.,single,high.school,no,no,no,cellular,apr,thu,229,1,999,0,nonexistent,-1.8,93.075,-47.1,1.41,5099.1,no,0.1824125709644814
31,services,single,university.degree,no,no,yes,cellular,jul,fri,409,2,999,0,nonexistent,1.4,93.918,-42.7,4.957,5228.1,no,0.18222230652503793
51,services,married,high.school,no,yes,no,cellular,nov,mon,176,1,999,1,failure,-1.1,94.767,-50.8,1.05,4963.6,no,0.18221525037936268
30,self-employed,married,professional.course,unknown,yes,no,cellular,nov,tue,273,2,999,0,nonexistent,-0.1,93.2,-42.0,4.153,5195.8,no,0.18221107738998485
46,admin.,single,high.school,no,no,yes,cellular,may,mon,83,5,999,0,nonexistent,-1.8,92.893,-46.2,1.354,5099.1,no,0.1821149332899953
32,admin.,single,university.degree,unknown,no,no,cellular,aug,tue,240,5,999,0,nonexistent,1.4,93.444,-36.1,4.966,5228.1,no,0.18156133982272835
35,services,single,university.degree,no,unknown,unknown,cellular,jun,tue,67,2,999,1,failure,-2.9,92.963,-40.8,1.286,5076.2,no,0.18
33,blue-collar,married,basic.9y,no,no,no,cellular,aug,fri,99,1,999,2,failure,-2.9,92.201,-31.4,0.881,5076.2,no,0.18
37,services,married,high.school,no,no,no,cellular,nov,wed,459,2,999,2,failure,-3.4,92.649,-30.1,0.715,5017.5,yes,0.18
59,retired,married,professional.course,unknown,yes,yes,cellular,jul,mon,494,4,999,0,nonexistent,1.4,93.918,-42.7,4.96,5228.1,yes,0.18
25,technician,single,professional.course,no,yes,no,cellular,jul,tue,134,4,999,0,nonexistent,1.4,93.918,-42.7,4.961,5228.1,no,0.18
48,admin.,divorced,university.degree,no,no,no,cellular,may,tue,1062,3,999,0,nonexistent,-1.8,92.893,-46.2,1.291,5099.1,yes,0.18
32,technician,divorced,professional.course,no,yes,no,telephone,jul,wed,18,1,999,0,nonexistent,-1.7,94.215,-40.3,0.84,4991.6,no,0.18
57,entrepreneur,married,basic.9y,no,yes,no,cellular,may,mon,429,4,999,1,failure,-1.8,92.893,-46.2,1.354,5099.1,yes,0.18
39,unemployed,married,professional.course,no,yes,no,telephone,jun,wed,281,4,999,0,nonexistent,1.4,94.465,-41.8,4.959,5228.1,no,0.18
37,admin.,married,university.degree,unknown,no,no,cellular,aug,wed,739,1,999,0,nonexistent,1.4,93.444,-36.1,4.967,5228.1,yes,0.18
53,retired,married,basic.9y,no,no,no,cellular,may,wed,133,4,999,0,nonexistent,-1.8,92.893,-46.2,1.281,5099.1,no,0.18
22,blue-collar,single,basic.6y,unknown,unknown,unknown,telephone,may,tue,270,1,999,0,nonexistent,1.1,93.994,-36.4,4.856,5191.0,no,0.18
56,admin.,single,university.degree,no,yes,no,cellular,mar,wed,175,1,999,1,failure,-1.8,93.369,-34.8,0.634,5008.7,yes,0.18
28,admin.,married,high.school,no,no,yes,telephone,jun,mon,13,1,999,0,nonexistent,-1.7,94.055,-39.8,0.711,4991.6,no,0.18
45,blue-collar,married,basic.4y,unknown,yes,no,cellular,aug,mon,591,2,999,0,nonexistent,1.4,93.444,-36.1,4.965,5228.1,no,0.17984983753176975
28,admin.,single,university.degree,no,yes,no,cellular,jun,fri,232,1,999,0,nonexistent,-2.9,92.963,-40.8,1.268,5076.2,yes,0.17972230652503793
32,admin.,divorced,high.school,no,no,no,cellular,may,fri,25,1,999,0,nonexistent,-1.8,92.893,-46.2,1.25,5099.1,no,0.179320486059341
42,admin.,married,university.degree,no,yes,no,cellular,aug,tue,193,2,999,0,nonexistent,1.4,93.444,-36.1,4.966,5228.1,no,0.1791552834263956
24,services,single,high.school,no,yes,no,cellular,may,fri,53,2,999,0,nonexistent,-1.8,92.893,-46.2,1.313,5099.1,no,0.17827940423606856
33,admin.,married,university.degree,no,yes,yes,cellular,aug,fri,661,1,999,0,nonexistent,1.4,93.444,-36.1,4.964,5228.1,no,0.1780218836338387
26,technician,single,university.degree,no,no,yes,cellular,jul,tue,67,5,999,1,failure,-2.9,92.469,-33.6,0.908,5076.2,no,0.1775
33,admin.,single,university.degree,no,yes,no,cellular,apr,mon,143,2,999,1,failure,-1.8,93.749,-34.6,0.642,5008.7,no,0.1775
55,services,married,high.school,no,yes,no,cellular,aug,wed,63,4,999,0,nonexistent,1.4,93.444,-36.1,4.964,5228.1,no,0.1775
49,admin.,married,university.degree,no,no,no,cellular,sep,fri,110,6,999,3,failure,-1.1,94.199,-37.5,0.883,4963.6,no,0.1775
29,admin.,single,high.school,no,no,no,cellular,may,fri,553,2,999,0,nonexistent,-1.8,92.893,-46.2,1.313,5099.1,no,0.1775
31,services,single,university.degree,no,no,no,cellular,may,mon,262,2,999,0,nonexistent,-1.8,92.893,-46.2,1.264,5099.1,yes,0.1775
34,admin.,single,university.degree,no,no,no,cellular,may,mon,75,5,999,0,nonexistent,-1.8,92.893,-46.2,1.354,5099.1,no,0.1775
35,unemployed,divorced,university.degree,no,no,no,cellular,apr,tue,253,1,999,1,failure,-1.8,93.075,-47.1,1.453,5099.1,no,0.17721995447647954
33,services,married,high.school,no,yes,yes,cellular,may,thu,273,2,999,0,nonexistent,-1.8,92.893,-46.2,1.327,5099.1,no,0.1772154779969651
29,management,single,university.degree,no,no,no,cellular,apr,mon,190,2,999,0,nonexistent,-1.8,93.075,-47.1,1.405,5099.1,no,0.1767603668252917
35,admin.,married,university.degree,no,yes,no,cellular,oct,wed,300,1,999,0,nonexistent,-3.4,92.431,-26.9,0.724,5017.5,no,0.17642989394410372
39,technician,married,university.degree,no,yes,no,cellular,aug,mon,57,1,999,0,nonexistent,1.4,93.444,-36.1,4.965,5228.1,no,0.17641005682327962
33,unemployed,married,university.degree,no,yes,no,telephone,jul,fri,25,1,999,0,nonexistent,-1.7,94.215,-40.3,0.822,4991.6,no,0.175
30,technician,single,professional.course,no,yes,no,cellular,apr,fri,346,2,999,0,nonexistent,-1.8,93.075,-47.1,1.405,5099.1,no,0.175
26,student,single,high.school,no,no,no,cellular,aug,fri,133,1,999,0,nonexistent,-2.9,92.201,-31.4,0.825,5076.2,no,0.175
30,technician,married,high.school,no,no,no,cellular,aug,thu,51,1,999,0,nonexistent,1.4,93.444,-36.1,4.968,5228.1,no,0.175
34,student,single,professional.course,no,yes,no,telephone,oct,fri,6,1,999,0,nonexistent,-1.1,94.601,-49.5,0.993,4963.6,no,0.175
36,admin.,married,university.degree,no,yes,yes,cellular,jul,wed,160,2,999,0,nonexistent,1.4,93.918,-42.7,4.962,5228.1,no,0.175
59,blue-collar,married,basic.9y,no,yes,no,cellular,apr,thu,66,1,999,1,failure,-1.8,93.075,-47.1,1.41,5099.1,no,0.175
54,housemaid,married,basic.4y,unknown,no,no,telephone,aug,wed,23,6,999,0,nonexistent,1.4,93.444,-36.1,4.964,5228.1,no,0.175
56,entrepreneur,married,university.degree,no,yes,yes,cellular,may,fri,536,2,999,0,nonexistent,-1.8,92.893,-46.2,1.25,5099.1,no,0.175
36,admin.,married,high.school,no,no,no,cellular,nov,thu,59,2,999,0,nonexistent,-0.1,93.2,-42.0,4.076,5195.8,no,0.175
46,services,married,high.school,no,no,yes,cellular,jul,mon,306,1,999,0,nonexistent,1.4,93.918,-42.7,4.96,5228.1,no,0.17490082874737944
33,technician,married,basic.9y,unknown,yes,no,cellular,jul,fri,436,4,999,0,nonexistent,1.4,93.918,-42.7,4.959,5228.1,no,0.17471790591805764
48,technician,married,professional.course,no,yes,no,cellular,sep,mon,669,1,999,0,nonexistent,-3.4,92.379,-29.8,0.797,5017.5,no,0.1744325493171472
33,technician,married,professional.course,no,no,no,cellular,aug,fri,335,3,999,0,nonexistent,1.4,93.444,-36.1,4.966,5228.1,no,0.17442549317147193
33,technician,married,professional.course,no,no,no,cellular,aug,fri,45,3,999,0,nonexistent,1.4,93.444,-36.1,4.966,5228.1,no,0.17442549317147193
41,self-employed,married,basic.9y,no,no,yes,cellular,aug,fri,173,3,999,0,nonexistent,1.4,93.444,-36.1,4.964,5228.1,no,0.1741027321143154
49,blue-collar,married,basic.6y,unknown,no,no,cellular,jul,wed,221,1,999,0,nonexistent,1.4,93.918,-42.7,4.957,5228.1,no,0.17368483869879572
49,blue-collar,married,basic.6y,unknown,no,no,cellular,jul,wed,771,1,999,0,nonexistent,1.4,93.918,-42.7,4.957,5228.1,no,0.17368483869879572
26,blue-collar,married,basic.9y,no,no,no,cellular,jul,fri,199,1,999,0,nonexistent,1.4,93.918,-42.7,4.957,5228.1,no,0.17280069799298592
54,technician,divorced,university.degree,no,no,no,cellular,may,wed,91,2,999,0,nonexistent,-1.8,92.893,-46.2,1.334,5099.1,no,0.1725
23,blue-collar,married,high.school,no,yes,no,cellular,may,fri,50,5,999,0,nonexistent,-1.8,92.893,-46.2,1.25,5099.1,no,0.1725
33,blue-collar,single,basic.9y,unknown,no,no,telephone,may,wed,159,3,999,0,nonexistent,1.1,93.994,-36.4,4.859,5191.0,no,0.1725
34,management,single,university.degree,no,no,yes,cellular,may,wed,155,1,999,0,nonexistent,-1.8,92.893,-46.2,1.281,5099.1,no,0.1725
35,blue-collar,married,unknown,no,yes,no,cellular,may,mon,40,8,10,1,success,-1.8,92.893,-46.2,1.299,5099.1,no,0.1725
40,student,single,high.school,no,yes,no,cellular,may,tue,333,1,999,0,nonexistent,-1.8,92.893,-46.2,1.266,5099.1,no,0.1725
43,blue-collar,married,high.school,unknown,no,no,cellular,jul,mon,339,1,999,0,nonexistent,1.4,93.918,-42.7,4.96,5228.1,no,0.1722272382397572
26,blue-collar,married,basic.9y,no,yes,yes,cellular,jul,fri,300,3,999,0,nonexistent,1.4,93.918,-42.7,4.957,5228.1,no,0.1722191957511381
47,management,married,university.degree,no,yes,no,cellular,jul,wed,123,1,999,0,nonexistent,-2.9,92.469,-33.6,1.029,5076.2,no,0.17199559309083962
21,student,single,basic.9y,no,no,no,telephone,jul,thu,5,1,999,0,nonexistent,-1.7,94.215,-40.3,0.884,4991.6,no,0.17069455185685045
31,blue-collar,married,basic.9y,no,yes,no,cellular,apr,thu,172,1,999,0,nonexistent,-1.8,93.075,-47.1,1.41,5099.1,no,0.17
26,student,single,professional.course,no,no,yes,cellular,may,fri,182,2,999,0,nonexistent,-1.8,92.893,-46.2,1.259,5099.1,yes,0.17
29,admin.,married,basic.9y,no,yes,no,cellular,jul,fri,247,5,999,0,nonexistent,1.4,93.918,-42.7,4.957,5228.1,no,0.17
30,services,divorced,basic.9y,no,no,no,telephone,may,thu,177,1,999,0,nonexistent,1.1,93.994,-36.4,4.86,5191.0,no,0.17
43,technician,married,university.degree,no,no,no,cellular,aug,thu,160,1,999,0,nonexistent,-2.9,92.201,-31.4,0.873,5076.2,no,0.17
32,unknown,single,professional.course,no,no,no,telephone,jul,thu,96,1,999,0,nonexistent,1.4,93.918,-42.7,4.963,5228.1,no,0.17
41,services,married,high.school,unknown,yes,yes,telephone,may,mon,146,3,999,0,nonexistent,1.1,93.994,-36.4,4.857,5191.0,no,0.17
42,technician,single,unknown,no,yes,no,cellular,aug,tue,158,1,999,1,failure,-2.9,92.201,-31.4,0.884,5076.2,no,0.17
58,retired,divorced,university.degree,no,yes,no,telephone,may,wed,314,2,999,0,nonexistent,1.1,93.994,-36.4,4.857,5191.0,no,0.17
46,entrepreneur,married,university.degree,no,yes,no,cellular,nov,tue,148,2,999,0,nonexistent,-0.1,93.2,-42.0,4.153,5195.8,no,0.17
26,blue-collar,single,basic.9y,no,yes,no,telephone,may,fri,149,1,999,0,nonexistent,1.1,93.994,-36.4,4.864,5191.0,no,0.17
50,technician,married,university.degree,no,unknown,unknown,cellular,aug,tue,107,2,999,0,nonexistent,1.4,93.444,-36.1,4.965,5228.1,no,0.17
64,retired,married,university.degree,no,no,no,telephone,aug,mon,133,1,999,0,nonexistent,-2.9,92.201,-31.4,0.884,5076.2,no,0.17
37,self-employed,single,basic.4y,no,no,yes,cellular,may,mon,297,2,999,0,nonexistent,-1.8,92.893,-46.2,1.244,5099.1,no,0.16989787599579795
28,admin.,single,high.school,unknown,yes,yes,cellular,may,thu,275,2,999,0,nonexistent,-1.8,92.893,-46.2,1.327,5099.1,no,0.16971183611532623
41,technician,single,university.degree,no,no,no,telephone,jun,tue,270,1,999,0,nonexistent,-2.9,92.963,-40.8,1.262,5076.2,yes,0.16969980277033497
27,blue-collar,single,basic.4y,no,no,no,cellular,apr,thu,622,1,999,0,nonexistent,-1.8,93.075,-47.1,1.41,5099.1,no,0.16912417757972997
44,management,married,basic.6y,no,yes,yes,cellular,apr,wed,154,1,999,0,nonexistent,-1.8,93.075,-47.1,1.415,5099.1,no,0.16806232317960038
29,admin.,married,university.degree,no,yes,no,cellular,aug,fri,137,2,999,0,nonexistent,1.4,93.444,-36.1,4.964,5228.1,no,0.1677331793669683
51,admin.,married,university.degree,no,no,no,telephone,jul,mon,172,4,999,0,nonexistent,1.4,93.918,-42.7,4.962,5228.1,no,0.1675
58,management,single,university.degree,no,no,no,cellular,may,fri,90,1,999,0,nonexistent,-1.8,92.893,-46.2,1.313,5099.1,no,0.1675
33,blue-collar,married,basic.6y,no,no,no,cellular,may,thu,490,1,999,0,nonexistent,-1.8,92.893,-46.2,1.327,5099.1,no,0.1675
27,self-employed,single,university.degree,no,unknown,unknown,cellular,aug,mon,130,2,999,1,failure,-2.9,92.201,-31.4,0.861,5076.2,no,0.1675
35,management,married,university.degree,no,yes,no,cellular,aug,mon,69,2,999,0,nonexistent,1.4,93.444,-36.1,4.965,5228.1,no,0.1675
47,entrepreneur,divorced,high.school,no,no,no,cellular,apr,thu,71,5,999,0,nonexistent,-1.8,93.075,-47.1,1.41,5099.1,no,0.1675
65,housemaid,married,basic.4y,no,no,no,cellular,jun,mon,89,2,999,0,nonexistent,-2.9,92.963,-40.8,1.266,5076.2,no,0.1675
42,admin.,married,professional.course,no,yes,no,telephone,nov,thu,90,1,999,0,nonexistent,-0.1,93.2,-42.0,4.245,5195.8,yes,0.1675
40,services,married,basic.6y,unknown,yes,no,telephone,may,wed,260,1,999,0,nonexistent,1.1,93.994,-36.4,4.857,5191.0,no,0.1675
32,management,married,high.school,no,yes,yes,telephone,may,tue,62,4,999,0,nonexistent,1.1,93.994,-36.4,4.857,5191.0,no,0.1675
31,admin.,single,high.school,no,no,no,cellular,jul,tue,140,3,999,0,nonexistent,1.4,93.918,-42.7,4.962,5228.1,no,0.1675
45,entrepreneur,married,university.degree,unknown,no,no,telephone,jun,wed,262,9,999,0,nonexistent,1.4,94.465,-41.8,4.962,5228.1,no,0.1675
40,admin.,single,high.school,no,no,yes,cellular,may,wed,172,1,999,0,nonexistent,-1.8,92.893,-46.2,1.281,5099.1,no,0.1675
39,services,married,high.school,no,yes,yes,telephone,may,wed,174,2,999,0,nonexistent,1.1,93.994,-36.4,4.859,5191.0,no,0.1675
44,admin.,divorced,high.school,no,no,no,cellular,jul,tue,573,5,999,0,nonexistent,-2.9,92.469,-33.6,0.908,5076.2,yes,0.1675
56,technician,married,professional.course,no,yes,no,cellular,jul,mon,163,3,999,0,nonexistent,1.4,93.918,-42.7,4.96,5228.1,no,0.1675
42,admin.,single,high.school,no,yes,no,cellular,apr,fri,392,1,999,0,nonexistent,-1.8,93.075,-47.1,1.405,5099.1,no,0.1675
45,admin.,single,high.school,no,no,no,cellular,may,mon,1487,3,999,0,nonexistent,-1.8,92.893,-46.2,1.299,5099.1,no,0.16720710599184876
26,services,single,high.school,no,yes,no,cellular,may,mon,274,1,999,0,nonexistent,-1.8,92.893,-46.2,1.299,5099.1,no,0.1667153539639556
26,services,single,high.school,no,yes,no,cellular,may,mon,360,1,999,0,nonexistent,-1.8,92.893,-46.2,1.299,5099.1,no,0.1667153539639556
32,admin.,single,high.school,no,yes,no,cellular,nov,thu,120,1,999,0,nonexistent,-0.1,93.2,-42.0,4.076,5195.8,no,0.16539981611296153
57,self-employed,married,university.degree,no,no,no,cellular,jul,thu,313,1,999,0,nonexistent,1.4,93.918,-42.7,4.962,5228.1,no,0.165
41,blue-collar,married,basic.9y,no,no,no,cellular,apr,tue,161,1,999,1,failure,-1.8,93.075,-47.1,1.453,5099.1,no,0.165
40,admin.,married,university.degree,no,no,no,cellular,may,mon,365,4,999,0,nonexistent,-1.8,92.893,-46.2,1.354,5099.1,yes,0.165
41,admin.,married,university.degree,no,no,no,cellular,apr,tue,463,1,999,0,nonexistent,-1.8,93.075,-47.1,1.453,5099.1,yes,0.165
36,management,married,university.degree,no,yes,no,cellular,jun,thu,156,1,999,1,failure,-2.9,92.963,-40.8,1.26,5076.2,yes,0.16448653359113316
44,technician,divorced,high.school,no,no,no,cellular,aug,tue,188,3,999,0,nonexistent,-2.9,92.201,-31.4,0.838,5076.2,no,0.16439699748748207
59,technician,single,basic.6y,no,no,no,telephone,aug,tue,181,1,999,0,nonexistent,-2.9,92.201,-31.4,0.883,5076.2,no,0.16392868915733552
32,student,single,university.degree,no,no,no,cellular,nov,wed,138,1,999,0,nonexistent,-0.1,93.2,-42.0,4.12,5195.8,no,0.1627466013912827
29,admin.,married,basic.6y,no,no,no,cellular,may,fri,58,3,999,0,nonexistent,-1.8,92.893,-46.2,1.25,5099.1,no,0.1625
40,admin.,single,high.school,no,yes,no,cellular,jun,tue,145,1,999,0,nonexistent,-2.9,92.963,-40.8,1.262,5076.2,yes,0.1625
33,admin.,married,university.degree,no,no,yes,telephone,mar,thu,78,2,999,1,failure,-1.8,93.369,-34.8,0.65,5008.7,no,0.1625
59,retired,married,high.school,no,unknown,unknown,telephone,aug,thu,204,2,999,0,nonexistent,1.4,93.444,-36.1,4.968,5228.1,no,0.1625
71,retired,divorced,basic.4y,no,no,yes,cellular,apr,thu,214,1,999,1,failure,-1.8,93.075,-47.1,1.365,5099.1,no,0.1625
39,admin.,married,high.school,no,unknown,unknown,cellular,may,mon,99,2,999,2,failure,-1.8,92.893,-46.2,1.354,5099.1,no,0.1625
30,admin.,divorced,high.school,no,no,no,telephone,jun,fri,13,10,999,0,nonexistent,1.4,94.465,-41.8,4.959,5228.1,no,0.1625
55,technician,married,professional.course,unknown,yes,no,telephone,may,mon,135,1,999,0,nonexistent,1.1,93.994,-36.4,4.857,5191.0,no,0.1625
31,admin.,single,high.school,no,no,no,cellular,may,thu,433,2,999,0,nonexistent,-1.8,92.893,-46.2,1.266,5099.1,no,0.1625
39,entrepreneur,married,university.degree,unknown,no,no,cellular,nov,tue,54,2,999,0,nonexistent,-0.1,93.2,-42.0,4.153,5195.8,no,0.1625
43,admin.,single,university.degree,no,yes,no,cellular,nov,fri,163,1,999,0,nonexistent,-0.1,93.2,-42.0,4.021,5195.8,no,0.1625
26,student,single,professional.course,no,yes,no,cellular,jun,wed,96,1,999,1,failure,-2.9,92.963,-40.8,1.26,5076.2,no,0.1625
27,admin.,married,university.degree,no,no,no,cellular,jul,fri,67,5,999,0,nonexistent,1.4,93.918,-42.7,4.962,5228.1,no,0.1625
43,admin.,single,high.school,no,yes,no,cellular,may,mon,159,3,999,0,nonexistent,-1.8,92.893,-46.2,1.244,5099.1,no,0.16199520971548112
34,technician,single,university.degree,no,no,no,cellular,aug,tue,136,2,999,0,nonexistent,1.4,93.444,-36.1,4.966,5228.1,no,0.16189948959050354
44,management,single,high.school,no,no,no,cellular,may,mon,184,1,999,0,nonexistent,-1.8,92.893,-46.2,1.244,5099.1,no,0.16183632934462353
30,admin.,single,university.degree,no,no,no,cellular,aug,mon,356,1,999,0,nonexistent,1.4,93.444,-36.1,4.965,5228.1,no,0.16165622301017699
30,admin.,single,university.degree,no,no,no,cellular,aug,mon,135,1,999,0,nonexistent,1.4,93.444,-36.1,4.965,5228.1,no,0.16165622301017699
32,admin.,married,high.school,no,no,no,cellular,jul,mon,549,2,999,0,nonexistent,1.4,93.918,-42.7,4.96,5228.1,no,0.16148814175514814
39,management,married,university.degree,no,no,no,cellular,aug,mon,168,1,999,0,nonexistent,1.4,93.444,-36.1,4.965,5228.1,no,0.16001098948878384
31,blue-collar,married,basic.9y,no,yes,yes,telephone,may,mon,629,2,999,0,nonexistent,1.1,93.994,-36.4,4.857,5191.0,no,0.16
33,admin.,single,high.school,no,yes,no,cellular,may,tue,135,1,999,0,nonexistent,-1.8,92.893,-46.2,1.266,5099.1,no,0.16
34,blue-collar,married,basic.6y,unknown,yes,yes,telephone,may,fri,47,5,999,0,nonexistent,1.1,93.994,-36.4,4.855,5191.0,no,0.16
35,admin.,single,university.degree,no,yes,no,cellular,aug,mon,547,6,999,0,nonexistent,1.4,93.444,-36.1,4.963,5228.1,no,0.16
48,entrepreneur,single,professional.course,no,yes,no,cellular,may,wed,606,3,999,0,nonexistent,-1.8,92.893,-46.2,1.334,5099.1,no,0.16
43,blue-collar,divorced,basic.9y,no,yes,no,cellular,jul,tue,141,2,999,0,nonexistent,1.4,93.918,-42.7,4.962,5228.1,no,0.16
58,entrepreneur,married,high.school,no,yes,no,cellular,sep,mon,198,1,999,1,failure,-1.1,94.199,-37.5,0.882,4963.6,no,0.16
42,management,divorced,university.degree,no,no,no,cellular,may,mon,359,5,999,0,nonexistent,-1.8,92.893,-46.2,1.244,5099.1,no,0.16
22,blue-collar,single,basic.6y,unknown,yes,no,cellular,jul,tue,139,3,999,0,nonexistent,1.4,93.918,-42.7,4.961,5228.1,no,0.16
24,housemaid,married,basic.9y,no,no,no,cellular,may,wed,45,4,999,0,nonexistent,-1.8,92.893,-46.2,1.281,5099.1,no,0.16
33,services,married,basic.4y,no,no,no,telephone,may,thu,402,1,999,0,nonexistent,1.1,93.994,-36.4,4.86,5191.0,no,0.16
57,admin.,single,high.school,no,yes,no,telephone,may,mon,26,5,12,1,success,-1.8,92.893,-46.2,1.244,5099.1,no,0.16
37,admin.,single,high.school,no,yes,no,cellular,jul,tue,316,2,999,0,nonexistent,1.4,93.918,-42.7,4.961,5228.1,no,0.1598523503415026
31,admin.,married,high.school,no,yes,no,cellular,may,wed,476,1,999,0,nonexistent,-1.8,92.893,-46.2,1.281,5099.1,yes,0.15984851532952443
53,services,married,high.school,unknown,yes,no,cellular,jul,mon,153,1,999,0,nonexistent,1.4,93.918,-42.7,4.962,5228.1,no,0.15971911987860396
47,technician,divorced,university.degree,no,no,no,cellular,apr,fri,53,1,999,0,nonexistent,-1.8,93.075,-47.1,1.405,5099.1,no,0.15956285514798668
30,blue-collar,divorced,basic.6y,no,no,no,cellular,jul,tue,76,3,999,0,nonexistent,1.4,93.918,-42.7,4.961,5228.1,no,0.15921080891762215
32,technician,single,professional.course,no,yes,no,cellular,aug,tue,71,2,999,0,nonexistent,1.4,93.444,-36.1,4.965,5228.1,no,0.1590480707119722
24,blue-collar,divorced,basic.9y,no,no,no,cellular,may,wed,417,1,999,0,nonexistent,-1.8,92.893,-46.2,1.281,5099.1,no,0.1588321387821215
24,admin.,married,basic.9y,no,yes,no,cellular,may,wed,302,1,10,1,success,-1.8,92.893,-46.2,1.281,5099.1,yes,0.15808929896238266
49,admin.,married,university.degree,no,yes,yes,cellular,may,wed,194,3,999,0,nonexistent,-1.8,92.893,-46.2,1.281,5099.1,no,0.1575
27,unemployed,single,university.degree,no,yes,no,cellular,jul,thu,143,1,999,0,nonexistent,1.4,93.918,-42.7,4.958,5228.1,no,0.1575
36,admin.,married,university.degree,no,yes,no,cellular,apr,thu,970,1,999,1,failure,-1.8,93.075,-47.1,1.365,5099.1,yes,0.1575
38,technician,divorced,high.school,no,yes,yes,cellular,apr,thu,279,3,999,1,failure,-1.8,93.075,-47.1,1.41,5099.1,no,0.1575
36,technician,divorced,professional.course,no,unknown,unknown,cellular,may,fri,327,3,999,1,failure,-1.8,92.893,-46.2,1.25,5099.1,no,0.1575
71,retired,married,university.degree,no,yes,yes,telephone,apr,mon,89,12,999,0,nonexistent,-1.8,93.075,-47.1,1.392,5099.1,no,0.1575
44,housemaid,married,basic.9y,unknown,yes,no,telephone,may,mon,118,4,999,0,nonexistent,1.1,93.994,-36.4,4.857,5191.0,no,0.1575
51,management,divorced,university.degree,no,no,no,cellular,jul,wed,166,7,999,1,failure,-2.9,92.469,-33.6,0.979,5076.2,no,0.1575
24,admin.,single,university.degree,no,yes,no,cellular,jun,wed,65,3,999,1,failure,-2.9,92.963,-40.8,1.244,5076.2,no,0.1575
54,management,married,university.degree,no,no,no,cellular,may,tue,159,1,999,0,nonexistent,-1.8,92.893,-46.2,1.344,5099.1,no,0.1575
51,retired,married,high.school,no,yes,no,cellular,may,tue,302,1,999,1,failure,-1.8,92.893,-46.2,1.266,5099.1,no,0.1575
26,admin.,single,high.school,no,no,yes,telephone,may,fri,143,2,999,0,nonexistent,1.1,93.994,-36.4,4.864,5191.0,no,0.1575
37,services,married,high.school,no,no,no,cellular,may,wed,317,1,999,1,failure,-1.8,92.893,-46.2,1.334,5099.1,no,0.1574079219905794
28,blue-collar,single,basic.9y,no,yes,no,cellular,apr,thu,106,3,999,0,nonexistent,-1.8,93.075,-47.1,1.406,5099.1,no,0.1569346737481032
25,blue-collar,single,high.school,no,yes,no,cellular,jul,tue,214,1,999,0,nonexistent,1.4,93.918,-42.7,4.961,5228.1,no,0.15693368740515934
55,admin.,married,unknown,no,yes,no,cellular,apr,thu,525,1,999,0,nonexistent,-1.8,93.075,-47.1,1.365,5099.1,no,0.15569208431542647
37,blue-collar,married,basic.6y,no,no,yes,cellular,may,wed,364,4,999,0,nonexistent,-1.8,92.893,-46.2,1.334,5099.1,no,0.155
43,blue-collar,married,basic.4y,no,yes,no,telephone,may,fri,469,2,999,0,nonexistent,1.1,93.994,-36.4,4.857,5191.0,no,0.155
28,admin.,single,university.degree,no,yes,no,cellular,nov,thu,189,2,999,0,nonexistent,-3.4,92.649,-30.1,0.714,5017.5,no,0.155
58,management,divorced,university.degree,no,yes,no,telephone,may,mon,56,9,999,0,nonexistent,-1.8,92.893,-46.2,1.244,5099.1,no,0.155
37,blue-collar,single,basic.9y,unknown,no,no,telephone,may,wed,119,3,999,0,nonexistent,1.1,93.994,-36.4,4.856,5191.0,no,0.155
58,admin.,married,unknown,unknown,no,no,telephone,jun,thu,292,1,999,0,nonexistent,1.4,94.465,-41.8,4.866,5228.1,no,0.155
55,retired,married,professional.course,no,yes,no,cellular,jul,tue,277,3,999,0,nonexistent,1.4,93.918,-42.7,4.961,5228.1,no,0.155
52,management,married,university.degree,unknown,no,no,cellular,aug,tue,95,5,999,0,nonexistent,1.4,93.444,-36.1,4.966,5228.1,no,0.155
29,admin.,married,high.school,no,no,no,cellular,aug,mon,128,2,999,0,nonexistent,1.4,93.444,-36.1,4.963,5228.1,no,0.15485137133854215
46,blue-collar,divorced,basic.6y,unknown,no,no,cellular,apr,wed,179,5,999,2,failure,-1.8,93.075,-47.1,1.445,5099.1,no,0.15472663125948405
34,technician,single,high.school,unknown,no,no,telephone,aug,fri,46,2,999,0,nonexistent,1.4,93.444,-36.1,4.966,5228.1,no,0.15450198114496516
29,admin.,single,university.degree,no,yes,yes,cellular,jul,thu,258,1,999,0,nonexistent,1.4,93.918,-42.7,4.958,5228.1,no,0.15443846737481032
57,admin.,married,high.school,no,yes,no,cellular,apr,tue,111,1,999,0,nonexistent,-1.8,93.075,-47.1,1.423,5099.1,yes,0.1530777669306355
47,admin.,divorced,high.school,no,no,no,cellular,aug,tue,204,6,999,0,nonexistent,1.4,93.444,-36.1,4.966,5228.1,no,0.1525
88,retired,divorced,basic.4y,no,yes,no,cellular,may,wed,128,4,999,0,nonexistent,-1.8,92.893,-46.2,1.27,5099.1,no,0.1525
32,blue-collar,married,basic.9y,no,no,no,cellular,apr,wed,161,2,999,1,failure,-1.8,93.075,-47.1,1.498,5099.1,no,0.1525
44,management,married,unknown,no,yes,no,cellular,aug,fri,247,2,999,0,nonexistent,-2.9,92.201,-31.4,0.825,5076.2,no,0.1525
53,management,married,high.school,no,no,no,cellular,nov,thu,227,1,999,0,nonexistent,-0.1,93.2,-42.0,4.076,5195.8,no,0.1525
51,blue-collar,married,basic.9y,unknown,no,no,telephone,aug,wed,490,2,999,0,nonexistent,1.4,93.444,-36.1,4.965,5228.1,no,0.1525
27,admin.,married,high.school,no,no,no,cellular,may,fri,71,3,999,0,nonexistent,-1.8,92.893,-46.2,1.25,5099.1,no,0.1525
54,blue-collar,married,professional.course,no,yes,no,telephone,apr,thu,173,2,999,0,nonexistent,-1.8,93.075,-47.1,1.483,5099.1,no,0.1525
31,technician,single,professional.course,no,yes,no,cellular,jul,tue,350,4,999,0,nonexistent,1.4,93.918,-42.7,4.961,5228.1,no,0.1525
50,self-employed,married,basic.4y,unknown,no,yes,telephone,may,wed,245,1,999,0,nonexistent,1.1,93.994,-36.4,4.858,5191.0,no,0.1525
45,technician,married,professional.course,no,yes,yes,cellular,aug,wed,136,6,999,0,nonexistent,1.4,93.444,-36.1,4.964,5228.1,no,0.1525
28,admin.,single,high.school,no,no,no,telephone,may,fri,498,2,999,0,nonexistent,1.1,93.994,-36.4,4.859,5191.0,no,0.1525
20,student,single,high.school,no,no,no,cellular,nov,wed,131,1,999,3,failure,-3.4,92.649,-30.1,0.715,5017.5,yes,0.1525
40,admin.,divorced,university.degree,no,yes,no,cellular,apr,thu,194,2,999,0,nonexistent,-1.8,93.075,-47.1,1.41,5099.1,no,0.1525
47,blue-collar,married,basic.9y,no,yes,no,cellular,apr,mon,238,1,999,0,nonexistent,-1.8,93.075,-47.1,1.405,5099.1,no,0.1525
34,unknown,single,university.degree,no,yes,no,telephone,oct,wed,182,2,999,0,nonexistent,-3.4,92.431,-26.9,0.724,5017.5,no,0.1525
45,admin.,married,basic.9y,no,no,no,cellular,aug,thu,524,5,999,0,nonexistent,1.4,93.444,-36.1,4.968,5228.1,no,0.1520122399789875
46,technician,single,basic.9y,no,yes,no,cellular,apr,thu,168,1,999,0,nonexistent,-1.8,93.075,-47.1,1.435,5099.1,no,0.1514767422106311
39,self-employed,married,basic.9y,no,no,no,cellular,aug,tue,139,4,999,0,nonexistent,1.4,93.444,-36.1,4.966,5228.1,no,0.15079323531580108
32,services,single,high.school,no,no,no,cellular,jul,mon,722,3,999,0,nonexistent,1.4,93.918,-42.7,4.96,5228.1,yes,0.15041241629262278
57,management,married,university.degree,unknown,yes,yes,cellular,nov,fri,22,2,999,1,failure,-0.1,93.2,-42.0,4.021,5195.8,no,0.15
32,technician,married,professional.course,no,yes,no,telephone,nov,tue,399,1,999,0,nonexistent,-0.1,93.2,-42.0,4.7,5195.8,yes,0.15
20,student,single,unknown,no,no,no,cellular,oct,mon,137,3,999,3,failure,-1.1,94.601,-49.5,0.977,4963.6,no,0.15
49,entrepreneur,married,university.degree,no,no,no,cellular,may,tue,242,2,999,0,nonexistent,-1.8,92.893,-46.2,1.291,5099.1,no,0.15
52,technician,single,professional.course,no,no,no,telephone,jul,mon,84,1,999,0,nonexistent,-1.7,94.215,-40.3,0.889,4991.6,no,0.15
26,admin.,married,university.degree,no,no,no,cellular,jul,tue,503,6,999,0,nonexistent,1.4,93.918,-42.7,4.961,5228.1,no,0.15
59,management,married,basic.4y,unknown,unknown,unknown,cellular,may,thu,165,4,999,1,failure,-1.8,92.893,-46.2,1.266,5099.1,no,0.15
35,blue-collar,divorced,high.school,no,yes,no,cellular,may,tue,187,1,999,0,nonexistent,-1.8,92.893,-46.2,1.344,5099.1,no,0.15
32,blue-collar,married,basic.9y,no,yes,no,cellular,apr,fri,224,1,999,0,nonexistent,-1.8,93.075,-47.1,1.479,5099.1,no,0.15
43,technician,divorced,high.school,no,yes,yes,cellular,jul,mon,200,1,999,0,nonexistent,1.4,93.918,-42.7,4.962,5228.1,no,0.15
35,admin.,single,university.degree,no,yes,no,cellular,may,wed,138,2,999,0,nonexistent,-1.8,92.893,-46.2,1.27,5099.1,no,0.15
26,entrepreneur,single,high.school,no,yes,no,cellular,may,mon,226,2,999,0,nonexistent,-1.8,92.893,-46.2,1.244,5099.1,no,0.15
51,blue-collar,married,basic.9y,unknown,no,no,telephone,jul,mon,41,5,999,0,nonexistent,1.4,93.918,-42.7,4.962,5228.1,no,0.15
31,technician,married,university.degree,no,no,no,cellular,aug,mon,99,7,999,0,nonexistent,1.4,93.444,-36.1,4.965,5228.1,no,0.15
55,management,divorced,university.degree,no,yes,no,cellular,sep,thu,1440,1,999,1,failure,-1.1,94.199,-37.5,0.884,4963.6,yes,0.15
56,admin.,married,basic.9y,no,no,no,cellular,oct,wed,79,2,999,0,nonexistent,-3.4,92.431,-26.9,0.742,5017.5,no,0.15
30,management,single,university.degree,no,yes,no,telephone,jun,wed,66,1,999,0,nonexistent,1.4,94.465,-41.8,4.962,5228.1,no,0.15
32,admin.,single,university.degree,no,yes,yes,cellular,jun,wed,49,2,999,1,failure,-2.9,92.963,-40.8,1.244,5076.2,no,0.15
41,technician,married,professional.course,no,yes,no,cellular,nov,mon,545,2,999,0,nonexistent,-1.1,94.767,-50.8,1.039,4963.6,yes,0.15
46,blue-collar,married,high.school,no,no,yes,cellular,may,tue,173,1,999,0,nonexistent,-1.8,92.893,-46.2,1.344,5099.1,no,0.14972465857359635
33,self-employed,married,basic.9y,no,yes,no,cellular,jul,mon,181,2,999,0,nonexistent,1.4,93.918,-42.7,4.96,5228.1,no,0.14945569044006068
62,self-employed,married,university.degree,unknown,yes,no,cellular,sep,fri,79,1,999,0,nonexistent,-3.4,92.379,-29.8,0.741,5017.5,no,0.1493130853858036
42,blue-collar,married,basic.4y,no,yes,no,cellular,may,tue,442,2,999,0,nonexistent,-1.8,92.893,-46.2,1.344,5099.1,no,0.1490602536789665
48,admin.,married,high.school,no,no,no,telephone,nov,tue,301,1,999,2,failure,-1.1,94.767,-50.8,1.049,4963.6,no,0.1475
34,technician,divorced,professional.course,no,yes,yes,cellular,apr,fri,180,2,999,1,failure,-1.8,93.075,-47.1,1.405,5099.1,no,0.1475
47,admin.,single,university.degree,no,no,no,cellular,apr,wed,167,1,999,0,nonexistent,-1.8,93.075,-47.1,1.445,5099.1,no,0.1475
32,self-employed,single,university.degree,no,yes,no,cellular,jun,mon,104,1,999,0,nonexistent,-2.9,92.963,-40.8,1.26,5076.2,no,0.1475
39,admin.,single,university.degree,no,no,no,cellular,may,mon,198,2,999,0,nonexistent,-1.8,92.893,-46.2,1.354,5099.1,no,0.1475
24,management,single,university.degree,no,no,no,cellular,may,mon,64,2,999,0,nonexistent,-1.8,92.893,-46.2,1.244,5099.1,no,0.1475
21,unemployed,married,high.school,no,yes,yes,cellular,jul,thu,85,3,999,0,nonexistent,1.4,93.918,-42.7,4.962,5228.1,no,0.1475
33,services,married,high.school,no,yes,no,cellular,may,wed,89,2,999,1,failure,-1.8,92.893,-46.2,1.334,5099.1,no,0.14737902634970096
55,management,married,basic.9y,no,yes,no,cellular,jul,wed,421,2,999,0,nonexistent,1.4,93.918,-42.7,4.963,5228.1,no,0.14693376327769347
43,housemaid,married,basic.9y,unknown,no,no,cellular,jul,wed,96,1,999,0,nonexistent,1.4,93.918,-42.7,4.957,5228.1,no,0.14684459361651758
38,entrepreneur,married,professional.course,no,yes,no,cellular,may,tue,382,1,999,0,nonexistent,-1.8,92.893,-46.2,1.344,5099.1,no,0.14673922701312583
32,unemployed,single,university.degree,no,no,no,cellular,apr,wed,110,1,999,0,nonexistent,-1.8,93.075,-47.1,1.415,5099.1,yes,0.14671196517804735
31,admin.,single,high.school,no,yes,no,telephone,dec,mon,36,1,999,0,nonexistent,-0.2,92.756,-45.9,3.816,5176.3,no,0.1466620847912028
48,admin.,married,high.school,no,yes,no,cellular,aug,thu,62,1,999,0,nonexistent,1.4,93.444,-36.1,4.963,5228.1,no,0.14551761252130974
31,admin.,single,high.school,no,no,no,cellular,jul,mon,133,3,999,0,nonexistent,1.4,93.918,-42.7,4.962,5228.1,no,0.14521819476258804
32,blue-collar,married,basic.4y,unknown,no,yes,cellular,jul,wed,112,1,999,0,nonexistent,1.4,93.918,-42.7,4.962,5228.1,no,0.145
38,services,single,high.school,no,yes,yes,cellular,may,thu,456,1,999,1,failure,-1.8,92.893,-46.2,1.266,5099.1,yes,0.145
42,housemaid,married,university.degree,no,unknown,unknown,telephone,aug,thu,12,9,999,0,nonexistent,1.4,93.444,-36.1,4.962,5228.1,no,0.145
32,admin.,married,university.degree,no,no,no,telephone,nov,wed,651,1,999,1,failure,-1.1,94.767,-50.8,1.03,4963.6,yes,0.145
33,technician,married,professional.course,no,yes,no,telephone,jun,thu,201,1,999,0,nonexistent,1.4,94.465,-41.8,4.961,5228.1,no,0.145
48,entrepreneur,married,basic.9y,no,yes,no,cellular,jul,wed,44,7,999,0,nonexistent,1.4,93.918,-42.7,4.963,5228.1,no,0.145
81,retired,married,basic.4y,no,no,no,cellular,may,mon,617,2,999,0,nonexistent,-1.8,92.893,-46.2,1.354,5099.1,yes,0.145
41,blue-collar,single,basic.9y,no,no,no,cellular,may,fri,195,1,999,0,nonexistent,-1.8,92.893,-46.2,1.25,5099.1,no,0.145
35,services,divorced,university.degree,no,yes,no,telephone,jul,tue,119,2,999,0,nonexistent,1.4,93.918,-42.7,4.961,5228.1,no,0.145
74,retired,married,high.school,no,no,no,cellular,aug,thu,135,1,999,0,nonexistent,-2.9,92.201,-31.4,0.883,5076.2,no,0.145
34,technician,divorced,professional.course,no,yes,yes,cellular,may,fri,296,2,999,0,nonexistent,-1.8,92.893,-46.2,1.25,5099.1,no,0.145
56,services,married,high.school,no,yes,no,cellular,may,mon,520,2,999,0,nonexistent,-1.8,92.893,-46.2,1.354,5099.1,no,0.145
40,housemaid,single,university.degree,no,no,yes,telephone,may,wed,502,1,999,0,nonexistent,1.1,93.994,-36.4,4.858,5191.0,no,0.145
74,retired,married,high.school,no,no,no,cellular,aug,thu,472,1,999,0,nonexistent,-2.9,92.201,-31.4,0.883,5076.2,no,0.145
37,admin.,single,university.degree,no,yes,no,telephone,may,fri,355,2,999,0,nonexistent,1.1,93.994,-36.4,4.864,5191.0,no,0.145
34,blue-collar,single,basic.9y,no,no,no,cellular,jul,wed,218,3,999,0,nonexistent,1.4,93.918,-42.7,4.962,5228.1,no,0.14498249503631766
35,admin.,single,university.degree,no,yes,no,cellular,nov,wed,273,2,999,0,nonexistent,-0.1,93.2,-42.0,4.12,5195.8,no,0.1449227299860715
29,admin.,married,high.school,no,yes,no,cellular,may,mon,112,4,999,1,failure,-1.8,92.893,-46.2,1.244,5099.1,no,0.1447272382397572
57,retired,single,university.degree,no,yes,no,cellular,jul,fri,75,1,999,0,nonexistent,1.4,93.918,-42.7,4.957,5228.1,no,0.14471001517450682
41,blue-collar,married,basic.9y,no,no,no,cellular,oct,mon,79,1,999,1,failure,-3.4,92.431,-26.9,0.739,5017.5,no,0.14449412149813143
31,admin.,single,university.degree,no,yes,yes,cellular,apr,thu,102,1,999,0,nonexistent,-1.8,93.075,-47.1,1.365,5099.1,no,0.14448201751999565
53,retired,married,high.school,no,yes,no,cellular,jul,fri,99,7,999,0,nonexistent,1.4,93.918,-42.7,4.962,5228.1,no,0.1442257316321535
34,management,married,university.degree,no,yes,yes,telephone,jun,wed,192,1,999,0,nonexistent,-2.9,92.963,-40.8,1.26,5076.2,no,0.1440221328915006
27,technician,single,professional.course,no,no,no,cellular,may,tue,267,1,999,0,nonexistent,-1.8,92.893,-46.2,1.291,5099.1,no,0.14402185591075695
47,self-employed,single,unknown,no,yes,no,cellular,jul,wed,202,1,999,0,nonexistent,1.4,93.918,-42.7,4.963,5228.1,no,0.1438859064517622
46,admin.,married,high.school,no,yes,yes,cellular,may,fri,80,3,999,0,nonexistent,-1.8,92.893,-46.2,1.25,5099.1,no,0.1437966112803882
35,blue-collar,married,basic.9y,no,yes,no,telephone,jul,mon,19,3,999,0,nonexistent,1.4,93.918,-42.7,4.962,5228.1,no,0.14260599700759263
45,admin.,married,university.degree,no,no,no,cellular,nov,fri,319,1,999,3,failure,-1.1,94.767,-50.8,1.049,4963.6,no,0.1425
54,admin.,married,unknown,unknown,no,no,telephone,jun,fri,34,16,999,0,nonexistent,1.4,94.465,-41.8,4.967,5228.1,no,0.1425
31,blue-collar,single,high.school,unknown,yes,no,telephone,jun,tue,187,2,999,0,nonexistent,1.4,94.465,-41.8,4.864,5228.1,no,0.1425
29,technician,single,university.degree,no,no,no,cellular,jul,tue,225,2,999,0,nonexistent,1.4,93.918,-42.7,4.962,5228.1,no,0.1425
36,blue-collar,married,high.school,no,no,no,cellular,nov,thu,52,2,999,0,nonexistent,-0.1,93.2,-42.0,4.076,5195.8,no,0.1425
50,self-employed,married,basic.4y,unknown,no,no,telephone,aug,tue,112,2,999,0,nonexistent,1.4,93.444,-36.1,4.968,5228.1,no,0.1425
45,self-employed,divorced,university.degree,no,no,no,cellular,jul,mon,179,8,999,0,nonexistent,1.4,93.918,-42.7,4.962,5228.1,no,0.1425
33,blue-collar,divorced,basic.9y,no,yes,yes,cellular,may,fri,208,3,999,0,nonexistent,-1.8,92.893,-46.2,1.25,5099.1,no,0.1425
37,blue-collar,married,basic.4y,unknown,yes,no,cellular,may,mon,170,1,999,2,failure,-1.8,92.893,-46.2,1.244,5099.1,no,0.1425
31,technician,married,university.degree,no,no,no,cellular,aug,mon,109,1,999,1,failure,-2.9,92.201,-31.4,0.861,5076.2,no,0.1425
42,admin.,married,university.degree,no,no,no,cellular,jul,mon,24,12,999,0,nonexistent,1.4,93.918,-42.7,4.962,5228.1,no,0.1423514564979744
38,self-employed,married,professional.course,no,yes,no,cellular,nov,thu,86,1,999,0,nonexistent,-0.1,93.2,-42.0,4.076,5195.8,no,0.14233282027530156
39,technician,divorced,university.degree,no,no,no,cellular,may,fri,55,4,999,0,nonexistent,-1.8,92.893,-46.2,1.25,5099.1,no,0.14222253414264036
29,services,married,high.school,no,yes,yes,cellular,may,tue,380,1,999,0,nonexistent,-1.8,92.893,-46.2,1.291,5099.1,no,0.14222139605462825
47,entrepreneur,married,university.degree,no,no,no,cellular,apr,thu,206,3,999,0,nonexistent,-1.8,93.075,-47.1,1.41,5099.1,no,0.14221934749620638
37,technician,divorced,high.school,no,yes,no,cellular,nov,fri,47,1,999,0,nonexistent,-0.1,93.2,-42.0,4.021,5195.8,no,0.1422144157814871
33,management,single,professional.course,no,yes,no,cellular,nov,thu,8,6,999,0,nonexistent,-0.1,93.2,-42.0,4.076,5195.8,no,0.14193626707132018
45,services,married,high.school,no,yes,yes,cellular,may,thu,141,3,999,0,nonexistent,-1.8,92.893,-46.2,1.27,5099.1,no,0.14164351434241385
43,admin.,married,high.school,no,yes,yes,cellular,jul,mon,183,3,999,0,nonexistent,1.4,93.918,-42.7,4.962,5228.1,no,0.14
52,admin.,married,university.degree,no,yes,no,telephone,apr,thu,327,2,999,1,failure,-1.8,93.075,-47.1,1.435,5099.1,no,0.14
28,admin.,divorced,high.school,no,no,yes,telephone,may,thu,155,2,999,0,nonexistent,1.1,93.994,-36.4,4.86,5191.0,no,0.14
58,retired,married,professional.course,no,no,no,cellular,aug,wed,135,7,999,0,nonexistent,1.4,93.444,-36.1,4.964,5228.1,no,0.14
58,entrepreneur,married,basic.4y,no,no,yes,cellular,nov,tue,164,2,999,1,failure,-0.1,93.2,-42.0,4.153,5195.8,no,0.14
43,management,married,university.degree,no,yes,no,cellular,nov,wed,57,1,999,1,failure,-0.1,93.2,-42.0,4.12,5195.8,no,0.14
35,technician,divorced,professional.course,no,no,no,cellular,may,tue,301,1,999,1,failure,-1.8,92.893,-46.2,1.344,5099.1,no,0.14
39,unemployed,single,basic.9y,no,yes,no,telephone,may,mon,846,2,999,0,nonexistent,-1.8,92.893,-46.2,1.354,5099.1,no,0.14
38,unknown,married,basic.6y,no,no,no,telephone,jun,wed,75,3,999,0,nonexistent,1.4,94.465,-41.8,4.864,5228.1,no,0.14
27,admin.,single,university.degree,no,yes,no,cellular,jun,fri,77,1,999,0,nonexistent,-2.9,92.963,-40.8,1.268,5076.2,no,0.14
19,student,single,high.school,unknown,yes,no,cellular,may,tue,338,4,999,0,nonexistent,-1.8,92.893,-46.2,1.344,5099.1,no,0.13984975226819382
54,admin.,married,university.degree,no,no,no,cellular,aug,tue,219,3,999,0,nonexistent,1.4,93.444,-36.1,4.965,5228.1,no,0.1397989013764364
54,admin.,married,university.degree,no,no,no,cellular,aug,tue,119,3,999,0,nonexistent,1.4,93.444,-36.1,4.965,5228.1,no,0.1397989013764364
33,technician,married,university.degree,no,yes,no,cellular,may,mon,182,1,999,0,nonexistent,-1.8,92.893,-46.2,1.244,5099.1,no,0.1396086468760787
36,admin.,single,university.degree,no,yes,no,cellular,apr,thu,274,2,999,0,nonexistent,-1.8,93.075,-47.1,1.41,5099.1,no,0.13959973776540144
32,blue-collar,single,basic.4y,no,no,no,cellular,may,wed,902,1,999,0,nonexistent,-1.8,92.893,-46.2,1.281,5099.1,yes,0.13885513358469187
43,technician,married,professional.course,no,yes,no,cellular,aug,wed,78,7,999,0,nonexistent,1.4,93.444,-36.1,4.964,5228.1,no,0.13839135031577718
46,self-employed,married,university.degree,no,no,yes,cellular,aug,thu,432,3,999,0,nonexistent,1.4,93.444,-36.1,4.963,5228.1,no,0.1375
48,admin.,single,university.degree,no,no,no,cellular,nov,mon,76,1,999,0,nonexistent,-0.1,93.2,-42.0,4.191,5195.8,no,0.1375
42,blue-collar,married,basic.9y,no,no,no,cellular,apr,thu,55,4,999,0,nonexistent,-1.8,93.075,-47.1,1.41,5099.1,no,0.1375
29,blue-collar,divorced,high.school,no,no,no,cellular,may,fri,199,2,999,1,failure,-1.8,92.893,-46.2,1.25,5099.1,no,0.1375
50,admin.,single,basic.9y,no,unknown,unknown,cellular,jun,wed,699,1,999,1,failure,-2.9,92.963,-40.8,1.26,5076.2,yes,0.1375
36,management,married,university.degree,no,yes,no,cellular,may,thu,128,1,999,0,nonexistent,-1.8,92.893,-46.2,1.266,5099.1,no,0.1375
54,management,married,basic.6y,no,yes,no,cellular,may,mon,54,1,999,0,nonexistent,-1.8,92.893,-46.2,1.299,5099.1,no,0.1375
36,admin.,married,high.school,no,no,no,cellular,aug,mon,54,5,999,0,nonexistent,-2.9,92.201,-31.4,0.821,5076.2,no,0.1375
24,technician,single,basic.6y,no,yes,no,cellular,jul,thu,378,7,999,0,nonexistent,1.4,93.918,-42.7,4.958,5228.1,no,0.1375
28,self-employed,married,university.degree,no,no,no,cellular,jul,wed,86,3,999,0,nonexistent,1.4,93.918,-42.7,4.963,5228.1,no,0.1375
23,student,single,high.school,no,yes,no,cellular,apr,thu,354,3,999,0,nonexistent,-1.8,93.075,-47.1,1.365,5099.1,no,0.1375
39,blue-collar,married,basic.9y,no,yes,no,cellular,may,tue,253,1,12,1,success,-1.8,92.893,-46.2,1.344,5099.1,no,0.1375
41,services,married,professional.course,no,yes,no,cellular,jul,fri,211,2,999,0,nonexistent,1.4,93.918,-42.7,4.963,5228.1,no,0.1375
26,services,single,high.school,no,no,yes,telephone,jun,mon,74,1,999,0,nonexistent,1.4,94.465,-41.8,4.961,5228.1,no,0.13722177541729894
35,admin.,single,university.degree,no,no,no,cellular,aug,mon,306,1,999,0,nonexistent,1.4,93.444,-36.1,4.963,5228.1,no,0.1369389984825493
23,blue-collar,married,basic.9y,unknown,yes,no,cellular,jul,wed,259,1,999,0,nonexistent,1.4,93.918,-42.7,4.962,5228.1,no,0.13681821532018104
46,retired,married,basic.9y,unknown,yes,no,cellular,aug,wed,394,3,999,0,nonexistent,1.4,93.444,-36.1,4.965,5228.1,no,0.13681338806629834
40,admin.,married,university.degree,no,yes,no,cellular,jul,tue,243,1,999,0,nonexistent,-2.9,92.469,-33.6,1.044,5076.2,yes,0.13680953795869855
34,management,married,university.degree,no,yes,no,cellular,apr,fri,416,1,999,0,nonexistent,-1.8,93.075,-47.1,1.405,5099.1,no,0.136807720861173
31,technician,married,basic.9y,no,yes,no,cellular,jul,wed,81,1,999,0,nonexistent,1.4,93.918,-42.7,4.963,5228.1,no,0.13577306297636527
40,blue-collar,married,basic.9y,no,yes,no,cellular,jul,fri,106,2,999,0,nonexistent,1.4,93.918,-42.7,4.963,5228.1,no,0.1356626798098713
38,technician,single,university.degree,no,yes,yes,telephone,may,tue,156,1,999,0,nonexistent,1.1,93.994,-36.4,4.856,5191.0,no,0.13560962066306528
45,services,divorced,basic.4y,no,no,no,cellular,apr,thu,296,1,999,0,nonexistent,-1.8,93.075,-47.1,1.41,5099.1,no,0.135
35,admin.,divorced,high.school,no,yes,no,cellular,may,mon,163,1,999,0,nonexistent,-1.8,92.893,-46.2,1.244,5099.1,no,0.135
49,entrepreneur,divorced,basic.9y,no,yes,no,cellular,may,fri,427,2,999,0,nonexistent,-1.8,92.893,-46.2,1.25,5099.1,no,0.135
35,admin.,married,high.school,no,no,yes,telephone,jun,thu,291,1,999,0,nonexistent,1.4,94.465,-41.8,4.961,5228.1,no,0.135
24,student,single,high.school,no,no,no,cellular,aug,thu,136,1,999,2,failure,-2.9,92.201,-31.4,0.873,5076.2,no,0.135
46,entrepreneur,single,university.degree,no,yes,yes,cellular,apr,mon,142,12,999,1,failure,-1.8,93.075,-47.1,1.405,5099.1,no,0.135
50,management,divorced,university.degree,no,no,no,telephone,jul,mon,130,7,999,0,nonexistent,1.4,93.918,-42.7,4.962,5228.1,no,0.135
35,entrepreneur,married,basic.6y,no,no,no,telephone,jun,mon,114,5,999,0,nonexistent,1.4,94.465,-41.8,4.96,5228.1,no,0.135
50,blue-collar,married,basic.4y,no,no,no,cellular,may,fri,67,1,999,1,failure,-1.8,92.893,-46.2,1.25,5099.1,no,0.135
34,admin.,married,high.school,no,no,yes,cellular,may,thu,154,1,999,0,nonexistent,-1.8,92.893,-46.2,1.327,5099.1,no,0.135
32,technician,single,university.degree,no,yes,yes,cellular,may,fri,693,5,999,1,failure,-1.8,92.893,-46.2,1.25,5099.1,yes,0.135
31,management,single,university.degree,unknown,yes,no,telephone,may,tue,174,2,999,0,nonexistent,1.1,93.994,-36.4,4.857,5191.0,no,0.135
54,technician,married,basic.9y,no,no,no,telephone,jun,fri,63,9,999,0,nonexistent,1.4,94.465,-41.8,4.967,5228.1,no,0.135
41,blue-collar,divorced,basic.6y,no,no,no,cellular,jul,fri,159,1,999,0,nonexistent,1.4,93.918,-42.7,4.963,5228.1,no,0.13492141333650884
25,blue-collar,single,high.school,no,yes,no,telephone,jun,fri,446,3,999,0,nonexistent,1.4,94.465,-41.8,4.967,5228.1,no,0.13484608073713716
30,technician,divorced,high.school,no,no,no,cellular,aug,mon,205,3,999,0,nonexistent,1.4,93.444,-36.1,4.965,5228.1,no,0.13449817069841097
35,self-employed,married,basic.9y,no,no,no,telephone,aug,fri,16,9,999,0,nonexistent,1.4,93.444,-36.1,4.964,5228.1,no,0.1340975837261346
31,admin.,married,high.school,no,yes,no,cellular,may,tue,387,2,999,1,failure,-1.8,92.893,-46.2,1.344,5099.1,no,0.13324554291962623
29,entrepreneur,married,high.school,no,yes,no,cellular,jul,thu,169,1,999,0,nonexistent,1.4,93.918,-42.7,4.962,5228.1,no,0.13304748797507585
33,admin.,married,university.degree,no,yes,yes,telephone,sep,wed,396,2,999,0,nonexistent,-1.1,94.199,-37.5,0.879,4963.6,yes,0.1325
30,technician,single,university.degree,unknown,no,no,telephone,jun,tue,722,2,999,0,nonexistent,1.4,94.465,-41.8,4.864,5228.1,no,0.1325
38,admin.,married,high.school,no,no,no,telephone,jun,wed,180,2,999,0,nonexistent,1.4,94.465,-41.8,4.864,5228.1,no,0.1325
44,self-employed,divorced,professional.course,no,yes,no,cellular,may,thu,652,2,999,2,failure,-1.8,92.893,-46.2,1.327,5099.1,no,0.1325
39,admin.,single,university.degree,unknown,no,no,telephone,jun,mon,658,2,999,0,nonexistent,1.4,94.465,-41.8,4.865,5228.1,no,0.1325
34,services,single,high.school,no,no,no,cellular,may,thu,957,2,999,0,nonexistent,-1.8,92.893,-46.2,1.327,5099.1,yes,0.1325
36,entrepreneur,divorced,high.school,no,yes,no,cellular,nov,fri,230,3,999,0,nonexistent,-0.1,93.2,-42.0,4.021,5195.8,no,0.1325
44,unknown,divorced,unknown,no,no,no,cellular,apr,tue,189,1,999,0,nonexistent,-1.8,93.075,-47.1,1.405,5099.1,no,0.1325
51,blue-collar,divorced,high.school,no,yes,yes,cellular,may,tue,10,6,999,0,nonexistent,-1.8,92.893,-46.2,1.291,5099.1,no,0.1325
33,blue-collar,single,basic.4y,no,no,no,cellular,apr,mon,210,1,999,0,nonexistent,-1.8,93.075,-47.1,1.405,5099.1,no,0.1325
50,admin.,married,university.degree,no,no,no,cellular,aug,mon,70,3,999,0,nonexistent,1.4,93.444,-36.1,4.963,5228.1,no,0.1325
33,blue-collar,married,basic.9y,unknown,yes,no,cellular,may,fri,730,5,999,0,nonexistent,-1.8,92.893,-46.2,1.25,5099.1,yes,0.1325
33,technician,married,professional.course,no,no,yes,cellular,apr,thu,667,1,999,0,nonexistent,-1.8,93.075,-47.1,1.41,5099.1,yes,0.13239959016393443
31,blue-collar,divorced,basic.9y,no,yes,yes,telephone,jun,wed,121,2,999,0,nonexistent,1.4,94.465,-41.8,4.864,5228.1,no,0.13239496330526848
29,services,single,high.school,no,yes,no,cellular,may,mon,229,2,999,1,failure,-1.8,92.893,-46.2,1.244,5099.1,no,0.13221843702579666
39,technician,divorced,professional.course,no,no,yes,cellular,may,wed,83,2,999,0,nonexistent,-1.8,92.893,-46.2,1.281,5099.1,no,0.13193990895295904
33,services,married,high.school,no,yes,no,cellular,jul,fri,82,2,999,0,nonexistent,1.4,93.918,-42.7,4.963,5228.1,no,0.13182764827143229
36,services,divorced,university.degree,no,no,no,cellular,may,fri,67,4,999,1,failure,-1.8,92.893,-46.2,1.25,5099.1,no,0.1313708649468892
32,management,divorced,university.degree,no,no,no,cellular,nov,wed,77,1,999,0,nonexistent,-0.1,93.2,-42.0,4.12,5195.8,no,0.13066882788238884
29,entrepreneur,single,basic.4y,no,no,no,cellular,nov,fri,100,1,999,0,nonexistent,-0.1,93.2,-42.0,4.021,5195.8,no,0.13058319709906432
43,services,married,basic.6y,unknown,no,no,cellular,jul,mon,547,3,999,0,nonexistent,1.4,93.918,-42.7,4.962,5228.1,no,0.13
38,technician,single,university.degree,no,yes,yes,cellular,may,wed,606,3,999,0,nonexistent,-1.8,92.893,-46.2,1.334,5099.1,yes,0.13
35,technician,married,professional.course,no,yes,no,cellular,aug,mon,70,2,999,0,nonexistent,1.4,93.444,-36.1,4.963,5228.1,no,0.13
45,services,married,high.school,no,yes,no,telephone,may,tue,178,2,999,0,nonexistent,1.1,93.994,-36.4,4.857,5191.0,no,0.13
52,blue-collar,single,basic.9y,unknown,yes,no,telephone,may,tue,202,1,999,0,nonexistent,1.1,93.994,-36.4,4.856,5191.0,no,0.13
44,admin.,married,university.degree,unknown,no,no,cellular,nov,fri,311,1,999,0,nonexistent,-0.1,93.2,-42.0,4.021,5195.8,no,0.13
52,technician,married,professional.course,no,yes,no,cellular,nov,fri,259,1,999,1,failure,-3.4,92.649,-30.1,0.714,5017.5,yes,0.13
29,services,single,high.school,no,yes,yes,cellular,jun,wed,431,2,999,2,failure,-2.9,92.963,-40.8,1.26,5076.2,yes,0.13
42,blue-collar,divorced,high.school,no,no,no,telephone,jun,tue,256,1,999,0,nonexistent,1.4,94.465,-41.8,4.961,5228.1,no,0.13
42,blue-collar,married,basic.9y,unknown,no,no,telephone,jun,fri,61,1,999,0,nonexistent,1.4,94.465,-41.8,4.967,5228.1,no,0.13
61,management,married,university.degree,no,yes,no,cellular,sep,fri,491,1,999,0,nonexistent,-3.4,92.379,-29.8,0.741,5017.5,no,0.13
47,self-employed,married,university.degree,no,no,no,cellular,aug,tue,108,5,999,0,nonexistent,1.4,93.444,-36.1,4.965,5228.1,no,0.13
44,self-employed,single,professional.course,no,yes,no,cellular,may,mon,775,5,999,1,failure,-1.8,92.893,-46.2,1.354,5099.1,yes,0.13
51,management,married,basic.9y,no,yes,no,cellular,jul,wed,154,4,999,0,nonexistent,1.4,93.918,-42.7,4.963,5228.1,no,0.13
34,technician,divorced,professional.course,no,yes,no,cellular,may,fri,1190,2,999,0,nonexistent,-1.8,92.893,-46.2,1.25,5099.1,yes,0.13
44,management,married,basic.9y,no,yes,no,cellular,aug,tue,100,5,999,0,nonexistent,1.4,93.444,-36.1,4.966,5228.1,no,0.1299277749210104
28,admin.,single,university.degree,unknown,yes,no,cellular,jul,mon,248,3,999,0,nonexistent,1.4,93.918,-42.7,4.96,5228.1,no,0.12972192716236722
35,self-employed,single,university.degree,no,yes,no,cellular,jul,wed,288,2,999,0,nonexistent,1.4,93.918,-42.7,4.963,5228.1,no,0.12958448002258718
28,admin.,single,university.degree,no,yes,no,cellular,may,wed,69,2,999,0,nonexistent,-1.8,92.893,-46.2,1.334,5099.1,no,0.12949461192197517
38,blue-collar,married,high.school,no,no,no,cellular,jul,tue,165,1,999,0,nonexistent,1.4,93.918,-42.7,4.962,5228.1,no,0.12944104704097115
29,blue-collar,divorced,high.school,no,yes,no,cellular,may,fri,144,1,999,1,failure,-1.8,92.893,-46.2,1.25,5099.1,no,0.12939574197566103
33,blue-collar,married,basic.9y,no,no,no,cellular,may,wed,353,2,999,0,nonexistent,-1.8,92.893,-46.2,1.334,5099.1,no,0.12936415055957762
32,services,single,high.school,no,yes,no,cellular,may,fri,583,2,999,0,nonexistent,-1.8,92.893,-46.2,1.313,5099.1,no,0.12926385238220195
24,blue-collar,married,basic.9y,no,yes,yes,telephone,may,fri,101,6,999,0,nonexistent,1.1,93.994,-36.4,4.855,5191.0,no,0.1292160544767568
55,management,married,university.degree,no,yes,no,cellular,apr,fri,949,2,999,0,nonexistent,-1.8,93.075,-47.1,1.405,5099.1,yes,0.12910128747758878
39,entrepreneur,married,high.school,no,yes,no,cellular,jul,thu,244,1,999,0,nonexistent,1.4,93.918,-42.7,4.968,5228.1,no,0.12776905850199463
55,admin.,married,high.school,no,no,yes,cellular,apr,wed,307,1,999,1,failure,-1.8,93.075,-47.1,1.405,5099.1,yes,0.1275
30,admin.,single,high.school,no,yes,no,cellular,jul,wed,730,1,999,0,nonexistent,1.4,93.918,-42.7,4.963,5228.1,no,0.1275
30,admin.,married,university.degree,no,unknown,unknown,cellular,aug,thu,55,5,999,0,nonexistent,1.4,93.444,-36.1,4.963,5228.1,no,0.1275
45,technician,divorced,university.degree,no,yes,no,cellular,nov,thu,104,4,999,1,failure,-0.1,93.2,-42.0,4.076,5195.8,no,0.1275
36,admin.,single,high.school,no,no,no,cellular,may,tue,189,1,999,0,nonexistent,-1.8,92.893,-46.2,1.344,5099.1,no,0.1275
34,blue-collar,married,basic.9y,no,no,yes,cellular,may,wed,50,1,999,0,nonexistent,-1.8,92.893,-46.2,1.334,5099.1,no,0.1275
43,admin.,divorced,university.degree,no,no,no,telephone,jun,fri,70,3,999,0,nonexistent,1.4,94.465,-41.8,4.967,5228.1,no,0.1275
34,services,married,high.school,no,no,no,cellular,may,tue,222,3,999,0,nonexistent,-1.8,92.893,-46.2,1.266,5099.1,no,0.1275
34,management,single,high.school,no,no,no,cellular,nov,wed,292,3,999,0,nonexistent,-0.1,93.2,-42.0,4.12,5195.8,no,0.1275
33,services,single,high.school,no,yes,no,cellular,apr,fri,73,2,999,0,nonexistent,-1.8,93.075,-47.1,1.405,5099.1,no,0.1275
31,blue-collar,divorced,professional.course,no,yes,no,telephone,may,thu,176,1,999,0,nonexistent,1.1,93.994,-36.4,4.855,5191.0,no,0.1275
35,admin.,married,high.school,no,yes,yes,telephone,may,mon,159,10,999,0,nonexistent,-1.8,92.893,-46.2,1.354,5099.1,no,0.1275
59,self-employed,married,university.degree,no,yes,no,cellular,may,tue,61,1,999,1,failure,-1.8,92.893,-46.2,1.266,5099.1,no,0.1275
31,self-employed,single,university.degree,no,no,no,cellular,aug,mon,209,1,999,2,failure,-1.7,94.027,-38.3,0.898,4991.6,no,0.1275
48,technician,married,high.school,no,no,no,cellular,aug,wed,58,3,999,0,nonexistent,1.4,93.444,-36.1,4.965,5228.1,no,0.1275
47,services,married,basic.9y,no,yes,no,cellular,apr,thu,561,3,999,0,nonexistent,-1.8,93.075,-47.1,1.41,5099.1,no,0.1275
37,admin.,married,high.school,no,yes,no,telephone,dec,fri,12,1,999,0,nonexistent,-0.2,92.756,-45.9,3.563,5176.3,no,0.1275
38,technician,married,professional.course,no,yes,no,cellular,apr,thu,54,1,999,0,nonexistent,-1.8,93.075,-47.1,1.41,5099.1,no,0.1275
29,blue-collar,married,high.school,no,yes,no,cellular,may,wed,173,2,999,0,nonexistent,-1.8,92.893,-46.2,1.281,5099.1,no,0.1275
34,management,divorced,university.degree,no,no,yes,cellular,jul,tue,321,5,999,0,nonexistent,1.4,93.918,-42.7,4.961,5228.1,no,0.1275
50,blue-collar,married,basic.9y,no,yes,no,telephone,may,thu,135,2,999,0,nonexistent,1.1,93.994,-36.4,4.855,5191.0,no,0.1275
33,entrepreneur,married,university.degree,no,yes,no,cellular,may,fri,204,3,999,0,nonexistent,-1.8,92.893,-46.2,1.25,5099.1,no,0.1275
30,blue-collar,married,high.school,no,yes,yes,cellular,nov,fri,14,5,999,0,nonexistent,-0.1,93.2,-42.0,4.021,5195.8,no,0.1275
43,entrepreneur,married,professional.course,no,yes,no,cellular,may,fri,311,1,999,1,failure,-1.8,92.893,-46.2,1.25,5099.1,yes,0.1275
36,admin.,married,university.degree,no,no,no,cellular,jul,thu,561,4,999,0,nonexistent,1.4,93.918,-42.7,4.962,5228.1,no,0.12730709827901404
26,blue-collar,single,professional.course,no,yes,no,cellular,jul,wed,505,2,999,0,nonexistent,1.4,93.918,-42.7,4.963,5228.1,no,0.12721798179059182
34,blue-collar,married,basic.9y,no,no,yes,cellular,jul,tue,215,2,999,0,nonexistent,1.4,93.918,-42.7,4.962,5228.1,no,0.12700296553420615
53,retired,married,high.school,no,no,no,cellular,apr,wed,349,1,999,0,nonexistent,-1.8,93.075,-47.1,1.415,5099.1,no,0.12699497981010585
56,retired,married,basic.4y,no,no,no,telephone,jun,wed,375,2,999,0,nonexistent,1.4,94.465,-41.8,4.962,5228.1,no,0.12682186008353222
38,blue-collar,married,basic.9y,no,yes,no,cellular,oct,mon,167,3,999,0,nonexistent,-3.4,92.431,-26.9,0.739,5017.5,no,0.12681348242177815
38,management,single,university.degree,no,yes,yes,cellular,nov,thu,186,1,999,0,nonexistent,-0.1,93.2,-42.0,4.076,5195.8,no,0.12617848246360455
38,admin.,divorced,high.school,no,yes,no,cellular,nov,fri,321,1,999,0,nonexistent,-0.1,93.2,-42.0,4.021,5195.8,no,0.12614888658842419
30,technician,single,university.degree,no,no,no,telephone,jun,tue,174,1,999,0,nonexistent,1.4,94.465,-41.8,4.864,5228.1,no,0.125
36,retired,single,university.degree,no,yes,no,cellular,may,tue,93,4,999,0,nonexistent,-1.8,92.893,-46.2,1.344,5099.1,no,0.125
37,admin.,married,high.school,no,yes,no,telephone,nov,mon,459,1,999,0,nonexistent,-3.4,92.649,-30.1,0.722,5017.5,no,0.125
47,entrepreneur,married,university.degree,unknown,yes,no,telephone,may,fri,96,8,999,0,nonexistent,1.1,93.994,-36.4,4.864,5191.0,no,0.125
31,technician,single,high.school,unknown,no,no,cellular,aug,wed,104,5,999,0,nonexistent,1.4,93.444,-36.1,4.965,5228.1,no,0.125
26,services,single,high.school,no,no,no,cellular,may,thu,243,1,999,0,nonexistent,-1.8,92.893,-46.2,1.266,5099.1,no,0.125
33,blue-collar,married,basic.9y,no,yes,no,cellular,jul,wed,1019,11,999,0,nonexistent,1.4,93.918,-42.7,4.957,5228.1,yes,0.125
38,services,single,university.degree,no,no,no,cellular,jul,tue,368,4,999,0,nonexistent,1.4,93.918,-42.7,4.961,5228.1,no,0.125
44,admin.,married,basic.9y,unknown,yes,no,cellular,aug,wed,77,2,999,0,nonexistent,1.4,93.444,-36.1,4.964,5228.1,no,0.125
25,management,single,university.degree,no,no,no,telephone,sep,tue,5,1,999,0,nonexistent,-1.1,94.199,-37.5,0.877,4963.6,no,0.125
35,admin.,married,university.degree,no,no,no,cellular,apr,fri,222,1,999,0,nonexistent,-1.8,93.075,-47.1,1.405,5099.1,no,0.125
31,technician,married,basic.9y,no,no,yes,cellular,jul,thu,1319,5,999,0,nonexistent,1.4,93.918,-42.7,4.958,5228.1,yes,0.125
30,technician,single,professional.course,no,no,no,cellular,apr,fri,73,2,999,0,nonexistent,-1.8,93.075,-47.1,1.405,5099.1,no,0.125
46,entrepreneur,married,high.school,no,yes,no,cellular,aug,tue,435,5,999,0,nonexistent,1.4,93.444,-36.1,4.965,5228.1,no,0.125
27,admin.,married,professional.course,no,no,no,cellular,may,thu,466,1,999,0,nonexistent,-1.8,92.893,-46.2,1.266,5099.1,no,0.125
54,self-employed,married,basic.9y,no,yes,no,cellular,nov,tue,139,4,999,1,failure,-0.1,93.2,-42.0,4.153,5195.8,no,0.125
38,self-employed,married,basic.9y,no,yes,no,cellular,may,wed,155,5,999,0,nonexistent,-1.8,92.893,-46.2,1.334,5099.1,no,0.125
54,unemployed,married,university.degree,no,no,no,telephone,aug,mon,122,3,999,0,nonexistent,-2.9,92.201,-31.4,0.884,5076.2,no,0.125
30,blue-collar,divorced,basic.9y,no,yes,no,telephone,jun,tue,116,3,999,0,nonexistent,1.4,94.465,-41.8,4.961,5228.1,no,0.125
30,admin.,single,basic.9y,no,no,no,cellular,nov,thu,106,2,999,1,failure,-0.1,93.2,-42.0,4.076,5195.8,no,0.125
27,admin.,married,professional.course,no,no,no,cellular,may,thu,584,1,999,0,nonexistent,-1.8,92.893,-46.2,1.266,5099.1,no,0.125
37,technician,married,high.school,no,yes,no,telephone,may,fri,136,1,999,0,nonexistent,1.1,93.994,-36.4,4.859,5191.0,no,0.125
46,admin.,married,basic.9y,no,yes,no,telephone,nov,tue,18,1,999,1,failure,-1.1,94.767,-50.8,1.047,4963.6,no,0.125
37,management,single,basic.9y,no,no,no,cellular,may,mon,261,1,999,0,nonexistent,-1.8,92.893,-46.2,1.299,5099.1,no,0.12485103064604303
52,services,married,high.school,unknown,yes,no,cellular,jul,thu,117,2,999,0,nonexistent,1.4,93.918,-42.7,4.962,5228.1,no,0.12480731650942405
54,management,divorced,professional.course,no,yes,no,cellular,may,tue,121,1,999,0,nonexistent,-1.8,92.893,-46.2,1.291,5099.1,no,0.1248058430981031
48,admin.,married,high.school,unknown,yes,no,cellular,may,fri,611,5,999,0,nonexistent,-1.8,92.893,-46.2,1.25,5099.1,yes,0.12473406676783004
31,admin.,married,university.degree,no,yes,no,cellular,may,wed,954,2,10,1,success,-1.8,92.893,-46.2,1.281,5099.1,yes,0.1243080235608573
42,technician,married,professional.course,no,yes,no,cellular,aug,wed,685,2,999,0,nonexistent,1.4,93.444,-36.1,4.967,5228.1,no,0.12316623899986123
31,unemployed,married,basic.9y,no,no,no,cellular,may,wed,570,1,999,0,nonexistent,-1.8,92.893,-46.2,1.281,5099.1,yes,0.12285742715978369
41,blue-collar,married,basic.4y,no,yes,no,cellular,may,wed,186,2,999,0,nonexistent,-1.8,92.893,-46.2,1.281,5099.1,no,0.12267142157595401
27,blue-collar,married,basic.9y,unknown,no,yes,telephone,may,fri,127,5,999,0,nonexistent,1.1,93.994,-36.4,4.864,5191.0,no,0.1225
32,blue-collar,married,basic.9y,no,yes,no,telephone,nov,tue,47,1,999,0,nonexistent,-0.1,93.2,-42.0,4.153,5195.8,no,0.1225
44,blue-collar,married,basic.4y,unknown,yes,no,cellular,aug,wed,359,1,999,0,nonexistent,1.4,93.444,-36.1,4.964,5228.1,no,0.1225
39,housemaid,married,basic.4y,no,yes,no,telephone,dec,wed,11,1,999,1,failure,-0.2,92.756,-45.9,3.743,5176.3,no,0.1225
32,admin.,married,university.degree,no,yes,yes,cellular,nov,mon,144,1,999,0,nonexistent,-3.4,92.649,-30.1,0.722,5017.5,no,0.1225
33,services,married,high.school,unknown,no,no,telephone,jun,fri,78,3,999,0,nonexistent,1.4,94.465,-41.8,4.967,5228.1,no,0.1225
52,admin.,single,basic.9y,no,yes,no,cellular,nov,tue,296,1,6,1,success,-0.1,93.2,-42.0,4.153,5195.8,no,0.1225
35,management,single,university.degree,no,no,no,telephone,nov,tue,52,1,999,0,nonexistent,-0.1,93.2,-42.0,4.153,5195.8,no,0.1225
29,services,single,university.degree,unknown,no,yes,telephone,jun,tue,235,1,999,0,nonexistent,1.4,94.465,-41.8,4.864,5228.1,no,0.1225
23,technician,single,university.degree,no,yes,yes,cellular,jul,tue,603,11,999,0,nonexistent,1.4,93.918,-42.7,4.961,5228.1,no,0.1225
33,retired,married,high.school,no,yes,no,cellular,may,fri,237,2,999,0,nonexistent,-1.8,92.893,-46.2,1.25,5099.1,no,0.1225
69,retired,married,high.school,no,no,no,cellular,sep,fri,346,3,999,0,nonexistent,-3.4,92.379,-29.8,0.773,5017.5,yes,0.1225
60,retired,divorced,high.school,unknown,yes,yes,cellular,jul,tue,102,2,999,0,nonexistent,1.4,93.918,-42.7,4.961,5228.1,no,0.1225
36,technician,single,university.degree,no,no,no,telephone,nov,tue,18,1,999,0,nonexistent,-0.1,93.2,-42.0,4.153,5195.8,no,0.1225
58,management,married,university.degree,no,yes,yes,cellular,may,fri,256,1,999,0,nonexistent,-1.8,92.893,-46.2,1.25,5099.1,no,0.1225
42,admin.,married,high.school,no,yes,no,cellular,nov,fri,8,2,999,0,nonexistent,-0.1,93.2,-42.0,4.021,5195.8,no,0.1225
44,blue-collar,married,basic.4y,unknown,yes,yes,cellular,aug,wed,310,1,999,0,nonexistent,1.4,93.444,-36.1,4.965,5228.1,no,0.1225
42,blue-collar,single,basic.6y,no,unknown,unknown,telephone,jun,thu,59,3,999,0,nonexistent,1.4,94.465,-41.8,4.961,5228.1,no,0.1225
43,technician,married,professional.course,no,no,no,cellular,apr,thu,264,1,999,0,nonexistent,-1.8,93.075,-47.1,1.435,5099.1,no,0.1225
57,admin.,married,university.degree,no,yes,no,cellular,may,fri,554,2,999,0,nonexistent,-1.8,92.893,-46.2,1.259,5099.1,yes,0.1225
58,retired,married,professional.course,no,yes,no,cellular,jul,fri,51,4,999,0,nonexistent,1.4,93.918,-42.7,4.962,5228.1,no,0.1225
32,technician,single,professional.course,no,yes,yes,cellular,nov,tue,89,1,999,0,nonexistent,-0.1,93.2,-42.0,4.153,5195.8,no,0.1225
51,services,married,high.school,no,yes,no,cellular,aug,mon,201,3,999,0,nonexistent,1.4,93.444,-36.1,4.965,5228.1,no,0.1225
35,services,divorced,high.school,no,yes,no,cellular,may,tue,211,5,999,0,nonexistent,-1.8,92.893,-46.2,1.291,5099.1,no,0.1225
35,entrepreneur,married,professional.course,no,yes,no,telephone,may,thu,12,5,999,0,nonexistent,-1.8,92.893,-46.2,1.266,5099.1,no,0.1225
27,management,married,basic.9y,no,no,yes,cellular,jul,mon,174,3,999,0,nonexistent,1.4,93.918,-42.7,4.962,5228.1,no,0.12221949924127465
39,technician,married,university.degree,no,no,no,cellular,aug,mon,101,5,999,0,nonexistent,1.4,93.444,-36.1,4.965,5228.1,no,0.12199583844999318
30,admin.,married,university.degree,no,no,no,cellular,aug,thu,194,5,999,0,nonexistent,1.4,93.444,-36.1,4.968,5228.1,no,0.12199338606300288
37,self-employed,married,basic.9y,no,yes,no,cellular,aug,fri,163,2,999,0,nonexistent,1.4,93.444,-36.1,4.964,5228.1,no,0.12192215477996965
32,technician,single,professional.course,no,yes,no,cellular,nov,fri,226,1,999,0,nonexistent,-0.1,93.2,-42.0,4.021,5195.8,no,0.1218984858789857
43,blue-collar,married,high.school,unknown,yes,no,cellular,jul,mon,245,1,999,0,nonexistent,1.4,93.918,-42.7,4.96,5228.1,no,0.12169488181199534
26,admin.,married,high.school,no,no,no,cellular,jul,thu,125,2,999,0,nonexistent,1.4,93.918,-42.7,4.962,5228.1,no,0.12165391287654118
31,blue-collar,single,basic.9y,no,no,yes,cellular,jul,wed,85,2,999,0,nonexistent,1.4,93.918,-42.7,4.963,5228.1,no,0.12143803483845804
41,admin.,married,high.school,no,no,no,cellular,jul,thu,61,4,999,0,nonexistent,1.4,93.918,-42.7,4.963,5228.1,no,0.12103446466548251
28,technician,single,professional.course,no,no,no,cellular,apr,thu,444,1,999,0,nonexistent,-1.8,93.075,-47.1,1.483,5099.1,no,0.12098311708299399
34,technician,married,university.degree,no,no,no,cellular,apr,fri,772,1,999,0,nonexistent,-1.8,93.075,-47.1,1.405,5099.1,yes,0.12091386555310192
39,services,married,university.degree,no,no,no,cellular,apr,thu,237,1,999,0,nonexistent,-1.8,93.075,-47.1,1.365,5099.1,yes,0.12080903087659615
35,admin.,married,high.school,no,no,no,cellular,jul,tue,160,2,999,0,nonexistent,1.4,93.918,-42.7,4.961,5228.1,no,0.12
58,technician,married,professional.course,no,unknown,unknown,cellular,aug,mon,52,2,999,0,nonexistent,1.4,93.444,-36.1,4.965,5228.1,no,0.12
40,technician,married,university.degree,no,yes,yes,cellular,may,fri,133,2,999,0,nonexistent,-1.8,92.893,-46.2,1.25,5099.1,no,0.12
37,admin.,married,university.degree,no,no,no,cellular,nov,tue,475,1,999,0,nonexistent,-0.1,93.2,-42.0,4.153,5195.8,no,0.12
53,management,married,university.degree,no,no,no,cellular,nov,thu,136,1,999,0,nonexistent,-0.1,93.2,-42.0,4.076,5195.8,no,0.12
38,admin.,married,university.degree,no,no,no,telephone,may,tue,11,6,999,0,nonexistent,-1.8,92.893,-46.2,1.344,5099.1,no,0.12
52,entrepreneur,married,university.degree,no,no,no,telephone,jun,mon,92,2,999,0,nonexistent,1.4,94.465,-41.8,4.96,5228.1,no,0.12
35,services,single,university.degree,no,unknown,unknown,cellular,aug,mon,419,2,999,0,nonexistent,-2.9,92.201,-31.4,0.884,5076.2,no,0.12
43,blue-collar,single,basic.6y,no,yes,no,cellular,jul,wed,199,2,999,0,nonexistent,1.4,93.918,-42.7,4.957,5228.1,no,0.12
56,admin.,married,high.school,unknown,no,no,cellular,jul,wed,120,4,999,0,nonexistent,1.4,93.918,-42.7,4.957,5228.1,no,0.12
58,services,married,basic.6y,no,yes,no,cellular,apr,mon,41,3,999,0,nonexistent,-1.8,93.075,-47.1,1.405,5099.1,no,0.12
25,student,single,university.degree,no,no,no,cellular,aug,thu,184,1,999,0,nonexistent,-2.9,92.201,-31.4,0.851,5076.2,yes,0.12
32,unemployed,married,high.school,no,no,no,telephone,sep,tue,6,1,999,1,failure,-1.1,94.199,-37.5,0.877,4963.6,no,0.12
34,admin.,married,university.degree,no,yes,no,cellular,may,wed,95,1,999,1,failure,-1.8,92.893,-46.2,1.27,5099.1,no,0.12
44,admin.,single,high.school,no,no,yes,telephone,jul,fri,12,1,999,0,nonexistent,-1.7,94.215,-40.3,0.861,4991.6,no,0.12
33,services,single,high.school,no,no,yes,cellular,may,mon,171,2,999,0,nonexistent,-1.8,92.893,-46.2,1.299,5099.1,no,0.12
29,services,single,high.school,no,no,no,cellular,may,thu,138,1,999,0,nonexistent,-1.8,92.893,-46.2,1.266,5099.1,no,0.12
35,blue-collar,married,high.school,no,yes,yes,cellular,nov,mon,330,2,999,0,nonexistent,-0.1,93.2,-42.0,4.191,5195.8,no,0.12
34,management,single,unknown,no,yes,no,cellular,jul,tue,288,1,999,0,nonexistent,1.4,93.918,-42.7,4.962,5228.1,no,0.1197231411229135
32,blue-collar,single,high.school,unknown,yes,no,cellular,may,wed,420,3,999,0,nonexistent,-1.8,92.893,-46.2,1.281,5099.1,no,0.11971509863429439
31,unemployed,single,university.degree,no,no,no,cellular,aug,tue,85,2,999,0,nonexistent,1.4,93.444,-36.1,4.966,5228.1,no,0.1196465247674828
49,unemployed,unknown,high.school,no,yes,no,cellular,nov,thu,73,1,999,0,nonexistent,-0.1,93.2,-42.0,4.076,5195.8,no,0.11937143405489672
25,services,single,professional.course,no,yes,no,cellular,jul,thu,384,1,999,0,nonexistent,1.4,93.918,-42.7,4.963,5228.1,no,0.11921482255675281
34,admin.,single,university.degree,no,yes,no,cellular,aug,mon,347,3,999,0,nonexistent,1.4,93.444,-36.1,4.963,5228.1,no,0.11906552012728693
38,technician,single,university.degree,no,no,no,cellular,apr,fri,301,2,999,0,nonexistent,-1.8,93.075,-47.1,1.405,5099.1,no,0.11895483109443747
28,blue-collar,single,basic.9y,no,no,no,cellular,jul,fri,66,2,999,0,nonexistent,1.4,93.918,-42.7,4.962,5228.1,no,0.11891278044901395
25,blue-collar,single,basic.9y,no,no,no,telephone,jun,wed,680,2,999,0,nonexistent,1.4,94.465,-41.8,4.962,5228.1,no,0.11880080537625295
30,self-employed,married,professional.course,no,yes,no,cellular,nov,thu,329,2,999,0,nonexistent,-0.1,93.2,-42.0,4.076,5195.8,no,0.11864877807478388
29,admin.,single,university.degree,no,no,yes,cellular,aug,fri,164,1,999,0,nonexistent,1.4,93.444,-36.1,4.964,5228.1,no,0.11852753672333413
31,self-employed,single,university.degree,no,yes,no,cellular,apr,thu,383,1,999,0,nonexistent,-1.8,93.075,-47.1,1.365,5099.1,yes,0.11840149053759438
52,admin.,married,unknown,no,no,no,cellular,aug,tue,422,1,999,0,nonexistent,1.4,93.444,-36.1,4.968,5228.1,no,0.1175
58,retired,married,high.school,no,no,no,cellular,nov,mon,34,1,999,0,nonexistent,-0.1,93.2,-42.0,4.191,5195.8,no,0.1175
32,blue-collar,married,basic.6y,unknown,no,yes,telephone,jul,fri,191,2,999,0,nonexistent,1.4,93.918,-42.7,4.959,5228.1,no,0.1175
37,admin.,married,university.degree,no,no,no,telephone,jul,mon,1009,5,999,0,nonexistent,1.4,93.918,-42.7,4.962,5228.1,yes,0.1175
43,technician,married,university.degree,no,no,yes,cellular,nov,fri,43,1,999,1,failure,-0.1,93.2,-42.0,4.021,5195.8,no,0.1175
59,admin.,divorced,basic.4y,unknown,yes,yes,cellular,jul,mon,745,6,999,0,nonexistent,1.4,93.918,-42.7,4.962,5228.1,yes,0.1175
34,blue-collar,divorced,professional.course,no,no,no,telephone,jun,fri,10,23,999,0,nonexistent,1.4,94.465,-41.8,4.967,5228.1,no,0.1175
46,entrepreneur,divorced,high.school,no,yes,no,cellular,nov,thu,88,1,999,0,nonexistent,-0.1,93.2,-42.0,4.076,5195.8,no,0.1175
29,services,single,high.school,no,no,yes,telephone,jun,mon,6,1,999,0,nonexistent,-1.7,94.055,-39.8,0.711,4991.6,no,0.1175
32,entrepreneur,married,high.school,no,yes,no,cellular,may,tue,325,2,999,0,nonexistent,-1.8,92.893,-46.2,1.291,5099.1,no,0.1175
39,blue-collar,married,basic.9y,no,yes,no,cellular,apr,wed,91,3,999,0,nonexistent,-1.8,93.075,-47.1,1.445,5099.1,no,0.1175
31,blue-collar,married,basic.6y,no,yes,no,cellular,nov,mon,107,1,999,2,failure,-3.4,92.649,-30.1,0.719,5017.5,no,0.1175
36,technician,married,professional.course,no,no,no,telephone,jun,wed,183,9,999,0,nonexistent,1.4,94.465,-41.8,4.959,5228.1,no,0.1175
45,housemaid,married,basic.6y,unknown,no,no,telephone,may,thu,203,1,999,0,nonexistent,1.1,93.994,-36.4,4.86,5191.0,no,0.1175
41,blue-collar,married,professional.course,no,yes,no,telephone,jun,fri,591,6,999,0,nonexistent,1.4,94.465,-41.8,4.959,5228.1,no,0.1175
33,blue-collar,single,basic.4y,no,no,yes,cellular,may,tue,807,3,999,1,failure,-1.8,92.893,-46.2,1.291,5099.1,no,0.1175
32,services,married,university.degree,no,no,no,telephone,jul,mon,691,10,999,0,nonexistent,1.4,93.918,-42.7,4.96,5228.1,yes,0.1175
47,unknown,married,unknown,no,yes,no,cellular,jul,wed,133,1,999,0,nonexistent,1.4,93.918,-42.7,4.963,5228.1,no,0.1175
40,services,single,high.school,no,yes,yes,telephone,may,tue,117,1,999,0,nonexistent,1.1,93.994,-36.4,4.856,5191.0,no,0.1175
56,self-employed,married,basic.9y,no,yes,no,telephone,aug,wed,41,7,999,0,nonexistent,1.4,93.444,-36.1,4.964,5228.1,no,0.1175
38,technician,single,high.school,no,no,no,telephone,jun,wed,118,1,999,0,nonexistent,-1.7,94.055,-39.8,0.715,4991.6,no,0.1175
32,student,single,unknown,no,no,yes,cellular,may,mon,77,2,999,0,nonexistent,-1.8,92.893,-46.2,1.354,5099.1,no,0.1175
33,technician,married,high.school,unknown,no,yes,cellular,aug,wed,212,1,999,0,nonexistent,1.4,93.444,-36.1,4.967,5228.1,no,0.1175
57,blue-collar,divorced,basic.9y,no,yes,no,cellular,nov,mon,221,1,999,0,nonexistent,-0.1,93.2,-42.0,4.191,5195.8,no,0.11735188221300671
30,admin.,married,high.school,unknown,no,no,cellular,jul,thu,165,1,999,0,nonexistent,1.4,93.918,-42.7,4.963,5228.1,no,0.11733057850181206
59,retired,married,university.degree,no,no,no,telephone,may,thu,425,6,999,0,nonexistent,1.1,93.994,-36.4,4.855,5191.0,no,0.11635710887968916
38,admin.,single,university.degree,unknown,yes,no,telephone,may,tue,269,1,999,0,nonexistent,1.1,93.994,-36.4,4.857,5191.0,no,0.11628983865601869
28,services,married,high.school,no,no,no,cellular,jul,thu,184,1,999,0,nonexistent,1.4,93.918,-42.7,4.968,5228.1,no,0.11598342213766012
28,management,single,basic.9y,no,no,no,telephone,jun,wed,466,2,999,0,nonexistent,1.4,94.465,-41.8,4.962,5228.1,no,0.11579311193232764
34,services,married,high.school,no,yes,no,telephone,may,wed,276,2,999,0,nonexistent,-1.8,92.893,-46.2,1.334,5099.1,no,0.1151750782566568
58,housemaid,married,basic.4y,no,yes,no,cellular,may,mon,144,1,999,0,nonexistent,-1.8,92.893,-46.2,1.264,5099.1,no,0.115
57,technician,married,basic.9y,unknown,yes,yes,cellular,jul,thu,155,6,999,0,nonexistent,1.4,93.918,-42.7,4.958,5228.1,no,0.115
50,technician,married,university.degree,no,no,no,telephone,jul,fri,78,5,999,0,nonexistent,1.4,93.918,-42.7,4.962,5228.1,no,0.115
29,blue-collar,single,basic.6y,no,yes,no,cellular,jul,thu,92,1,999,0,nonexistent,1.4,93.918,-42.7,4.962,5228.1,no,0.115
40,admin.,married,university.degree,no,yes,yes,telephone,may,wed,786,2,999,0,nonexistent,1.1,93.994,-36.4,4.858,5191.0,no,0.115
25,blue-collar,single,basic.4y,no,no,no,telephone,may,wed,149,3,999,0,nonexistent,1.1,93.994,-36.4,4.858,5191.0,no,0.115
50,blue-collar,married,basic.9y,no,yes,yes,telephone,may,mon,353,1,999,0,nonexistent,1.1,93.994,-36.4,4.857,5191.0,no,0.115
39,blue-collar,married,high.school,no,yes,yes,cellular,may,wed,312,1,999,1,failure,-1.8,92.893,-46.2,1.281,5099.1,no,0.115
32,technician,single,university.degree,no,no,no,cellular,nov,thu,485,1,999,1,failure,-0.1,93.2,-42.0,4.076,5195.8,no,0.115
44,management,married,basic.9y,no,no,no,cellular,may,tue,296,1,999,0,nonexistent,-1.8,92.893,-46.2,1.291,5099.1,no,0.115
28,services,married,basic.9y,unknown,unknown,unknown,telephone,may,thu,71,1,999,0,nonexistent,1.1,93.994,-36.4,4.86,5191.0,no,0.115
65,retired,married,unknown,no,no,no,cellular,may,tue,318,1,999,0,nonexistent,-1.8,92.893,-46.2,1.266,5099.1,no,0.115
48,services,married,high.school,unknown,yes,yes,cellular,aug,wed,190,1,999,0,nonexistent,1.4,93.444,-36.1,4.967,5228.1,no,0.115
54,management,married,university.degree,no,no,no,telephone,jun,mon,87,13,999,0,nonexistent,1.4,94.465,-41.8,4.961,5228.1,no,0.115
51,admin.,married,university.degree,no,no,no,cellular,aug,tue,69,2,999,0,nonexistent,1.4,93.444,-36.1,4.965,5228.1,no,0.11479890137643642
30,services,single,high.school,no,no,no,cellular,may,thu,132,2,999,0,nonexistent,-1.8,92.893,-46.2,1.327,5099.1,no,0.11471305007587253
31,services,married,high.school,no,yes,no,cellular,may,thu,348,1,999,0,nonexistent,-1.8,92.893,-46.2,1.266,5099.1,no,0.11471206373292868
39,technician,married,professional.course,no,yes,no,cellular,aug,mon,209,3,999,0,nonexistent,1.4,93.444,-36.1,4.965,5228.1,no,0.11458947730793505
46,admin.,married,basic.9y,no,no,no,cellular,aug,tue,317,4,999,0,nonexistent,1.4,93.444,-36.1,4.965,5228.1,no,0.11417558010527687
32,services,married,high.school,no,no,no,cellular,jul,thu,174,1,999,0,nonexistent,1.4,93.918,-42.7,4.963,5228.1,no,0.11395385036240235
34,admin.,married,university.degree,no,no,no,cellular,apr,thu,279,1,999,0,nonexistent,-1.8,93.075,-47.1,1.365,5099.1,no,0.11392327675928167
27,self-employed,single,university.degree,no,yes,no,cellular,may,thu,73,1,999,0,nonexistent,-1.8,92.893,-46.2,1.266,5099.1,no,0.11386388467374811
56,services,divorced,university.degree,no,no,no,cellular,jul,tue,221,3,999,0,nonexistent,1.4,93.918,-42.7,4.961,5228.1,no,0.11369982433063872
34,technician,married,high.school,no,yes,no,cellular,aug,thu,143,1,999,0,nonexistent,1.4,93.444,-36.1,4.964,5228.1,no,0.11367898214143249
39,services,married,high.school,unknown,yes,no,cellular,jul,fri,67,2,999,0,nonexistent,1.4,93.918,-42.7,4.963,5228.1,no,0.11365729022327122
49,services,married,high.school,no,yes,no,cellular,aug,tue,158,2,999,0,nonexistent,1.4,93.444,-36.1,4.968,5228.1,no,0.11352495531378974
23,management,single,university.degree,no,yes,no,cellular,jul,tue,314,2,999,0,nonexistent,1.4,93.918,-42.7,4.961,5228.1,no,0.1130463609018412
47,self-employed,married,university.degree,no,yes,no,cellular,aug,mon,143,2,999,0,nonexistent,-2.9,92.201,-31.4,0.843,5076.2,no,0.1125
31,management,single,university.degree,no,yes,no,cellular,may,thu,165,2,999,0,nonexistent,-1.8,92.893,-46.2,1.266,5099.1,no,0.1125
58,retired,married,basic.4y,no,no,no,cellular,aug,tue,509,1,999,0,nonexistent,1.4,93.444,-36.1,4.966,5228.1,no,0.1125
44,management,married,university.degree,no,yes,no,cellular,may,fri,217,1,999,1,failure,-1.8,92.893,-46.2,1.25,5099.1,no,0.1125
38,admin.,single,university.degree,no,yes,no,cellular,mar,mon,111,2,999,0,nonexistent,-1.8,92.843,-50.0,1.811,5099.1,yes,0.1125
56,housemaid,married,basic.4y,no,no,no,telephone,jun,wed,204,1,999,0,nonexistent,1.4,94.465,-41.8,4.864,5228.1,no,0.1125
31,blue-collar,married,unknown,unknown,no,no,cellular,jul,tue,1608,13,999,0,nonexistent,1.4,93.918,-42.7,4.961,5228.1,yes,0.1125
29,unemployed,married,high.school,unknown,no,no,telephone,jun,wed,237,1,999,0,nonexistent,1.4,94.465,-41.8,4.864,5228.1,no,0.1125
47,technician,married,basic.9y,no,no,no,telephone,may,mon,83,3,999,0,nonexistent,1.1,93.994,-36.4,4.857,5191.0,no,0.1125
42,admin.,single,university.degree,unknown,yes,no,telephone,may,thu,814,2,999,0,nonexistent,1.1,93.994,-36.4,4.86,5191.0,yes,0.1125
44,self-employed,married,professional.course,no,yes,no,telephone,aug,wed,116,5,999,0,nonexistent,1.4,93.444,-36.1,4.967,5228.1,no,0.1125
51,self-employed,married,high.school,no,yes,no,cellular,may,thu,43,2,999,1,failure,-1.8,92.893,-46.2,1.327,5099.1,no,0.1125
43,technician,married,professional.course,unknown,yes,no,cellular,aug,mon,648,7,999,0,nonexistent,1.4,93.444,-36.1,4.965,5228.1,no,0.1125
44,unemployed,married,high.school,no,yes,no,cellular,aug,thu,146,1,999,0,nonexistent,-2.9,92.201,-31.4,0.873,5076.2,no,0.1125
50,unemployed,married,high.school,no,no,no,cellular,nov,thu,808,3,999,0,nonexistent,-0.1,93.2,-42.0,4.076,5195.8,no,0.1125
50,blue-collar,married,university.degree,unknown,no,no,cellular,nov,fri,108,1,999,0,nonexistent,-0.1,93.2,-42.0,4.021,5195.8,no,0.1125
39,admin.,married,high.school,no,no,no,cellular,nov,mon,148,1,999,1,failure,-1.1,94.767,-50.8,1.05,4963.6,no,0.1125
29,admin.,single,high.school,no,no,no,telephone,jul,thu,28,1,999,0,nonexistent,-1.7,94.215,-40.3,0.782,4991.6,no,0.1125
32,admin.,single,university.degree,no,no,no,cellular,jul,thu,79,1,999,0,nonexistent,1.4,93.918,-42.7,4.958,5228.1,no,0.1125
45,management,married,university.degree,no,yes,yes,cellular,nov,fri,22,1,999,0,nonexistent,-0.1,93.2,-42.0,4.021,5195.8,no,0.1125
32,technician,divorced,university.degree,no,yes,yes,cellular,aug,fri,515,3,999,0,nonexistent,1.4,93.444,-36.1,4.966,5228.1,no,0.1125
22,student,single,high.school,no,no,no,cellular,apr,tue,194,2,999,0,nonexistent,-1.8,93.075,-47.1,1.453,5099.1,no,0.1125
45,entrepreneur,married,basic.9y,no,no,no,telephone,may,mon,249,4,999,0,nonexistent,1.1,93.994,-36.4,4.857,5191.0,no,0.11239926539714468
37,technician,married,professional.course,no,yes,yes,cellular,aug,tue,95,1,999,0,nonexistent,1.4,93.444,-36.1,4.966,5228.1,no,0.1123974164636954
40,admin.,married,university.degree,no,yes,no,telephone,may,thu,404,7,999,0,nonexistent,1.1,93.994,-36.4,4.86,5191.0,no,0.11222883156297421
53,technician,married,high.school,no,yes,no,cellular,aug,tue,231,1,999,0,nonexistent,1.4,93.444,-36.1,4.968,5228.1,no,0.11221251896813353
53,technician,married,high.school,no,yes,no,cellular,aug,tue,105,1,999,0,nonexistent,1.4,93.444,-36.1,4.968,5228.1,no,0.11221251896813353
41,admin.,single,university.degree,unknown,no,no,cellular,aug,tue,121,1,999,0,nonexistent,1.4,93.444,-36.1,4.966,5228.1,no,0.11161712955456497
28,services,married,high.school,no,yes,yes,cellular,may,thu,189,1,999,1,failure,-1.8,92.893,-46.2,1.266,5099.1,no,0.1115295707611332
30,admin.,single,university.degree,no,no,no,cellular,aug,mon,167,2,999,0,nonexistent,1.4,93.444,-36.1,4.965,5228.1,no,0.1114187232515434
36,admin.,divorced,high.school,no,no,no,cellular,jul,wed,1960,3,999,0,nonexistent,1.4,93.918,-42.7,4.963,5228.1,yes,0.11129564527069633
35,admin.,married,high.school,no,no,no,cellular,jul,thu,490,7,999,0,nonexistent,1.4,93.918,-42.7,4.958,5228.1,no,0.11126940750234553
36,management,married,university.degree,no,yes,no,cellular,aug,mon,99,1,999,0,nonexistent,1.4,93.444,-36.1,4.965,5228.1,no,0.1110211788523602
31,blue-collar,married,basic.6y,unknown,no,no,cellular,may,fri,41,1,999,1,failure,-1.8,92.893,-46.2,1.313,5099.1,no,0.110198729579989
31,admin.,married,high.school,no,unknown,unknown,cellular,may,tue,213,6,999,0,nonexistent,-1.8,92.893,-46.2,1.291,5099.1,no,0.11
44,self-employed,married,basic.9y,no,no,yes,cellular,aug,mon,140,5,999,0,nonexistent,1.4,93.444,-36.1,4.965,5228.1,no,0.11
37,unemployed,married,university.degree,no,yes,no,telephone,may,fri,354,2,999,0,nonexistent,-1.8,92.893,-46.2,1.25,5099.1,no,0.11
39,admin.,married,university.degree,no,yes,no,telephone,may,fri,86,1,999,0,nonexistent,1.1,93.994,-36.4,4.864,5191.0,no,0.11
41,self-employed,divorced,university.degree,no,no,yes,cellular,jul,thu,52,6,999,0,nonexistent,1.4,93.918,-42.7,4.968,5228.1,no,0.11
45,entrepreneur,divorced,university.degree,no,no,no,telephone,may,fri,462,4,999,0,nonexistent,-1.8,92.893,-46.2,1.25,5099.1,yes,0.11
30,blue-collar,married,basic.6y,no,no,yes,cellular,jul,wed,1152,2,999,0,nonexistent,1.4,93.918,-42.7,4.963,5228.1,yes,0.11
50,admin.,married,high.school,no,yes,yes,cellular,may,mon,146,2,999,0,nonexistent,-1.8,92.893,-46.2,1.244,5099.1,no,0.11
43,services,single,high.school,no,no,no,cellular,may,thu,337,5,999,0,nonexistent,-1.8,92.893,-46.2,1.327,5099.1,no,0.11
27,self-employed,single,university.degree,no,no,no,cellular,aug,mon,241,2,999,0,nonexistent,-2.9,92.201,-31.4,0.861,5076.2,no,0.11
24,student,single,basic.4y,no,yes,no,cellular,may,tue,137,1,999,0,nonexistent,-1.8,92.893,-46.2,1.291,5099.1,no,0.11
42,management,married,university.degree,no,yes,no,cellular,nov,mon,104,3,999,1,failure,-3.4,92.649,-30.1,0.714,5017.5,no,0.11
47,blue-collar,married,basic.9y,no,yes,no,telephone,may,thu,194,3,999,0,nonexistent,1.1,93.994,-36.4,4.855,5191.0,no,0.11
35,blue-collar,single,unknown,no,yes,no,telephone,may,tue,152,1,999,0,nonexistent,1.1,93.994,-36.4,4.856,5191.0,no,0.11
29,admin.,single,university.degree,no,yes,yes,cellular,may,wed,74,2,999,0,nonexistent,-1.8,92.893,-46.2,1.334,5099.1,no,0.11
33,technician,single,university.degree,no,no,no,cellular,nov,tue,113,1,999,0,nonexistent,-0.1,93.2,-42.0,4.153,5195.8,no,0.11
59,retired,married,university.degree,unknown,yes,no,telephone,jun,mon,484,1,999,0,nonexistent,1.4,94.465,-41.8,4.865,5228.1,no,0.11
34,technician,single,professional.course,no,no,yes,cellular,jul,tue,955,5,999,0,nonexistent,1.4,93.918,-42.7,4.961,5228.1,yes,0.11
44,admin.,single,high.school,no,yes,no,cellular,may,wed,728,1,999,0,nonexistent,-1.8,92.893,-46.2,1.334,5099.1,no,0.11
58,retired,married,basic.9y,no,no,yes,cellular,may,fri,235,2,999,0,nonexistent,-1.8,92.893,-46.2,1.259,5099.1,no,0.11
57,blue-collar,married,basic.4y,unknown,yes,yes,telephone,may,fri,163,2,999,0,nonexistent,1.1,93.994,-36.4,4.857,5191.0,no,0.11
40,blue-collar,married,basic.6y,no,no,no,cellular,apr,mon,97,2,999,0,nonexistent,-1.8,93.075,-47.1,1.405,5099.1,no,0.11
44,admin.,single,university.degree,no,yes,no,telephone,may,fri,141,2,999,0,nonexistent,1.1,93.994,-36.4,4.859,5191.0,no,0.11
33,admin.,single,university.degree,no,yes,no,cellular,may,tue,125,1,999,2,failure,-1.8,92.893,-46.2,1.266,5099.1,no,0.11
30,admin.,single,high.school,no,yes,yes,cellular,nov,wed,236,3,999,0,nonexistent,-0.1,93.2,-42.0,4.12,5195.8,no,0.11
50,admin.,married,university.degree,no,yes,no,cellular,apr,fri,160,1,999,0,nonexistent,-1.8,93.075,-47.1,1.4,5099.1,yes,0.10992289270936553
33,management,single,university.degree,no,unknown,unknown,cellular,jun,tue,73,1,999,0,nonexistent,-2.9,92.963,-40.8,1.262,5076.2,no,0.10972253414264037
46,services,married,high.school,no,yes,no,cellular,apr,wed,417,2,999,2,failure,-1.8,93.075,-47.1,1.445,5099.1,no,0.10949081393447091
24,services,married,professional.course,no,yes,no,telephone,may,mon,153,3,999,0,nonexistent,1.1,93.994,-36.4,4.857,5191.0,no,0.10943937784522002
23,services,single,high.school,no,no,no,telephone,jun,thu,197,10,999,0,nonexistent,1.4,94.465,-41.8,4.961,5228.1,no,0.10929371120307418
39,admin.,married,high.school,no,no,no,cellular,jul,wed,184,6,999,0,nonexistent,1.4,93.918,-42.7,4.963,5228.1,no,0.1091540971168437
45,self-employed,divorced,university.degree,no,no,yes,cellular,may,fri,133,1,999,0,nonexistent,-1.8,92.893,-46.2,1.25,5099.1,no,0.10900076518923654
38,admin.,divorced,high.school,no,no,yes,cellular,jul,mon,125,2,999,0,nonexistent,1.4,93.918,-42.7,4.96,5228.1,no,0.10860935117164752
37,blue-collar,married,high.school,unknown,yes,no,cellular,jul,tue,423,1,999,0,nonexistent,1.4,93.918,-42.7,4.961,5228.1,no,0.10828198078834603
46,management,married,university.degree,no,yes,no,cellular,jul,mon,92,2,999,0,nonexistent,1.4,93.918,-42.7,4.96,5228.1,no,0.10768425659775413
55,admin.,divorced,university.degree,no,yes,no,telephone,may,wed,115,2,999,0,nonexistent,1.1,93.994,-36.4,4.858,5191.0,no,0.1075
44,admin.,single,university.degree,no,yes,no,cellular,nov,thu,22,4,999,0,nonexistent,-0.1,93.2,-42.0,4.076,5195.8,no,0.1075
46,admin.,married,university.degree,unknown,no,no,telephone,aug,wed,39,5,999,0,nonexistent,1.4,93.444,-36.1,4.964,5228.1,no,0.1075
30,services,divorced,high.school,no,yes,no,telephone,jun,fri,56,2,999,0,nonexistent,1.4,94.465,-41.8,4.967,5228.1,no,0.1075
37,blue-collar,single,basic.6y,no,no,no,cellular,jul,tue,338,3,999,0,nonexistent,1.4,93.918,-42.7,4.962,5228.1,no,0.1075
55,blue-collar,married,basic.4y,unknown,no,yes,cellular,nov,mon,68,2,999,0,nonexistent,-0.1,93.2,-42.0,4.191,5195.8,no,0.1075
60,unknown,single,unknown,unknown,yes,no,telephone,may,tue,211,1,999,0,nonexistent,1.1,93.994,-36.4,4.857,5191.0,no,0.1075
50,blue-collar,married,basic.9y,unknown,yes,no,telephone,jul,fri,282,9,999,0,nonexistent,1.4,93.918,-42.7,4.962,5228.1,no,0.1075
31,housemaid,single,university.degree,no,no,no,telephone,nov,mon,152,5,999,0,nonexistent,-1.1,94.767,-50.8,1.039,4963.6,no,0.1075
35,entrepreneur,married,basic.6y,no,yes,no,telephone,jun,tue,147,2,999,0,nonexistent,1.4,94.465,-41.8,4.961,5228.1,no,0.1075
38,technician,single,professional.course,unknown,yes,no,telephone,jun,mon,127,1,999,0,nonexistent,1.4,94.465,-41.8,4.865,5228.1,no,0.1075
33,unemployed,divorced,professional.course,no,unknown,unknown,telephone,may,mon,446,3,999,0,nonexistent,1.1,93.994,-36.4,4.858,5191.0,no,0.1075
32,retired,married,basic.4y,no,yes,no,cellular,apr,fri,531,1,999,0,nonexistent,-1.8,93.075,-47.1,1.405,5099.1,no,0.1075
32,technician,married,high.school,no,yes,no,cellular,may,tue,67,1,999,0,nonexistent,-1.8,92.893,-46.2,1.344,5099.1,no,0.1075
33,management,married,university.degree,no,no,yes,cellular,nov,wed,113,1,999,1,failure,-0.1,93.2,-42.0,4.12,5195.8,no,0.1075
52,entrepreneur,married,basic.9y,no,yes,yes,telephone,apr,mon,67,5,999,0,nonexistent,-1.8,93.075,-47.1,1.405,5099.1,no,0.1075
54,retired,married,basic.4y,unknown,yes,yes,cellular,jul,mon,320,1,999,0,nonexistent,1.4,93.918,-42.7,4.96,5228.1,no,0.1075
41,entrepreneur,married,high.school,no,yes,no,cellular,jun,tue,169,1,999,0,nonexistent,-2.9,92.963,-40.8,1.262,5076.2,yes,0.10734209889489392
34,technician,married,basic.9y,no,no,no,cellular,may,mon,103,1,999,0,nonexistent,-1.8,92.893,-46.2,1.299,5099.1,no,0.1072288315629742
59,retired,married,high.school,no,yes,no,cellular,jul,fri,1448,17,999,0,nonexistent,1.4,93.918,-42.7,4.962,5228.1,yes,0.10722473444613051
55,admin.,married,high.school,no,no,no,cellular,jul,mon,168,1,999,0,nonexistent,1.4,93.918,-42.7,4.96,5228.1,no,0.10717346301554535
58,management,married,university.degree,unknown,no,no,cellular,jul,mon,607,2,999,0,nonexistent,1.4,93.918,-42.7,4.962,5228.1,no,0.10700616777440441
34,admin.,single,university.degree,unknown,no,no,telephone,aug,wed,127,2,999,0,nonexistent,1.4,93.444,-36.1,4.965,5228.1,no,0.10699927629243249
33,technician,married,professional.course,no,yes,no,cellular,may,mon,110,1,999,0,nonexistent,-1.8,92.893,-46.2,1.244,5099.1,no,0.10688055398595661
29,admin.,single,university.degree,no,yes,no,cellular,may,wed,133,1,999,0,nonexistent,-1.8,92.893,-46.2,1.334,5099.1,no,0.10671502163365953
36,services,single,high.school,no,no,yes,telephone,apr,fri,514,2,999,0,nonexistent,-1.8,93.075,-47.1,1.479,5099.1,no,0.1066620847912028
36,blue-collar,married,basic.4y,unknown,yes,no,cellular,jul,tue,221,1,999,0,nonexistent,1.4,93.918,-42.7,4.962,5228.1,no,0.10651869260702856
36,technician,single,professional.course,no,unknown,unknown,cellular,aug,tue,217,3,999,0,nonexistent,1.4,93.444,-36.1,4.966,5228.1,no,0.10607560204801052
29,admin.,single,high.school,no,yes,yes,cellular,aug,thu,150,1,999,0,nonexistent,1.4,93.444,-36.1,4.968,5228.1,no,0.10506427994600304
43,technician,single,high.school,no,no,no,cellular,nov,fri,61,2,999,0,nonexistent,-0.1,93.2,-42.0,4.021,5195.8,no,0.105
32,entrepreneur,single,university.degree,no,no,no,cellular,jul,fri,89,2,999,0,nonexistent,1.4,93.918,-42.7,4.957,5228.1,no,0.105
29,admin.,married,university.degree,no,yes,no,cellular,may,wed,126,2,999,1,failure,-1.8,92.893,-46.2,1.281,5099.1,no,0.105
38,admin.,married,high.school,no,no,no,telephone,may,tue,213,3,999,0,nonexistent,1.1,93.994,-36.4,4.856,5191.0,no,0.105
31,housemaid,divorced,high.school,no,yes,no,telephone,may,fri,428,1,999,0,nonexistent,1.1,93.994,-36.4,4.859,5191.0,no,0.105
55,admin.,married,basic.4y,no,yes,no,cellular,apr,fri,548,1,999,1,failure,-1.8,93.075,-47.1,1.405,5099.1,no,0.105
46,admin.,single,university.degree,no,no,no,cellular,may,mon,269,1,999,1,failure,-1.8,92.893,-46.2,1.264,5099.1,yes,0.105
60,retired,divorced,high.school,unknown,no,no,cellular,may,fri,781,4,999,2,failure,-1.8,92.893,-46.2,1.25,5099.1,no,0.105
58,housemaid,married,professional.course,no,yes,no,cellular,aug,tue,98,10,999,0,nonexistent,1.4,93.444,-36.1,4.965,5228.1,no,0.105
52,admin.,married,basic.9y,no,no,no,cellular,jul,wed,1171,2,999,0,nonexistent,1.4,93.918,-42.7,4.963,5228.1,yes,0.105
40,admin.,married,university.degree,no,yes,no,cellular,jun,tue,192,1,999,0,nonexistent,-2.9,92.963,-40.8,1.262,5076.2,yes,0.105
25,student,single,university.degree,no,yes,yes,cellular,may,tue,700,3,999,0,nonexistent,-1.8,92.893,-46.2,1.291,5099.1,no,0.105
51,admin.,divorced,high.school,no,no,yes,cellular,nov,thu,64,1,999,0,nonexistent,-0.1,93.2,-42.0,4.076,5195.8,no,0.105
28,student,single,university.degree,no,no,yes,cellular,may,thu,647,4,999,0,nonexistent,-1.8,92.893,-46.2,1.266,5099.1,yes,0.105
28,admin.,married,high.school,no,yes,no,cellular,may,wed,201,1,999,1,failure,-1.8,92.893,-46.2,1.281,5099.1,no,0.105
41,admin.,married,basic.6y,unknown,no,no,cellular,apr,tue,226,2,999,0,nonexistent,-1.8,93.075,-47.1,1.453,5099.1,no,0.105
38,admin.,married,university.degree,no,no,no,telephone,jun,mon,757,2,999,0,nonexistent,1.4,94.465,-41.8,4.96,5228.1,no,0.105
32,technician,single,professional.course,no,yes,no,cellular,apr,mon,54,1,999,0,nonexistent,-1.8,93.075,-47.1,1.405,5099.1,no,0.105
46,services,divorced,high.school,no,no,no,cellular,may,mon,222,3,999,0,nonexistent,-1.8,92.893,-46.2,1.299,5099.1,no,0.105
39,blue-collar,married,basic.9y,no,yes,no,cellular,apr,thu,253,1,999,0,nonexistent,-1.8,93.075,-47.1,1.483,5099.1,no,0.105
45,admin.,married,high.school,no,no,yes,cellular,apr,thu,109,2,999,1,failure,-1.8,93.075,-47.1,1.435,5099.1,no,0.105
59,self-employed,single,university.degree,no,yes,no,telephone,may,fri,249,3,999,0,nonexistent,-1.8,92.893,-46.2,1.259,5099.1,no,0.105
40,self-employed,single,university.degree,no,yes,no,cellular,jul,wed,1065,3,999,0,nonexistent,1.4,93.918,-42.7,4.963,5228.1,yes,0.105
33,admin.,single,high.school,unknown,unknown,unknown,cellular,aug,thu,381,3,999,0,nonexistent,1.4,93.444,-36.1,4.963,5228.1,no,0.10489852670954193
45,services,married,professional.course,no,unknown,unknown,cellular,aug,fri,133,3,999,0,nonexistent,1.4,93.444,-36.1,4.963,5228.1,no,0.10484855800180248
31,admin.,single,university.degree,no,yes,yes,cellular,nov,fri,75,1,999,0,nonexistent,-0.1,93.2,-42.0,4.021,5195.8,no,0.1047153262518968
40,retired,divorced,basic.4y,no,no,no,cellular,jul,thu,123,1,999,0,nonexistent,1.4,93.918,-42.7,4.963,5228.1,no,0.10449559309083963
47,admin.,married,high.school,no,yes,yes,cellular,aug,thu,3322,1,999,0,nonexistent,1.4,93.444,-36.1,4.964,5228.1,no,0.10441560762165983
46,blue-collar,married,basic.9y,unknown,no,no,cellular,aug,thu,124,1,999,0,nonexistent,1.4,93.444,-36.1,4.968,5228.1,no,0.10434054176733668
34,services,divorced,high.school,no,no,no,cellular,may,fri,66,1,999,0,nonexistent,-1.8,92.893,-46.2,1.25,5099.1,no,0.104320486059341
48,blue-collar,married,basic.9y,no,yes,no,cellular,aug,tue,335,3,999,0,nonexistent,1.4,93.444,-36.1,4.968,5228.1,no,0.10429490872287456
32,unemployed,single,high.school,no,yes,no,cellular,nov,thu,73,4,999,0,nonexistent,-0.1,93.2,-42.0,4.076,5195.8,no,0.1034124494195099
31,services,single,high.school,no,no,no,telephone,may,tue,209,2,999,0,nonexistent,1.1,93.994,-36.4,4.856,5191.0,no,0.1025
32,technician,married,university.degree,no,yes,no,cellular,nov,mon,77,1,999,0,nonexistent,-3.4,92.649,-30.1,0.714,5017.5,no,0.1025
25,services,married,high.school,unknown,yes,yes,telephone,may,mon,104,2,999,0,nonexistent,1.1,93.994,-36.4,4.858,5191.0,no,0.1025
48,technician,divorced,professional.course,no,no,yes,telephone,may,mon,65,3,999,0,nonexistent,1.1,93.994,-36.4,4.858,5191.0,no,0.1025
44,entrepreneur,married,high.school,no,yes,no,telephone,may,thu,181,2,999,0,nonexistent,1.1,93.994,-36.4,4.855,5191.0,no,0.1025
25,services,married,high.school,no,yes,no,telephone,jun,mon,174,9,999,0,nonexistent,1.4,94.465,-41.8,4.961,5228.1,no,0.1025
27,admin.,married,university.degree,no,no,yes,cellular,jul,tue,99,6,999,1,failure,-2.9,92.469,-33.6,0.908,5076.2,yes,0.1025
37,management,married,university.degree,no,yes,no,cellular,apr,mon,198,1,999,0,nonexistent,-1.8,93.075,-47.1,1.405,5099.1,no,0.1025
53,admin.,single,basic.6y,unknown,no,yes,cellular,apr,fri,351,1,999,0,nonexistent,-1.8,93.075,-47.1,1.405,5099.1,no,0.1025
36,technician,single,professional.course,no,yes,no,cellular,may,wed,225,2,999,1,failure,-1.8,92.893,-46.2,1.281,5099.1,no,0.1025
30,blue-collar,single,basic.9y,no,yes,no,cellular,may,fri,169,2,999,1,failure,-1.8,92.893,-46.2,1.25,5099.1,no,0.1025
49,admin.,divorced,basic.9y,no,yes,no,telephone,may,thu,312,3,999,0,nonexistent,1.1,93.994,-36.4,4.855,5191.0,no,0.1025
34,admin.,married,university.degree,no,yes,no,cellular,may,mon,186,1,999,1,failure,-1.8,92.893,-46.2,1.264,5099.1,no,0.1025
55,retired,married,basic.9y,no,no,no,cellular,aug,mon,248,3,999,0,nonexistent,1.4,93.444,-36.1,4.965,5228.1,no,0.1025
57,technician,married,high.school,no,no,no,cellular,aug,thu,1230,1,999,0,nonexistent,1.4,93.444,-36.1,4.968,5228.1,no,0.1025
54,technician,married,professional.course,no,no,no,telephone,may,wed,796,1,999,0,nonexistent,1.1,93.994,-36.4,4.857,5191.0,yes,0.1025
34,admin.,married,university.degree,no,no,no,telephone,may,wed,149,4,999,0,nonexistent,-1.8,92.893,-46.2,1.334,5099.1,no,0.1025
35,entrepreneur,married,basic.9y,no,yes,no,telephone,aug,wed,17,1,999,0,nonexistent,-1.7,94.027,-38.3,0.89,4991.6,no,0.1025
53,services,married,high.school,no,no,no,telephone,jul,mon,336,3,999,0,nonexistent,1.4,93.918,-42.7,4.96,5228.1,no,0.1025
41,admin.,single,university.degree,no,no,yes,cellular,may,wed,593,2,999,1,failure,-1.8,92.893,-46.2,1.334,5099.1,no,0.1025
34,blue-collar,married,basic.9y,unknown,yes,no,telephone,may,fri,123,1,999,0,nonexistent,1.1,93.994,-36.4,4.864,5191.0,no,0.1025
46,services,married,high.school,no,no,no,telephone,may,tue,60,3,999,0,nonexistent,1.1,93.994,-36.4,4.857,5191.0,no,0.1025
52,admin.,divorced,basic.9y,no,yes,no,telephone,may,mon,51,1,999,0,nonexistent,-1.8,92.893,-46.2,1.244,5099.1,no,0.1025
44,services,married,high.school,no,no,no,telephone,may,fri,324,3,999,0,nonexistent,1.1,93.994,-36.4,4.864,5191.0,no,0.1025
27,blue-collar,single,high.school,no,yes,no,telephone,jun,tue,56,5,999,0,nonexistent,1.4,94.465,-41.8,4.864,5228.1,no,0.1025
49,technician,married,high.school,no,no,no,cellular,aug,mon,298,6,999,0,nonexistent,1.4,93.444,-36.1,4.963,5228.1,no,0.1025
36,admin.,married,university.degree,no,yes,no,telephone,jun,wed,67,1,999,0,nonexistent,1.4,94.465,-41.8,4.958,5228.1,no,0.1025
54,technician,married,professional.course,no,yes,no,telephone,jun,wed,80,6,999,0,nonexistent,1.4,94.465,-41.8,4.864,5228.1,no,0.1025
39,entrepreneur,married,high.school,no,no,yes,telephone,may,fri,229,3,999,0,nonexistent,1.1,93.994,-36.4,4.864,5191.0,no,0.1025
26,unemployed,single,high.school,no,yes,no,telephone,jul,fri,23,1,999,0,nonexistent,-1.7,94.215,-40.3,0.822,4991.6,no,0.1025
57,technician,married,basic.9y,no,yes,no,telephone,jun,mon,215,3,999,0,nonexistent,1.4,94.465,-41.8,4.96,5228.1,no,0.1025
30,unknown,married,professional.course,no,yes,no,cellular,may,mon,359,1,999,0,nonexistent,-1.8,92.893,-46.2,1.354,5099.1,no,0.1025
51,admin.,divorced,basic.9y,no,yes,no,cellular,nov,fri,155,2,999,0,nonexistent,-0.1,93.2,-42.0,4.021,5195.8,no,0.10240855000008736
25,services,single,basic.9y,no,no,no,telephone,jun,thu,180,1,999,0,nonexistent,-1.7,94.055,-39.8,0.742,4991.6,no,0.1022236722306525
49,blue-collar,married,basic.9y,unknown,no,no,cellular,aug,mon,199,5,999,0,nonexistent,1.4,93.444,-36.1,4.963,5228.1,no,0.10221949924127464
37,technician,single,professional.course,unknown,yes,no,cellular,aug,mon,51,2,999,0,nonexistent,1.4,93.444,-36.1,4.965,5228.1,no,0.10179459451376531
39,technician,married,professional.course,no,yes,yes,cellular,may,mon,525,1,999,0,nonexistent,-1.8,92.893,-46.2,1.244,5099.1,yes,0.10171315081930969
38,entrepreneur,married,basic.9y,no,yes,no,cellular,jul,fri,188,2,999,0,nonexistent,1.4,93.918,-42.7,4.963,5228.1,no,0.10156304011632838
26,blue-collar,married,basic.9y,no,yes,no,cellular,jul,fri,207,1,999,0,nonexistent,1.4,93.918,-42.7,4.957,5228.1,no,0.10151250582140603
35,self-employed,married,basic.9y,no,yes,no,cellular,aug,fri,57,4,999,0,nonexistent,1.4,93.444,-36.1,4.964,5228.1,no,0.10094017855911794
46,blue-collar,married,basic.9y,unknown,yes,no,cellular,aug,thu,48,1,999,0,nonexistent,1.4,93.444,-36.1,4.968,5228.1,no,0.10061964931092623
32,admin.,married,high.school,no,yes,no,cellular,may,wed,128,1,999,1,failure,-1.8,92.893,-46.2,1.334,5099.1,no,0.10050263708249141
34,technician,married,high.school,no,yes,no,cellular,aug,mon,83,3,999,0,nonexistent,1.4,93.444,-36.1,4.965,5228.1,no,0.10041709747233808
37,entrepreneur,married,university.degree,no,yes,no,cellular,jul,wed,538,2,999,0,nonexistent,1.4,93.918,-42.7,4.963,5228.1,no,0.1
41,services,married,basic.9y,no,no,no,telephone,may,tue,157,2,999,0,nonexistent,1.1,93.994,-36.4,4.857,5191.0,no,0.1
39,entrepreneur,married,high.school,no,no,no,telephone,jun,wed,439,1,999,0,nonexistent,1.4,94.465,-41.8,4.959,5228.1,no,0.1
48,entrepreneur,married,basic.6y,no,no,no,cellular,may,wed,119,1,999,0,nonexistent,-1.8,92.893,-46.2,1.334,5099.1,no,0.1
44,technician,married,professional.course,unknown,unknown,unknown,cellular,aug,wed,275,3,999,0,nonexistent,1.4,93.444,-36.1,4.967,5228.1,no,0.1
52,services,married,basic.9y,unknown,yes,yes,cellular,aug,thu,110,5,999,0,nonexistent,1.4,93.444,-36.1,4.964,5228.1,no,0.1
35,blue-collar,married,basic.9y,unknown,yes,no,cellular,nov,thu,198,2,999,0,nonexistent,-0.1,93.2,-42.0,4.076,5195.8,no,0.1
36,entrepreneur,single,basic.4y,no,no,no,cellular,jun,tue,185,1,999,0,nonexistent,-2.9,92.963,-40.8,1.099,5076.2,yes,0.1
29,technician,single,university.degree,no,yes,no,cellular,nov,fri,153,1,999,1,failure,-0.1,93.2,-42.0,4.021,5195.8,no,0.1
42,services,single,high.school,no,no,no,cellular,may,thu,122,2,999,0,nonexistent,-1.8,92.893,-46.2,1.327,5099.1,no,0.1
45,admin.,married,high.school,unknown,no,yes,cellular,may,tue,908,1,999,0,nonexistent,-1.8,92.893,-46.2,1.291,5099.1,no,0.1
37,admin.,married,university.degree,no,no,no,telephone,jun,tue,198,6,999,0,nonexistent,1.4,94.465,-41.8,4.961,5228.1,no,0.1
48,housemaid,married,basic.4y,unknown,yes,yes,cellular,aug,tue,307,4,999,0,nonexistent,1.4,93.444,-36.1,4.968,5228.1,no,0.1
60,retired,married,basic.4y,unknown,yes,no,telephone,may,fri,557,2,999,0,nonexistent,1.1,93.994,-36.4,4.857,5191.0,no,0.1
25,admin.,single,professional.course,no,yes,no,cellular,apr,wed,114,1,999,0,nonexistent,-1.8,93.075,-47.1,1.445,5099.1,yes,0.1
41,admin.,divorced,high.school,no,no,no,cellular,jul,wed,364,1,999,0,nonexistent,1.4,93.918,-42.7,4.962,5228.1,no,0.1
36,admin.,married,professional.course,no,yes,yes,cellular,may,fri,89,1,999,0,nonexistent,-1.8,92.893,-46.2,1.259,5099.1,no,0.1
30,technician,single,basic.9y,no,no,yes,cellular,may,mon,189,1,999,0,nonexistent,-1.8,92.893,-46.2,1.299,5099.1,no,0.1
30,admin.,married,basic.6y,no,yes,yes,cellular,jul,thu,53,1,999,0,nonexistent,1.4,93.918,-42.7,4.958,5228.1,no,0.1
32,management,single,professional.course,no,no,no,cellular,may,tue,134,2,999,1,failure,-1.8,92.893,-46.2,1.291,5099.1,no,0.1
47,admin.,single,basic.9y,no,no,no,cellular,may,thu,253,2,999,1,failure,-1.8,92.893,-46.2,1.327,5099.1,no,0.1
31,blue-collar,married,basic.9y,no,yes,yes,cellular,nov,wed,117,1,999,0,nonexistent,-0.1,93.2,-42.0,4.12,5195.8,no,0.1
37,admin.,married,university.degree,no,no,no,telephone,sep,wed,150,1,999,0,nonexistent,-1.1,94.199,-37.5,0.886,4963.6,no,0.1
34,admin.,single,university.degree,no,yes,no,cellular,may,wed,265,1,999,0,nonexistent,-1.8,92.893,-46.2,1.334,5099.1,no,0.1
50,blue-collar,married,basic.9y,unknown,yes,no,telephone,jun,fri,343,2,999,0,nonexistent,1.4,94.465,-41.8,4.959,5228.1,no,0.1
29,services,single,professional.course,no,yes,no,telephone,jun,tue,161,2,999,0,nonexistent,-2.9,92.963,-40.8,1.252,5076.2,no,0.1
46,admin.,married,university.degree,no,no,no,telephone,jul,mon,41,1,999,0,nonexistent,1.4,93.918,-42.7,4.96,5228.1,no,0.1
36,entrepreneur,married,university.degree,no,yes,no,telephone,may,fri,139,1,999,0,nonexistent,-1.8,92.893,-46.2,1.313,5099.1,no,0.1
46,management,single,university.degree,no,yes,yes,cellular,nov,thu,292,2,999,0,nonexistent,-0.1,93.2,-42.0,4.076,5195.8,no,0.1
30,management,single,university.degree,no,yes,no,telephone,may,wed,83,1,999,0,nonexistent,1.1,93.994,-36.4,4.858,5191.0,no,0.1
55,technician,married,professional.course,no,yes,no,telephone,aug,fri,77,7,999,0,nonexistent,1.4,93.444,-36.1,4.963,5228.1,no,0.1
31,technician,single,high.school,no,no,no,cellular,aug,wed,1033,3,999,0,nonexistent,1.4,93.444,-36.1,4.964,5228.1,yes,0.09989772801891128
54,self-employed,divorced,professional.course,no,yes,no,cellular,may,thu,553,2,999,0,nonexistent,-1.8,92.893,-46.2,1.266,5099.1,no,0.09970880121396056
32,technician,single,professional.course,no,yes,no,cellular,aug,tue,128,1,999,0,nonexistent,1.4,93.444,-36.1,4.965,5228.1,no,0.09959013342647538
28,blue-collar,single,basic.6y,unknown,yes,no,cellular,may,tue,387,3,999,0,nonexistent,-1.8,92.893,-46.2,1.291,5099.1,no,0.09956663350202682
36,blue-collar,married,basic.4y,unknown,no,no,cellular,may,fri,612,1,999,0,nonexistent,-1.8,92.893,-46.2,1.313,5099.1,no,0.09939252213903998
30,entrepreneur,single,university.degree,no,yes,no,cellular,nov,wed,489,3,999,0,nonexistent,-0.1,93.2,-42.0,4.12,5195.8,yes,0.09892146953056663
30,admin.,single,university.degree,no,yes,no,cellular,nov,mon,711,1,999,0,nonexistent,-0.1,93.2,-42.0,4.191,5195.8,no,0.09884492370247994
29,admin.,single,university.degree,no,no,no,cellular,nov,wed,308,4,999,0,nonexistent,-0.1,93.2,-42.0,4.12,5195.8,no,0.09834359738342456
35,entrepreneur,single,professional.course,no,no,no,telephone,jun,wed,236,1,999,0,nonexistent,1.4,94.465,-41.8,4.962,5228.1,no,0.09808588658054879
35,blue-collar,married,basic.9y,unknown,no,no,cellular,may,tue,136,1,999,0,nonexistent,-1.8,92.893,-46.2,1.291,5099.1,no,0.09792136821230767
46,blue-collar,divorced,basic.9y,no,yes,no,telephone,apr,tue,266,3,999,0,nonexistent,-1.8,93.075,-47.1,1.423,5099.1,no,0.0975
51,technician,married,professional.course,no,unknown,unknown,cellular,aug,wed,89,16,999,0,nonexistent,1.4,93.444,-36.1,4.964,5228.1,no,0.0975
51,admin.,divorced,professional.course,no,no,yes,cellular,apr,mon,583,3,999,0,nonexistent,-1.8,93.075,-47.1,1.466,5099.1,no,0.0975
44,technician,married,university.degree,no,no,no,telephone,jun,mon,252,4,999,0,nonexistent,1.4,94.465,-41.8,4.947,5228.1,no,0.0975
52,admin.,married,basic.9y,no,no,no,cellular,may,wed,423,1,999,1,failure,-1.8,92.893,-46.2,1.281,5099.1,no,0.0975
50,housemaid,married,basic.9y,unknown,no,no,telephone,may,wed,673,2,999,0,nonexistent,1.1,93.994,-36.4,4.859,5191.0,no,0.0975
39,entrepreneur,married,university.degree,no,yes,no,telephone,jun,wed,63,1,999,0,nonexistent,1.4,94.465,-41.8,4.959,5228.1,no,0.0975
51,admin.,divorced,university.degree,no,no,no,cellular,nov,thu,279,3,999,0,nonexistent,-0.1,93.2,-42.0,4.076,5195.8,no,0.0975
56,management,married,high.school,no,yes,no,cellular,jul,fri,131,2,999,0,nonexistent,1.4,93.918,-42.7,4.963,5228.1,no,0.0975
56,management,divorced,university.degree,no,no,no,cellular,nov,wed,90,2,999,0,nonexistent,-0.1,93.2,-42.0,4.12,5195.8,no,0.0975
42,admin.,single,university.degree,no,yes,no,telephone,jun,fri,520,3,999,0,nonexistent,1.4,94.465,-41.8,4.967,5228.1,no,0.0975
44,services,married,high.school,no,no,no,telephone,may,thu,126,2,999,0,nonexistent,1.1,93.994,-36.4,4.86,5191.0,no,0.0975
34,blue-collar,single,basic.4y,unknown,yes,no,cellular,may,thu,93,2,999,1,failure,-1.8,92.893,-46.2,1.266,5099.1,no,0.0975
57,blue-collar,married,basic.6y,unknown,yes,no,cellular,jul,wed,108,4,999,0,nonexistent,1.4,93.918,-42.7,4.963,5228.1,no,0.0975
34,technician,single,professional.course,no,yes,yes,cellular,aug,thu,414,2,999,0,nonexistent,1.4,93.444,-36.1,4.968,5228.1,no,0.0975
53,blue-collar,married,basic.9y,unknown,no,no,cellular,nov,thu,64,2,999,0,nonexistent,-0.1,93.2,-42.0,4.076,5195.8,no,0.0975
60,admin.,divorced,high.school,no,no,no,cellular,jul,fri,30,2,999,0,nonexistent,1.4,93.918,-42.7,4.957,5228.1,no,0.0975
54,services,divorced,university.degree,no,yes,no,cellular,may,tue,335,1,999,1,failure,-1.8,92.893,-46.2,1.344,5099.1,no,0.0975
38,admin.,married,professional.course,no,no,no,cellular,jul,mon,182,3,999,0,nonexistent,1.4,93.918,-42.7,4.96,5228.1,no,0.0975
42,unemployed,married,high.school,no,no,no,cellular,jul,wed,140,3,999,0,nonexistent,1.4,93.918,-42.7,4.962,5228.1,no,0.0975
27,admin.,married,high.school,no,no,yes,cellular,may,wed,251,1,999,0,nonexistent,-1.8,92.893,-46.2,1.334,5099.1,no,0.0975
40,admin.,married,high.school,no,no,yes,telephone,jul,wed,31,1,999,0,nonexistent,1.4,93.918,-42.7,4.962,5228.1,no,0.0975
35,services,single,basic.4y,no,no,no,telephone,may,tue,329,1,999,0,nonexistent,1.1,93.994,-36.4,4.857,5191.0,no,0.0975
26,management,single,university.degree,no,no,no,telephone,jun,fri,633,1,999,0,nonexistent,1.4,94.465,-41.8,4.959,5228.1,no,0.0975
31,technician,single,professional.course,no,no,no,cellular,apr,mon,217,1,999,0,nonexistent,-1.8,93.075,-47.1,1.405,5099.1,no,0.0975
57,admin.,married,university.degree,no,no,no,cellular,aug,tue,612,3,999,0,nonexistent,1.4,93.444,-36.1,4.966,5228.1,no,0.0975
33,services,divorced,unknown,no,no,no,cellular,jul,mon,66,1,999,0,nonexistent,1.4,93.918,-42.7,4.96,5228.1,no,0.0975
35,admin.,married,professional.course,no,yes,yes,cellular,jul,tue,1186,2,999,0,nonexistent,1.4,93.918,-42.7,4.961,5228.1,no,0.0975
46,admin.,single,high.school,no,yes,no,cellular,nov,mon,199,2,999,2,failure,-1.1,94.767,-50.8,1.048,4963.6,no,0.0975
35,unemployed,single,university.degree,no,yes,yes,cellular,nov,tue,98,1,999,0,nonexistent,-0.1,93.2,-42.0,4.153,5195.8,no,0.0975
27,blue-collar,single,basic.6y,no,no,no,telephone,jul,tue,68,3,999,0,nonexistent,1.4,93.918,-42.7,4.961,5228.1,no,0.0975
56,blue-collar,married,basic.4y,no,yes,no,cellular,jul,thu,81,3,999,0,nonexistent,1.4,93.918,-42.7,4.962,5228.1,no,0.0975
25,admin.,single,university.degree,no,no,yes,cellular,aug,thu,112,1,999,0,nonexistent,-2.9,92.201,-31.4,0.873,5076.2,no,0.09739914726139717
29,entrepreneur,single,professional.course,no,no,no,telephone,jun,wed,609,1,999,0,nonexistent,1.4,94.465,-41.8,4.962,5228.1,no,0.09730298067408484
49,entrepreneur,married,basic.4y,no,no,no,cellular,apr,mon,383,1,999,0,nonexistent,-1.8,93.075,-47.1,1.405,5099.1,no,0.0972236722306525
33,services,married,high.school,no,no,no,cellular,jul,tue,280,5,999,0,nonexistent,1.4,93.918,-42.7,4.961,5228.1,no,0.09722147192716238
33,blue-collar,single,basic.6y,unknown,yes,yes,cellular,jul,fri,103,2,999,0,nonexistent,1.4,93.918,-42.7,4.963,5228.1,no,0.09721843702579665
33,unknown,married,unknown,unknown,yes,no,cellular,aug,tue,229,2,999,0,nonexistent,1.4,93.444,-36.1,4.968,5228.1,no,0.09721396054628226
43,blue-collar,married,high.school,no,yes,no,telephone,may,wed,294,1,999,0,nonexistent,1.1,93.994,-36.4,4.856,5191.0,no,0.09708170155539554
39,admin.,married,basic.6y,unknown,yes,no,cellular,jul,wed,327,1,999,0,nonexistent,1.4,93.918,-42.7,4.963,5228.1,no,0.09699179344566225
37,entrepreneur,divorced,high.school,no,no,yes,cellular,jul,wed,245,1,999,0,nonexistent,1.4,93.918,-42.7,4.963,5228.1,no,0.09681472393104656
31,unemployed,divorced,basic.4y,no,yes,no,telephone,jun,wed,48,1,999,0,nonexistent,1.4,94.465,-41.8,4.962,5228.1,no,0.09671684877454989
46,admin.,married,university.degree,no,no,no,cellular,aug,mon,67,5,999,0,nonexistent,1.4,93.444,-36.1,4.965,5228.1,no,0.09669642739633914
45,blue-collar,single,high.school,no,no,no,cellular,may,fri,358,1,999,0,nonexistent,-1.8,92.893,-46.2,1.25,5099.1,no,0.09657549288906297
34,technician,single,university.degree,no,no,no,cellular,aug,mon,262,3,999,0,nonexistent,1.4,93.444,-36.1,4.965,5228.1,no,0.09648505752744267
23,blue-collar,married,basic.9y,no,yes,no,cellular,jul,wed,240,2,999,0,nonexistent,1.4,93.918,-42.7,4.957,5228.1,no,0.09643612396540474
41,blue-collar,married,basic.4y,unknown,yes,no,cellular,may,tue,259,1,999,0,nonexistent,-1.8,92.893,-46.2,1.344,5099.1,no,0.09625942101950166
32,admin.,single,university.degree,no,yes,no,telephone,sep,tue,6,1,999,0,nonexistent,-1.1,94.199,-37.5,0.88,4963.6,no,0.095
28,blue-collar,single,high.school,no,yes,no,cellular,jul,tue,158,5,999,0,nonexistent,1.4,93.918,-42.7,4.961,5228.1,no,0.095
32,management,divorced,university.degree,no,no,no,cellular,jul,tue,131,5,999,0,nonexistent,1.4,93.918,-42.7,4.961,5228.1,no,0.095
49,technician,divorced,unknown,no,no,no,cellular,oct,thu,237,1,999,2,failure,-3.4,92.431,-26.9,0.754,5017.5,no,0.095
54,retired,divorced,university.degree,no,yes,no,cellular,may,fri,133,1,999,0,nonexistent,-1.8,92.893,-46.2,1.25,5099.1,no,0.095
55,unknown,married,basic.4y,unknown,no,no,telephone,jun,fri,27,7,999,0,nonexistent,1.4,94.465,-41.8,4.959,5228.1,no,0.095
33,technician,divorced,university.degree,no,yes,yes,cellular,jul,thu,260,1,999,0,nonexistent,1.4,93.918,-42.7,4.958,5228.1,no,0.095
36,admin.,single,university.degree,no,yes,yes,telephone,may,wed,374,2,999,0,nonexistent,1.1,93.994,-36.4,4.859,5191.0,no,0.095
25,blue-collar,married,basic.4y,no,yes,yes,cellular,jul,thu,309,2,999,0,nonexistent,1.4,93.918,-42.7,4.958,5228.1,no,0.095
46,admin.,married,university.degree,no,yes,no,telephone,jun,fri,193,7,999,0,nonexistent,1.4,94.465,-41.8,4.967,5228.1,no,0.095
50,housemaid,single,unknown,no,no,yes,telephone,jun,tue,517,1,999,0,nonexistent,1.4,94.465,-41.8,4.864,5228.1,no,0.095
39,technician,single,professional.course,no,yes,no,telephone,jun,mon,182,4,999,0,nonexistent,1.4,94.465,-41.8,4.947,5228.1,no,0.095
32,management,single,university.degree,unknown,yes,no,cellular,may,mon,61,4,999,1,failure,-1.8,92.893,-46.2,1.244,5099.1,no,0.095
38,technician,divorced,professional.course,no,yes,yes,cellular,may,tue,351,2,999,1,failure,-1.8,92.893,-46.2,1.344,5099.1,no,0.095
28,technician,single,professional.course,no,no,no,cellular,may,wed,687,2,999,1,failure,-1.8,92.893,-46.2,1.334,5099.1,yes,0.095
43,admin.,married,university.degree,no,no,no,telephone,jun,thu,145,2,999,0,nonexistent,1.4,94.465,-41.8,4.961,5228.1,no,0.095
54,technician,divorced,basic.9y,no,yes,no,telephone,jun,mon,111,2,999,0,nonexistent,1.4,94.465,-41.8,4.947,5228.1,no,0.095
55,admin.,married,unknown,no,yes,yes,cellular,nov,thu,591,3,999,0,nonexistent,-0.1,93.2,-42.0,4.076,5195.8,no,0.095
25,admin.,married,university.degree,no,yes,no,cellular,mar,fri,294,1,999,0,nonexistent,-1.8,92.843,-50.0,1.531,5099.1,yes,0.095
43,admin.,married,university.degree,no,no,no,telephone,jun,thu,30,2,999,0,nonexistent,1.4,94.465,-41.8,4.961,5228.1,no,0.095
38,management,married,high.school,unknown,no,yes,telephone,jun,thu,70,2,999,0,nonexistent,1.4,94.465,-41.8,4.866,5228.1,no,0.095
45,technician,married,high.school,no,yes,no,telephone,may,fri,78,9,999,0,nonexistent,1.1,93.994,-36.4,4.857,5191.0,no,0.095
49,admin.,married,university.degree,unknown,yes,no,cellular,aug,tue,202,1,999,0,nonexistent,1.4,93.444,-36.1,4.968,5228.1,no,0.095
28,admin.,single,high.school,no,yes,no,cellular,jun,tue,359,1,999,2,failure,-2.9,92.963,-40.8,1.262,5076.2,yes,0.095
50,management,married,basic.9y,no,yes,yes,cellular,jul,thu,217,9,999,0,nonexistent,1.4,93.918,-42.7,4.962,5228.1,no,0.095
35,admin.,divorced,high.school,no,no,yes,telephone,jun,mon,15,15,999,0,nonexistent,1.4,94.465,-41.8,4.96,5228.1,no,0.095
33,blue-collar,married,basic.6y,no,no,no,cellular,may,wed,473,4,999,0,nonexistent,-1.8,92.893,-46.2,1.334,5099.1,no,0.095
42,self-employed,married,university.degree,no,no,no,cellular,jul,mon,243,30,999,0,nonexistent,1.4,93.918,-42.7,4.962,5228.1,no,0.095
36,technician,married,basic.9y,no,no,no,telephone,jun,mon,339,4,999,0,nonexistent,1.4,94.465,-41.8,4.958,5228.1,no,0.095
31,services,married,high.school,no,yes,no,telephone,jun,fri,130,1,999,0,nonexistent,1.4,94.465,-41.8,4.967,5228.1,no,0.095
33,admin.,married,university.degree,no,yes,no,cellular,may,tue,164,3,999,0,nonexistent,-1.8,92.893,-46.2,1.266,5099.1,no,0.095
27,technician,single,professional.course,no,no,no,telephone,jun,thu,248,1,999,0,nonexistent,1.4,94.465,-41.8,4.961,5228.1,no,0.095
33,services,divorced,high.school,no,yes,yes,telephone,may,wed,88,3,999,0,nonexistent,1.1,93.994,-36.4,4.858,5191.0,no,0.095
44,management,married,university.degree,no,yes,no,cellular,apr,thu,137,2,999,0,nonexistent,-1.8,93.075,-47.1,1.41,5099.1,no,0.095
37,management,divorced,unknown,no,no,yes,cellular,nov,mon,74,1,999,1,failure,-0.1,93.2,-42.0,4.191,5195.8,no,0.095
45,self-employed,divorced,university.degree,no,yes,no,cellular,jul,mon,168,4,999,0,nonexistent,1.4,93.918,-42.7,4.962,5228.1,no,0.095
48,admin.,married,university.degree,no,yes,no,cellular,aug,fri,651,9,999,0,nonexistent,1.4,93.444,-36.1,4.964,5228.1,no,0.095
45,technician,divorced,university.degree,unknown,yes,no,cellular,may,fri,84,1,999,1,failure,-1.8,92.893,-46.2,1.313,5099.1,no,0.095
37,blue-collar,married,professional.course,no,no,no,telephone,jun,thu,11,7,999,0,nonexistent,1.4,94.465,-41.8,4.961,5228.1,no,0.095
24,blue-collar,married,basic.9y,no,unknown,unknown,cellular,may,fri,323,5,999,0,nonexistent,-1.8,92.893,-46.2,1.25,5099.1,no,0.09472048558421851
48,entrepreneur,married,basic.9y,no,yes,no,cellular,jul,wed,438,2,999,0,nonexistent,1.4,93.918,-42.7,4.963,5228.1,no,0.09471965098634294
31,blue-collar,divorced,high.school,no,yes,no,cellular,may,wed,829,1,999,1,failure,-1.8,92.893,-46.2,1.281,5099.1,yes,0.09456277936594323
36,admin.,married,high.school,no,no,no,cellular,jul,wed,227,6,999,0,nonexistent,1.4,93.918,-42.7,4.963,5228.1,no,0.09400610701767467
34,technician,married,university.degree,no,no,no,cellular,nov,tue,131,1,999,0,nonexistent,-0.1,93.2,-42.0,4.153,5195.8,no,0.093561733995691
30,unemployed,married,high.school,no,no,no,cellular,nov,tue,145,1,999,0,nonexistent,-0.1,93.2,-42.0,4.153,5195.8,no,0.09313480112428987
35,entrepreneur,married,university.degree,no,no,no,cellular,may,fri,270,2,999,0,nonexistent,-1.8,92.893,-46.2,1.313,5099.1,no,0.0925
42,admin.,married,university.degree,no,unknown,unknown,cellular,aug,fri,235,1,999,0,nonexistent,1.4,93.444,-36.1,4.963,5228.1,no,0.0925
34,housemaid,married,high.school,unknown,no,no,cellular,may,wed,142,3,999,0,nonexistent,-1.8,92.893,-46.2,1.334,5099.1,no,0.0925
40,services,married,high.school,no,no,no,cellular,jul,wed,83,1,999,0,nonexistent,1.4,93.918,-42.7,4.962,5228.1,no,0.0925
30,blue-collar,married,basic.4y,no,yes,no,cellular,apr,mon,202,1,999,0,nonexistent,-1.8,93.075,-47.1,1.405,5099.1,no,0.0925
29,admin.,single,university.degree,unknown,no,yes,telephone,jun,tue,816,2,999,0,nonexistent,1.4,94.465,-41.8,4.864,5228.1,no,0.0925
35,technician,single,basic.9y,no,yes,yes,cellular,nov,wed,62,1,999,0,nonexistent,-0.1,93.2,-42.0,4.12,5195.8,no,0.0925
33,blue-collar,married,basic.4y,unknown,yes,yes,cellular,nov,thu,129,1,999,0,nonexistent,-0.1,93.2,-42.0,4.076,5195.8,no,0.0925
40,blue-collar,married,basic.6y,no,no,no,cellular,apr,mon,83,5,999,0,nonexistent,-1.8,93.075,-47.1,1.405,5099.1,no,0.0925
40,blue-collar,married,basic.9y,no,no,no,telephone,jul,fri,304,3,999,0,nonexistent,1.4,93.918,-42.7,4.959,5228.1,no,0.0925
30,technician,single,professional.course,no,yes,yes,cellular,jul,mon,111,2,999,0,nonexistent,1.4,93.918,-42.7,4.96,5228.1,no,0.0925
34,self-employed,single,university.degree,no,no,no,cellular,jul,wed,208,1,999,0,nonexistent,1.4,93.918,-42.7,4.963,5228.1,no,0.0925
29,admin.,single,university.degree,no,no,no,telephone,may,wed,231,1,999,0,nonexistent,1.1,93.994,-36.4,4.859,5191.0,no,0.0925
56,admin.,married,basic.4y,no,yes,no,cellular,nov,fri,382,3,999,0,nonexistent,-0.1,93.2,-42.0,4.021,5195.8,no,0.0925
53,blue-collar,divorced,basic.4y,no,yes,no,telephone,may,fri,34,2,999,0,nonexistent,1.1,93.994,-36.4,4.857,5191.0,no,0.0925
47,blue-collar,married,basic.4y,no,no,no,cellular,aug,thu,82,1,999,0,nonexistent,1.4,93.444,-36.1,4.968,5228.1,no,0.0925
35,housemaid,single,basic.4y,unknown,yes,no,cellular,nov,wed,66,2,3,1,success,-0.1,93.2,-42.0,4.12,5195.8,no,0.0925
39,services,married,unknown,unknown,unknown,unknown,cellular,jul,wed,140,2,999,0,nonexistent,1.4,93.918,-42.7,4.963,5228.1,no,0.0925
51,blue-collar,married,basic.9y,unknown,no,yes,cellular,may,wed,22,2,999,0,nonexistent,-1.8,92.893,-46.2,1.334,5099.1,no,0.0925
44,self-employed,married,high.school,no,no,yes,cellular,may,mon,15,4,999,2,failure,-1.8,92.893,-46.2,1.354,5099.1,no,0.0925
48,services,divorced,high.school,no,yes,yes,cellular,jul,tue,191,1,999,0,nonexistent,1.4,93.918,-42.7,4.962,5228.1,no,0.0925
45,technician,married,university.degree,no,yes,no,telephone,may,fri,240,1,999,0,nonexistent,1.1,93.994,-36.4,4.857,5191.0,no,0.0925
34,self-employed,single,university.degree,no,no,no,cellular,jul,wed,1211,1,999,0,nonexistent,1.4,93.918,-42.7,4.963,5228.1,yes,0.0925
29,admin.,single,university.degree,no,no,no,cellular,jul,thu,686,1,999,0,nonexistent,1.4,93.918,-42.7,4.958,5228.1,no,0.0925
35,services,divorced,high.school,no,yes,yes,cellular,apr,fri,107,1,999,0,nonexistent,-1.8,93.075,-47.1,1.405,5099.1,no,0.0925
44,services,married,high.school,no,yes,no,cellular,may,tue,10,5,999,0,nonexistent,-1.8,92.893,-46.2,1.344,5099.1,no,0.0925
39,technician,married,professional.course,no,no,no,cellular,aug,mon,77,1,999,0,nonexistent,1.4,93.444,-36.1,4.965,5228.1,no,0.0925
49,blue-collar,divorced,high.school,no,yes,no,cellular,may,wed,204,2,999,0,nonexistent,-1.8,92.893,-46.2,1.281,5099.1,no,0.09238295876263586
25,unemployed,married,university.degree,no,no,no,cellular,may,mon,32,8,10,1,success,-1.8,92.893,-46.2,1.244,5099.1,no,0.0923525205290138
30,technician,single,university.degree,no,no,yes,cellular,may,tue,39,1,999,0,nonexistent,-1.8,92.893,-46.2,1.344,5099.1,no,0.09221965098634294
27,self-employed,married,university.degree,no,yes,no,cellular,may,mon,141,1,999,0,nonexistent,-1.8,92.893,-46.2,1.299,5099.1,no,0.09221396054628224
24,blue-collar,divorced,high.school,no,yes,no,cellular,jul,wed,57,2,999,0,nonexistent,1.4,93.918,-42.7,4.957,5228.1,no,0.09202506399467293
29,technician,single,high.school,no,no,no,cellular,may,thu,62,4,999,1,failure,-1.8,92.893,-46.2,1.266,5099.1,no,0.09198738900691834
29,technician,single,university.degree,no,no,no,cellular,may,mon,170,1,999,0,nonexistent,-1.8,92.893,-46.2,1.264,5099.1,no,0.09193892261001517
38,blue-collar,single,university.degree,unknown,yes,no,telephone,jun,wed,59,2,999,0,nonexistent,1.4,94.465,-41.8,4.962,5228.1,no,0.09182236211634813
42,admin.,single,university.degree,no,no,no,cellular,aug,tue,105,2,999,0,nonexistent,1.4,93.444,-36.1,4.966,5228.1,no,0.09133398598009755
38,admin.,married,university.degree,no,yes,no,cellular,aug,mon,301,2,999,0,nonexistent,1.4,93.444,-36.1,4.965,5228.1,no,0.09100916717018423
46,blue-collar,married,basic.9y,unknown,no,no,cellular,aug,mon,109,1,999,0,nonexistent,1.4,93.444,-36.1,4.965,5228.1,no,0.09098204400753296
59,retired,divorced,basic.9y,unknown,yes,no,telephone,jul,fri,362,8,999,0,nonexistent,1.4,93.918,-42.7,4.962,5228.1,yes,0.09071831395239309
36,admin.,married,high.school,no,yes,no,cellular,nov,thu,231,1,999,0,nonexistent,-0.1,93.2,-42.0,4.076,5195.8,no,0.09070799153659337
39,admin.,married,university.degree,no,yes,no,telephone,may,mon,14,32,999,0,nonexistent,1.1,93.994,-36.4,4.857,5191.0,no,0.09060955531443915
33,unemployed,married,university.degree,no,yes,yes,cellular,aug,fri,78,1,999,0,nonexistent,1.4,93.444,-36.1,4.964,5228.1,no,0.09025870013100404
30,admin.,single,university.degree,no,yes,no,cellular,nov,tue,288,1,999,0,nonexistent,-0.1,93.2,-42.0,4.153,5195.8,no,0.09000905720199351
46,services,married,unknown,unknown,unknown,unknown,cellular,aug,mon,73,3,999,0,nonexistent,1.4,93.444,-36.1,4.963,5228.1,no,0.09
46,blue-collar,married,basic.4y,no,yes,no,telephone,may,fri,107,3,999,0,nonexistent,1.1,93.994,-36.4,4.855,5191.0,no,0.09
24,housemaid,married,basic.9y,no,yes,no,cellular,may,wed,321,4,999,0,nonexistent,-1.8,92.893,-46.2,1.281,5099.1,no,0.09
48,retired,married,basic.4y,unknown,yes,yes,telephone,jul,mon,27,17,999,0,nonexistent,1.4,93.918,-42.7,4.962,5228.1,no,0.09
31,blue-collar,married,professional.course,no,no,no,telephone,jun,tue,70,8,999,0,nonexistent,1.4,94.465,-41.8,4.961,5228.1,no,0.09
56,entrepreneur,divorced,university.degree,no,unknown,unknown,cellular,apr,wed,121,2,999,1,failure,-1.8,93.075,-47.1,1.498,5099.1,no,0.09
38,blue-collar,single,basic.9y,no,no,yes,cellular,may,wed,222,2,999,1,failure,-1.8,92.893,-46.2,1.281,5099.1,no,0.09
34,blue-collar,single,basic.4y,no,yes,yes,telephone,may,tue,1093,3,999,0,nonexistent,1.1,93.994,-36.4,4.856,5191.0,no,0.09
29,student,married,university.degree,no,yes,no,cellular,jul,wed,81,7,999,0,nonexistent,1.4,93.918,-42.7,4.957,5228.1,no,0.09
45,admin.,married,high.school,no,yes,yes,cellular,aug,mon,124,3,999,0,nonexistent,1.4,93.444,-36.1,4.963,5228.1,no,0.09
33,technician,married,high.school,no,no,yes,telephone,jun,mon,60,9,999,0,nonexistent,1.4,94.465,-41.8,4.865,5228.1,no,0.09
37,management,married,university.degree,no,no,no,telephone,jun,tue,303,1,999,0,nonexistent,1.4,94.465,-41.8,4.864,5228.1,no,0.09
46,housemaid,married,high.school,no,yes,no,cellular,aug,fri,358,1,999,0,nonexistent,-2.9,92.201,-31.4,0.881,5076.2,yes,0.09
42,blue-collar,single,basic.4y,unknown,no,no,cellular,jul,mon,49,6,999,0,nonexistent,1.4,93.918,-42.7,4.96,5228.1,no,0.09
49,retired,married,basic.4y,unknown,yes,no,cellular,may,tue,148,1,999,0,nonexistent,-1.8,92.893,-46.2,1.291,5099.1,no,0.09
51,entrepreneur,divorced,university.degree,no,yes,no,cellular,nov,wed,133,1,999,0,nonexistent,-0.1,93.2,-42.0,4.12,5195.8,no,0.09
32,unemployed,single,university.degree,no,yes,no,cellular,aug,fri,88,1,999,1,failure,-2.9,92.201,-31.4,0.881,5076.2,no,0.09
33,blue-collar,single,basic.4y,no,no,no,telephone,may,tue,172,1,999,0,nonexistent,1.1,93.994,-36.4,4.856,5191.0,no,0.09
50,housemaid,divorced,basic.4y,no,no,no,telephone,sep,tue,57,1,999,0,nonexistent,-1.1,94.199,-37.5,0.877,4963.6,no,0.09
45,admin.,single,basic.9y,no,yes,yes,cellular,apr,tue,119,2,999,1,failure,-1.8,93.075,-47.1,1.423,5099.1,no,0.09
33,blue-collar,married,high.school,no,no,no,cellular,jul,mon,69,2,999,0,nonexistent,1.4,93.918,-42.7,4.962,5228.1,no,0.09
40,management,single,university.degree,no,no,no,cellular,nov,thu,549,1,999,0,nonexistent,-0.1,93.2,-42.0,4.076,5195.8,yes,0.09
32,self-employed,single,university.degree,no,yes,no,cellular,may,mon,66,3,999,1,failure,-1.8,92.893,-46.2,1.299,5099.1,no,0.09
44,self-employed,married,basic.9y,unknown,yes,no,cellular,jul,wed,41,1,999,0,nonexistent,1.4,93.918,-42.7,4.963,5228.1,no,0.09
58,technician,divorced,university.degree,no,no,no,cellular,may,thu,101,1,999,1,failure,-1.8,92.893,-46.2,1.327,5099.1,no,0.09
39,admin.,single,unknown,no,yes,no,telephone,jun,mon,163,2,999,0,nonexistent,1.4,94.465,-41.8,4.865,5228.1,no,0.09
45,services,married,university.degree,unknown,yes,no,telephone,jul,mon,317,8,999,0,nonexistent,1.4,93.918,-42.7,4.962,5228.1,no,0.09
52,blue-collar,married,basic.4y,no,yes,no,telephone,jun,thu,106,2,999,0,nonexistent,1.4,94.465,-41.8,4.961,5228.1,no,0.09
32,admin.,single,professional.course,no,no,yes,cellular,may,fri,6,4,999,0,nonexistent,-1.8,92.893,-46.2,1.25,5099.1,no,0.09
30,technician,single,professional.course,no,unknown,unknown,telephone,jun,thu,67,1,999,0,nonexistent,1.4,94.465,-41.8,4.866,5228.1,no,0.09
46,entrepreneur,married,university.degree,unknown,unknown,unknown,telephone,jun,wed,156,9,999,0,nonexistent,1.4,94.465,-41.8,4.962,5228.1,no,0.09
31,admin.,single,university.degree,no,no,no,telephone,may,wed,142,3,999,0,nonexistent,1.1,93.994,-36.4,4.859,5191.0,no,0.09
28,blue-collar,single,professional.course,no,no,no,cellular,may,mon,299,2,999,0,nonexistent,-1.8,92.893,-46.2,1.299,5099.1,no,0.09
47,blue-collar,married,basic.9y,no,yes,no,telephone,apr,thu,193,1,999,0,nonexistent,-1.8,93.075,-47.1,1.41,5099.1,no,0.09
41,technician,married,professional.course,no,no,no,telephone,may,fri,216,2,999,0,nonexistent,1.1,93.994,-36.4,4.857,5191.0,no,0.09
22,admin.,single,high.school,no,yes,no,cellular,jul,fri,64,2,999,0,nonexistent,1.4,93.918,-42.7,4.957,5228.1,no,0.08985188221300672
56,blue-collar,married,basic.4y,unknown,no,no,telephone,jun,thu,871,1,999,0,nonexistent,1.4,94.465,-41.8,4.958,5228.1,no,0.08984953908524912
35,unknown,single,high.school,unknown,yes,no,cellular,jul,thu,277,3,999,0,nonexistent,1.4,93.918,-42.7,4.958,5228.1,no,0.08961010649496831
32,services,married,high.school,no,yes,no,telephone,may,wed,309,3,999,1,failure,-1.8,92.893,-46.2,1.334,5099.1,no,0.08958357440176286
34,services,married,high.school,no,no,yes,cellular,may,wed,362,2,999,1,failure,-1.8,92.893,-46.2,1.334,5099.1,no,0.08949559309083963
46,management,single,university.degree,no,yes,no,cellular,jul,mon,93,1,999,0,nonexistent,1.4,93.918,-42.7,4.96,5228.1,no,0.08948738900691834
30,technician,married,high.school,no,yes,no,cellular,aug,thu,81,5,999,0,nonexistent,1.4,93.444,-36.1,4.962,5228.1,no,0.0894382397572079
44,blue-collar,married,basic.9y,unknown,yes,no,cellular,aug,mon,312,3,999,0,nonexistent,1.4,93.444,-36.1,4.963,5228.1,no,0.08919855773243875
49,blue-collar,married,professional.course,no,no,no,cellular,may,tue,118,1,999,0,nonexistent,-1.8,92.893,-46.2,1.344,5099.1,no,0.08916509863429438
36,admin.,married,high.school,no,yes,no,cellular,jul,thu,74,2,999,0,nonexistent,1.4,93.918,-42.7,4.968,5228.1,no,0.0890277250015727
36,self-employed,married,basic.9y,no,no,no,cellular,aug,tue,153,1,999,0,nonexistent,1.4,93.444,-36.1,4.968,5228.1,no,0.08902120934417898
24,services,single,university.degree,no,no,no,cellular,jul,thu,113,6,999,0,nonexistent,1.4,93.918,-42.7,4.963,5228.1,no,0.08787458377535176
58,technician,divorced,professional.course,no,no,no,cellular,aug,fri,75,7,999,0,nonexistent,1.4,93.444,-36.1,4.964,5228.1,no,0.0875
33,management,married,university.degree,no,yes,no,cellular,jul,mon,199,1,999,0,nonexistent,1.4,93.918,-42.7,4.96,5228.1,no,0.0875
38,technician,married,university.degree,unknown,no,no,telephone,jun,wed,36,4,999,0,nonexistent,1.4,94.465,-41.8,4.864,5228.1,no,0.0875
32,blue-collar,married,high.school,no,yes,no,cellular,apr,thu,259,2,999,1,failure,-1.8,93.075,-47.1,1.435,5099.1,no,0.0875
36,admin.,married,high.school,unknown,no,yes,telephone,jun,thu,59,8,999,0,nonexistent,1.4,94.465,-41.8,4.961,5228.1,no,0.0875
23,services,married,basic.9y,no,no,no,telephone,may,fri,1144,3,999,0,nonexistent,1.1,93.994,-36.4,4.859,5191.0,no,0.0875
32,technician,single,university.degree,no,yes,no,cellular,aug,thu,388,4,999,0,nonexistent,1.4,93.444,-36.1,4.964,5228.1,no,0.0875
45,unemployed,divorced,high.school,no,yes,yes,cellular,may,wed,274,1,999,0,nonexistent,-1.8,92.893,-46.2,1.334,5099.1,no,0.0875
49,admin.,married,high.school,no,yes,no,cellular,aug,tue,129,8,999,0,nonexistent,1.4,93.444,-36.1,4.963,5228.1,no,0.0875
32,admin.,single,university.degree,unknown,no,no,telephone,may,fri,96,3,999,0,nonexistent,1.1,93.994,-36.4,4.864,5191.0,no,0.0875
42,blue-collar,married,basic.6y,unknown,no,no,telephone,jul,tue,190,1,999,0,nonexistent,1.4,93.918,-42.7,4.962,5228.1,no,0.0875
35,blue-collar,married,basic.9y,no,no,no,telephone,jun,fri,15,3,999,0,nonexistent,1.4,94.465,-41.8,4.959,5228.1,no,0.0875
31,blue-collar,single,high.school,no,no,no,cellular,jul,tue,78,2,999,0,nonexistent,1.4,93.918,-42.7,4.961,5228.1,no,0.0875
38,blue-collar,married,basic.6y,no,yes,no,telephone,jun,fri,167,2,999,0,nonexistent,1.4,94.465,-41.8,4.959,5228.1,no,0.0875
44,unemployed,married,basic.9y,no,no,no,cellular,may,mon,194,3,999,0,nonexistent,-1.8,92.893,-46.2,1.244,5099.1,no,0.0875
39,admin.,single,university.degree,no,yes,yes,cellular,may,mon,9,4,999,1,failure,-1.8,92.893,-46.2,1.244,5099.1,no,0.0875
41,management,divorced,university.degree,no,no,no,telephone,jun,mon,43,12,999,0,nonexistent,1.4,94.465,-41.8,4.865,5228.1,no,0.0875
37,admin.,single,basic.9y,no,yes,yes,cellular,may,wed,147,1,999,0,nonexistent,-1.8,92.893,-46.2,1.281,5099.1,no,0.0875
41,blue-collar,single,basic.9y,no,yes,no,cellular,may,wed,597,1,999,0,nonexistent,-1.8,92.893,-46.2,1.334,5099.1,yes,0.0875
57,technician,divorced,professional.course,no,yes,yes,cellular,jul,thu,235,1,999,0,nonexistent,1.4,93.918,-42.7,4.963,5228.1,no,0.0875
33,blue-collar,single,basic.4y,no,yes,no,cellular,may,tue,266,2,999,1,failure,-1.8,92.893,-46.2,1.291,5099.1,no,0.0875
55,blue-collar,married,basic.6y,unknown,no,no,cellular,jul,tue,232,4,999,0,nonexistent,1.4,93.918,-42.7,4.961,5228.1,no,0.0875
32,blue-collar,married,professional.course,no,yes,no,cellular,may,thu,260,1,999,0,nonexistent,-1.8,92.893,-46.2,1.266,5099.1,no,0.0875
30,student,single,high.school,unknown,no,no,telephone,may,wed,216,3,999,0,nonexistent,1.1,93.994,-36.4,4.856,5191.0,no,0.0875
58,retired,married,basic.4y,unknown,yes,no,cellular,may,wed,205,1,999,1,failure,-1.8,92.893,-46.2,1.281,5099.1,no,0.0875
32,technician,married,university.degree,no,no,yes,cellular,aug,thu,131,1,999,0,nonexistent,1.4,93.444,-36.1,4.968,5228.1,no,0.0875
50,blue-collar,married,basic.4y,no,yes,yes,cellular,may,mon,197,2,999,0,nonexistent,-1.8,92.893,-46.2,1.299,5099.1,no,0.0875
32,blue-collar,married,basic.9y,no,no,no,telephone,nov,tue,296,2,999,0,nonexistent,-0.1,93.2,-42.0,4.153,5195.8,no,0.0875
55,entrepreneur,married,university.degree,unknown,yes,yes,cellular,nov,tue,157,2,999,0,nonexistent,-0.1,93.2,-42.0,4.153,5195.8,no,0.0875
43,admin.,married,university.degree,no,no,no,telephone,jun,thu,175,4,999,0,nonexistent,1.4,94.465,-41.8,4.866,5228.1,no,0.0875
58,retired,married,basic.9y,no,yes,no,telephone,jun,mon,198,1,999,0,nonexistent,1.4,94.465,-41.8,4.865,5228.1,no,0.0875
24,student,single,high.school,no,no,no,cellular,aug,fri,276,1,999,0,nonexistent,-2.9,92.201,-31.4,0.849,5076.2,yes,0.0875
45,admin.,married,university.degree,no,yes,no,cellular,may,fri,160,1,999,1,failure,-1.8,92.893,-46.2,1.25,5099.1,no,0.0875
53,blue-collar,married,basic.4y,unknown,no,no,cellular,jul,fri,93,4,999,0,nonexistent,1.4,93.918,-42.7,4.957,5228.1,no,0.0875
51,admin.,married,professional.course,no,yes,no,cellular,jul,thu,132,1,999,0,nonexistent,1.4,93.918,-42.7,4.963,5228.1,no,0.0875
51,blue-collar,divorced,basic.4y,no,yes,no,telephone,may,wed,180,2,999,0,nonexistent,1.1,93.994,-36.4,4.857,5191.0,no,0.0875
49,entrepreneur,married,university.degree,no,yes,no,telephone,may,fri,142,2,999,0,nonexistent,1.1,93.994,-36.4,4.864,5191.0,no,0.0875
35,admin.,single,university.degree,no,no,no,cellular,aug,tue,131,1,999,0,nonexistent,1.4,93.444,-36.1,4.965,5228.1,no,0.08740131614416766
26,services,single,high.school,no,no,no,cellular,jul,fri,588,7,999,0,nonexistent,1.4,93.918,-42.7,4.957,5228.1,yes,0.08728643944392639
34,admin.,single,high.school,no,yes,no,cellular,may,fri,655,2,999,0,nonexistent,-1.8,92.893,-46.2,1.25,5099.1,yes,0.08721987860394538
55,admin.,single,university.degree,unknown,no,yes,cellular,nov,fri,143,1,999,0,nonexistent,-0.1,93.2,-42.0,4.021,5195.8,no,0.0872144157814871
43,blue-collar,married,basic.9y,no,no,no,telephone,may,thu,13,3,999,0,nonexistent,1.1,93.994,-36.4,4.86,5191.0,no,0.08716645555029462
25,services,single,unknown,no,no,no,telephone,jul,fri,662,4,999,0,nonexistent,1.4,93.918,-42.7,4.957,5228.1,no,0.08706680811197388
46,unemployed,divorced,basic.9y,no,yes,no,telephone,jun,tue,231,2,999,0,nonexistent,1.4,94.465,-41.8,4.864,5228.1,no,0.08699436669667458
33,management,married,university.degree,no,no,no,cellular,jul,thu,66,7,999,0,nonexistent,1.4,93.918,-42.7,4.958,5228.1,no,0.08696556523736923
35,blue-collar,married,basic.6y,unknown,yes,no,cellular,may,fri,746,2,999,0,nonexistent,-1.8,92.893,-46.2,1.313,5099.1,no,0.08681763058507305
31,management,married,university.degree,no,no,no,cellular,may,fri,238,1,999,1,failure,-1.8,92.893,-46.2,1.313,5099.1,no,0.08681044731758063
26,admin.,married,high.school,no,yes,no,telephone,apr,mon,216,1,999,0,nonexistent,-1.8,93.075,-47.1,1.466,5099.1,no,0.08672238890294665
30,blue-collar,single,basic.9y,no,no,no,cellular,may,mon,74,1,999,0,nonexistent,-1.8,92.893,-46.2,1.244,5099.1,no,0.08666038496388703
28,admin.,single,university.degree,no,no,yes,cellular,jul,fri,94,2,999,0,nonexistent,1.4,93.918,-42.7,4.963,5228.1,no,0.08654292171120971
38,blue-collar,married,basic.6y,unknown,no,no,telephone,jul,thu,85,1,999,0,nonexistent,1.4,93.918,-42.7,4.966,5228.1,no,0.08653466620415742
26,admin.,single,university.degree,no,yes,no,cellular,may,mon,365,5,999,0,nonexistent,-1.8,92.893,-46.2,1.264,5099.1,no,0.08648505864987728
37,self-employed,married,basic.9y,no,yes,no,cellular,aug,fri,78,1,999,0,nonexistent,1.4,93.444,-36.1,4.964,5228.1,no,0.08599859316636432
29,technician,married,university.degree,no,yes,yes,cellular,aug,wed,94,2,999,0,nonexistent,1.4,93.444,-36.1,4.964,5228.1,no,0.08564672557502041
49,self-employed,divorced,unknown,unknown,yes,no,cellular,apr,fri,74,1,999,1,failure,-1.8,93.075,-47.1,1.479,5099.1,no,0.0854532115605798
40,technician,married,professional.course,no,no,no,cellular,apr,tue,274,1,999,0,nonexistent,-1.8,93.075,-47.1,1.453,5099.1,no,0.085
37,blue-collar,married,basic.6y,unknown,no,yes,cellular,jul,wed,143,1,999,0,nonexistent,1.4,93.918,-42.7,4.962,5228.1,no,0.085
39,blue-collar,married,basic.9y,unknown,yes,no,telephone,jun,tue,34,2,999,0,nonexistent,1.4,94.465,-41.8,4.961,5228.1,no,0.085
59,management,married,university.degree,no,no,no,cellular,aug,mon,163,2,999,0,nonexistent,1.4,93.444,-36.1,4.965,5228.1,no,0.085
30,technician,single,high.school,no,yes,no,cellular,aug,thu,77,12,999,0,nonexistent,1.4,93.444,-36.1,4.962,5228.1,no,0.085
39,entrepreneur,single,basic.6y,no,yes,no,telephone,may,thu,77,2,999,0,nonexistent,1.1,93.994,-36.4,4.86,5191.0,no,0.085
39,blue-collar,single,university.degree,no,no,no,cellular,jul,wed,91,7,999,0,nonexistent,1.4,93.918,-42.7,4.963,5228.1,no,0.085
37,blue-collar,married,basic.6y,no,no,no,cellular,may,tue,75,7,999,0,nonexistent,-1.8,92.893,-46.2,1.344,5099.1,no,0.085
37,admin.,married,university.degree,no,yes,yes,cellular,may,tue,43,1,999,1,failure,-1.8,92.893,-46.2,1.291,5099.1,no,0.085
53,admin.,married,university.degree,no,yes,yes,cellular,jul,mon,124,2,999,0,nonexistent,1.4,93.918,-42.7,4.962,5228.1,no,0.085
56,blue-collar,married,basic.6y,no,yes,yes,cellular,apr,mon,223,1,999,0,nonexistent,-1.8,93.075,-47.1,1.405,5099.1,no,0.085
30,admin.,single,high.school,no,no,yes,cellular,may,fri,154,2,999,0,nonexistent,-1.8,92.893,-46.2,1.313,5099.1,no,0.085
48,blue-collar,married,basic.9y,no,no,no,telephone,jun,fri,75,3,999,0,nonexistent,1.4,94.465,-41.8,4.959,5228.1,no,0.085
39,technician,single,high.school,no,yes,no,cellular,may,fri,642,1,999,0,nonexistent,-1.8,92.893,-46.2,1.25,5099.1,no,0.085
23,student,single,high.school,no,no,no,cellular,aug,mon,123,1,999,0,nonexistent,-2.9,92.201,-31.4,0.861,5076.2,no,0.085
28,technician,single,high.school,no,no,no,cellular,jul,tue,206,2,999,0,nonexistent,1.4,93.918,-42.7,4.961,5228.1,no,0.085
29,admin.,single,high.school,no,yes,yes,telephone,may,wed,167,3,999,0,nonexistent,1.1,93.994,-36.4,4.859,5191.0,no,0.085
58,admin.,divorced,university.degree,no,yes,no,telephone,may,wed,244,1,999,0,nonexistent,1.1,93.994,-36.4,4.858,5191.0,no,0.085
49,admin.,single,high.school,no,yes,no,cellular,jul,tue,470,2,999,0,nonexistent,1.4,93.918,-42.7,4.961,5228.1,no,0.085
53,admin.,married,university.degree,no,yes,no,cellular,jul,mon,320,3,999,0,nonexistent,1.4,93.918,-42.7,4.962,5228.1,no,0.085
50,self-employed,single,basic.9y,no,no,no,cellular,apr,thu,399,2,999,1,failure,-1.8,93.075,-47.1,1.483,5099.1,no,0.085
32,admin.,married,high.school,no,yes,yes,cellular,jul,thu,23,22,999,0,nonexistent,1.4,93.918,-42.7,4.968,5228.1,no,0.085
60,blue-collar,married,basic.4y,unknown,yes,no,cellular,apr,mon,89,1,999,0,nonexistent,-1.8,93.075,-47.1,1.405,5099.1,no,0.085
38,admin.,divorced,university.degree,no,no,no,cellular,may,tue,187,4,999,0,nonexistent,-1.8,92.893,-46.2,1.291,5099.1,no,0.085
40,blue-collar,married,basic.6y,no,no,no,telephone,jul,mon,63,6,999,0,nonexistent,1.4,93.918,-42.7,4.96,5228.1,no,0.085
50,blue-collar,married,basic.9y,unknown,no,no,telephone,may,thu,77,2,999,0,nonexistent,1.1,93.994,-36.4,4.855,5191.0,no,0.085
41,technician,married,university.degree,no,yes,yes,cellular,may,fri,170,4,999,0,nonexistent,-1.8,92.893,-46.2,1.313,5099.1,no,0.085
26,admin.,single,university.degree,no,no,no,cellular,aug,thu,99,1,999,1,failure,-2.9,92.201,-31.4,0.851,5076.2,no,0.085
23,services,single,high.school,no,no,yes,cellular,jul,wed,207,1,999,0,nonexistent,1.4,93.918,-42.7,4.963,5228.1,no,0.085
47,blue-collar,married,basic.4y,no,yes,no,telephone,may,mon,622,2,999,0,nonexistent,1.1,93.994,-36.4,4.858,5191.0,no,0.085
33,management,married,high.school,no,yes,yes,telephone,jun,wed,64,1,999,0,nonexistent,1.4,94.465,-41.8,4.959,5228.1,no,0.085
44,blue-collar,single,professional.course,no,yes,no,cellular,may,mon,64,1,999,0,nonexistent,-1.8,92.893,-46.2,1.264,5099.1,no,0.0848960981328892
35,admin.,single,high.school,no,yes,no,cellular,jul,fri,196,2,999,0,nonexistent,1.4,93.918,-42.7,4.963,5228.1,no,0.08487720073170933
34,technician,married,high.school,no,yes,yes,cellular,nov,thu,116,1,999,0,nonexistent,-0.1,93.2,-42.0,4.076,5195.8,no,0.08484983753176978
25,blue-collar,single,basic.4y,no,no,yes,cellular,may,fri,206,5,999,0,nonexistent,-1.8,92.893,-46.2,1.25,5099.1,no,0.08484209889489393
30,admin.,single,university.degree,no,yes,no,cellular,aug,tue,386,3,999,0,nonexistent,1.4,93.444,-36.1,4.963,5228.1,no,0.08482381767865156
26,student,single,high.school,no,no,no,telephone,jun,mon,589,1,999,0,nonexistent,1.4,94.465,-41.8,4.961,5228.1,no,0.08472344461305008
26,student,single,high.school,no,no,no,telephone,jun,mon,901,1,999,0,nonexistent,1.4,94.465,-41.8,4.961,5228.1,yes,0.08472344461305008
31,admin.,married,university.degree,no,yes,no,cellular,jul,wed,510,3,999,0,nonexistent,1.4,93.918,-42.7,4.957,5228.1,no,0.08472238239757207
41,blue-collar,married,basic.6y,no,yes,no,telephone,may,wed,115,1,999,0,nonexistent,1.1,93.994,-36.4,4.857,5191.0,no,0.08471843702579665
43,admin.,married,high.school,unknown,yes,no,cellular,jun,mon,288,1,999,0,nonexistent,-2.9,92.963,-40.8,1.266,5076.2,no,0.08462783112562455
29,student,single,high.school,no,yes,no,cellular,nov,thu,670,1,999,0,nonexistent,-0.1,93.2,-42.0,4.076,5195.8,yes,0.08456574742051098
35,blue-collar,married,high.school,no,no,no,cellular,may,tue,180,2,999,0,nonexistent,-1.8,92.893,-46.2,1.291,5099.1,no,0.08449203839022794
33,management,married,university.degree,unknown,yes,yes,cellular,apr,tue,258,8,999,0,nonexistent,-1.8,93.075,-47.1,1.423,5099.1,no,0.08443535660091048
43,technician,married,professional.course,no,yes,no,cellular,may,mon,618,1,999,1,failure,-1.8,92.893,-46.2,1.244,5099.1,yes,0.08433604264644778
34,blue-collar,married,basic.9y,no,no,no,cellular,may,tue,169,1,999,0,nonexistent,-1.8,92.893,-46.2,1.344,5099.1,no,0.0843245273762027
39,management,single,university.degree,unknown,no,no,cellular,apr,thu,370,1,999,1,failure,-1.8,93.075,-47.1,1.41,5099.1,no,0.08421065662275369
37,technician,single,high.school,no,yes,no,cellular,apr,thu,44,2,999,0,nonexistent,-1.8,93.075,-47.1,1.41,5099.1,no,0.08420890166076203
39,admin.,married,university.degree,no,yes,no,cellular,nov,wed,59,1,999,0,nonexistent,-0.1,93.2,-42.0,4.12,5195.8,no,0.08398197152427685
30,services,married,high.school,no,yes,no,cellular,jul,fri,812,1,999,0,nonexistent,1.4,93.918,-42.7,4.963,5228.1,yes,0.08392772453308743
33,admin.,single,high.school,no,yes,no,cellular,nov,thu,172,2,999,0,nonexistent,-0.1,93.2,-42.0,4.076,5195.8,no,0.08371401989544033
31,admin.,married,university.degree,no,yes,no,cellular,may,mon,443,1,999,1,failure,-1.8,92.893,-46.2,1.299,5099.1,no,0.08360884341863091
25,management,married,basic.6y,no,no,no,cellular,jul,wed,192,2,999,0,nonexistent,1.4,93.918,-42.7,4.957,5228.1,no,0.08353441990769646
56,technician,married,professional.course,unknown,no,yes,telephone,jun,fri,168,4,999,0,nonexistent,1.4,94.465,-41.8,4.967,5228.1,no,0.0833255129499957
36,services,single,high.school,no,yes,no,cellular,may,wed,66,4,999,0,nonexistent,-1.8,92.893,-46.2,1.281,5099.1,no,0.08296510821061664
37,blue-collar,single,basic.6y,no,yes,yes,cellular,jul,mon,305,1,999,0,nonexistent,1.4,93.918,-42.7,4.96,5228.1,no,0.0825
32,admin.,single,university.degree,no,no,no,telephone,nov,mon,1239,1,999,0,nonexistent,-0.1,93.2,-42.0,4.406,5195.8,no,0.0825
31,housemaid,married,basic.6y,no,no,no,cellular,aug,thu,136,1,999,0,nonexistent,1.4,93.444,-36.1,4.964,5228.1,no,0.0825
43,entrepreneur,married,high.school,no,no,no,telephone,jun,thu,1141,6,999,0,nonexistent,1.4,94.465,-41.8,4.958,5228.1,yes,0.0825
43,admin.,single,high.school,no,yes,yes,cellular,jul,tue,54,2,999,0,nonexistent,1.4,93.918,-42.7,4.962,5228.1,no,0.0825
37,admin.,single,university.degree,no,yes,no,telephone,jun,thu,93,8,999,0,nonexistent,1.4,94.465,-41.8,4.958,5228.1,no,0.0825
54,admin.,single,university.degree,unknown,no,no,cellular,aug,thu,218,2,999,0,nonexistent,1.4,93.444,-36.1,4.968,5228.1,no,0.0825
45,self-employed,divorced,professional.course,no,yes,no,telephone,aug,mon,5,1,999,1,failure,-1.7,94.027,-38.3,0.891,4991.6,no,0.0825
27,student,single,university.degree,no,yes,no,cellular,oct,fri,161,1,999,3,failure,-1.1,94.601,-49.5,0.942,4963.6,no,0.0825
38,self-employed,married,university.degree,unknown,no,no,telephone,jun,mon,96,10,999,0,nonexistent,1.4,94.465,-41.8,4.961,5228.1,no,0.0825
60,admin.,single,high.school,no,no,yes,telephone,may,tue,474,2,999,0,nonexistent,1.1,93.994,-36.4,4.856,5191.0,no,0.0825
38,blue-collar,married,basic.6y,no,no,no,telephone,jun,mon,144,2,999,0,nonexistent,1.4,94.465,-41.8,4.865,5228.1,no,0.0825
51,management,married,professional.course,unknown,yes,no,telephone,may,tue,141,2,999,0,nonexistent,1.1,93.994,-36.4,4.857,5191.0,no,0.0825
48,entrepreneur,married,high.school,no,yes,no,telephone,may,mon,76,2,999,0,nonexistent,1.1,93.994,-36.4,4.857,5191.0,no,0.0825
31,blue-collar,married,basic.9y,unknown,no,no,telephone,may,thu,173,1,999,0,nonexistent,1.1,93.994,-36.4,4.86,5191.0,no,0.0825
31,admin.,married,university.degree,no,yes,no,cellular,may,tue,309,1,999,0,nonexistent,-1.8,92.893,-46.2,1.266,5099.1,no,0.0825
47,blue-collar,married,basic.6y,unknown,yes,no,cellular,aug,wed,55,2,999,0,nonexistent,1.4,93.444,-36.1,4.967,5228.1,no,0.0825
43,admin.,divorced,high.school,no,yes,no,cellular,jul,mon,329,2,999,0,nonexistent,1.4,93.918,-42.7,4.962,5228.1,no,0.0825
45,admin.,married,unknown,unknown,yes,yes,cellular,aug,thu,105,3,999,0,nonexistent,1.4,93.444,-36.1,4.962,5228.1,no,0.0825
38,admin.,married,university.degree,no,no,no,cellular,aug,tue,85,5,999,0,nonexistent,1.4,93.444,-36.1,4.965,5228.1,no,0.0825
52,technician,married,high.school,no,yes,no,telephone,may,mon,503,2,999,0,nonexistent,1.1,93.994,-36.4,4.857,5191.0,no,0.0825
30,blue-collar,single,basic.6y,no,yes,no,telephone,jul,tue,135,5,999,0,nonexistent,1.4,93.918,-42.7,4.961,5228.1,no,0.0825
35,services,married,basic.9y,unknown,yes,no,cellular,apr,mon,201,3,999,0,nonexistent,-1.8,93.075,-47.1,1.405,5099.1,no,0.0825
56,management,married,university.degree,no,no,no,cellular,nov,wed,266,2,999,0,nonexistent,-0.1,93.2,-42.0,4.12,5195.8,no,0.0825
56,admin.,married,university.degree,unknown,yes,no,cellular,aug,wed,66,4,999,0,nonexistent,1.4,93.444,-36.1,4.964,5228.1,no,0.0825
50,management,married,professional.course,no,unknown,unknown,cellular,jul,thu,230,2,999,0,nonexistent,1.4,93.918,-42.7,4.962,5228.1,no,0.0825
31,technician,married,university.degree,no,yes,no,telephone,may,mon,45,4,999,0,nonexistent,-1.8,92.893,-46.2,1.244,5099.1,no,0.0825
34,technician,single,university.degree,no,no,no,cellular,jul,tue,120,3,999,0,nonexistent,1.4,93.918,-42.7,4.962,5228.1,no,0.0825
52,blue-collar,married,basic.4y,unknown,yes,no,telephone,jun,thu,159,2,999,0,nonexistent,1.4,94.465,-41.8,4.958,5228.1,no,0.0825
41,admin.,single,high.school,no,yes,no,telephone,may,tue,214,1,999,0,nonexistent,1.1,93.994,-36.4,4.856,5191.0,no,0.0825
31,blue-collar,married,basic.9y,no,no,no,telephone,may,tue,33,6,999,0,nonexistent,1.1,93.994,-36.4,4.857,5191.0,no,0.0825
31,admin.,married,university.degree,no,yes,no,cellular,may,tue,1078,1,999,0,nonexistent,-1.8,92.893,-46.2,1.266,5099.1,yes,0.0825
50,blue-collar,married,basic.4y,unknown,no,no,cellular,aug,wed,157,2,999,0,nonexistent,1.4,93.444,-36.1,4.964,5228.1,no,0.0825
31,blue-collar,single,basic.9y,no,yes,yes,cellular,apr,mon,218,1,999,0,nonexistent,-1.8,93.075,-47.1,1.405,5099.1,no,0.0825
46,technician,divorced,basic.9y,no,yes,no,telephone,may,thu,128,2,999,0,nonexistent,1.1,93.994,-36.4,4.855,5191.0,no,0.0825
52,blue-collar,married,basic.9y,no,no,no,cellular,jul,mon,116,6,999,0,nonexistent,1.4,93.918,-42.7,4.96,5228.1,no,0.0825
31,admin.,single,university.degree,no,no,no,telephone,may,wed,89,2,999,0,nonexistent,1.1,93.994,-36.4,4.859,5191.0,no,0.0825
30,admin.,married,high.school,no,yes,no,cellular,may,mon,27,7,999,0,nonexistent,-1.8,92.893,-46.2,1.299,5099.1,no,0.0825
29,entrepreneur,married,basic.4y,no,no,no,cellular,jul,tue,103,4,999,0,nonexistent,1.4,93.918,-42.7,4.961,5228.1,no,0.0825
28,admin.,single,high.school,no,no,yes,cellular,jul,fri,63,12,999,0,nonexistent,1.4,93.918,-42.7,4.962,5228.1,no,0.0825
31,blue-collar,single,high.school,no,no,no,telephone,nov,wed,201,1,999,0,nonexistent,-0.1,93.2,-42.0,4.12,5195.8,no,0.0825
50,management,married,university.degree,no,yes,no,telephone,jun,wed,300,1,999,0,nonexistent,1.4,94.465,-41.8,4.962,5228.1,no,0.0825
33,technician,divorced,professional.course,no,no,yes,cellular,aug,mon,68,1,999,0,nonexistent,1.4,93.444,-36.1,4.97,5228.1,no,0.0823525205290138
39,services,divorced,professional.course,no,yes,yes,cellular,may,tue,227,1,999,0,nonexistent,-1.8,92.893,-46.2,1.344,5099.1,no,0.0823058430981031
36,admin.,single,basic.9y,no,yes,no,cellular,may,tue,458,1,999,0,nonexistent,-1.8,92.893,-46.2,1.291,5099.1,yes,0.08222860394537179
58,retired,married,professional.course,unknown,no,no,cellular,nov,fri,120,2,999,0,nonexistent,-0.1,93.2,-42.0,4.021,5195.8,no,0.08222086494688924
39,technician,married,professional.course,no,no,no,cellular,aug,wed,458,1,999,0,nonexistent,1.4,93.444,-36.1,4.965,5228.1,no,0.08221433990895295
53,blue-collar,divorced,unknown,no,no,no,cellular,may,wed,390,1,999,0,nonexistent,-1.8,92.893,-46.2,1.281,5099.1,no,0.08221358118361152
24,blue-collar,married,professional.course,unknown,no,no,cellular,apr,thu,348,2,999,0,nonexistent,-1.8,93.075,-47.1,1.41,5099.1,no,0.08201090069038766
43,blue-collar,single,basic.6y,no,yes,no,telephone,nov,wed,401,1,999,0,nonexistent,-0.1,93.2,-42.0,4.12,5195.8,no,0.08198323718297594
55,services,divorced,professional.course,no,no,no,cellular,apr,mon,88,1,999,1,failure,-1.8,93.075,-47.1,1.392,5099.1,no,0.08193292867981791
60,retired,married,university.degree,unknown,no,no,cellular,aug,mon,144,1,999,0,nonexistent,1.4,93.444,-36.1,4.97,5228.1,no,0.08171131167479131
45,admin.,married,high.school,no,yes,no,cellular,aug,thu,41,1,999,0,nonexistent,1.4,93.444,-36.1,4.964,5228.1,no,0.08165287144879983
32,admin.,single,high.school,no,yes,no,cellular,aug,tue,195,2,999,0,nonexistent,1.4,93.444,-36.1,4.968,5228.1,no,0.08157189409138459
23,services,single,high.school,no,no,no,telephone,jul,mon,821,3,999,0,nonexistent,1.4,93.918,-42.7,4.962,5228.1,no,0.08068085099007266
32,self-employed,single,university.degree,no,no,no,cellular,apr,thu,394,1,999,0,nonexistent,-1.8,93.075,-47.1,1.435,5099.1,yes,0.08052537121708384
34,unemployed,married,high.school,no,yes,yes,cellular,jul,thu,118,1,999,0,nonexistent,1.4,93.918,-42.7,4.968,5228.1,no,0.08001889232191405
29,admin.,married,university.degree,no,no,yes,cellular,aug,fri,14,5,999,0,nonexistent,1.4,93.444,-36.1,4.966,5228.1,no,0.08
34,blue-collar,single,high.school,no,no,no,cellular,apr,tue,259,2,999,2,failure,-1.8,93.075,-47.1,1.423,5099.1,no,0.08
32,self-employed,single,professional.course,unknown,no,no,cellular,may,thu,561,3,999,0,nonexistent,-1.8,92.893,-46.2,1.266,5099.1,yes,0.08
59,entrepreneur,married,basic.9y,no,yes,yes,telephone,may,wed,429,10,999,0,nonexistent,1.1,93.994,-36.4,4.857,5191.0,no,0.08
38,admin.,single,university.degree,no,yes,no,cellular,nov,thu,95,2,999,0,nonexistent,-0.1,93.2,-42.0,4.076,5195.8,no,0.08
30,blue-collar,married,basic.9y,no,no,yes,telephone,may,mon,535,6,999,0,nonexistent,1.1,93.994,-36.4,4.857,5191.0,no,0.08
27,blue-collar,divorced,unknown,no,no,no,cellular,jul,thu,536,5,999,0,nonexistent,1.4,93.918,-42.7,4.958,5228.1,no,0.08
25,student,single,unknown,unknown,no,no,cellular,aug,fri,248,1,999,0,nonexistent,-2.9,92.201,-31.4,0.825,5076.2,no,0.08
39,unemployed,married,university.degree,no,yes,no,telephone,jun,mon,108,4,999,0,nonexistent,1.4,94.465,-41.8,4.865,5228.1,no,0.08
57,admin.,married,basic.9y,no,no,no,cellular,may,thu,563,1,999,0,nonexistent,-1.8,92.893,-46.2,1.266,5099.1,yes,0.08
40,admin.,married,university.degree,no,yes,no,telephone,jun,fri,66,3,999,0,nonexistent,1.4,94.465,-41.8,4.967,5228.1,no,0.08
37,services,married,high.school,no,yes,no,telephone,may,thu,58,2,999,0,nonexistent,1.1,93.994,-36.4,4.86,5191.0,no,0.08
51,blue-collar,married,basic.9y,unknown,no,no,cellular,apr,fri,541,2,999,1,failure,-1.8,93.075,-47.1,1.405,5099.1,no,0.08
34,admin.,married,high.school,no,yes,yes,cellular,jul,mon,193,1,999,0,nonexistent,1.4,93.918,-42.7,4.96,5228.1,no,0.08
37,blue-collar,married,basic.6y,no,no,yes,cellular,may,wed,158,5,999,0,nonexistent,-1.8,92.893,-46.2,1.281,5099.1,no,0.08
27,admin.,married,university.degree,no,no,yes,cellular,jul,fri,979,2,999,0,nonexistent,1.4,93.918,-42.7,4.962,5228.1,yes,0.08
30,admin.,single,high.school,no,yes,no,cellular,jul,tue,443,1,999,0,nonexistent,1.4,93.918,-42.7,4.962,5228.1,no,0.08
37,services,married,high.school,no,yes,yes,cellular,may,thu,436,3,999,0,nonexistent,-1.8,92.893,-46.2,1.266,5099.1,no,0.08
45,technician,divorced,university.degree,no,yes,yes,cellular,may,thu,252,2,999,0,nonexistent,-1.8,92.893,-46.2,1.327,5099.1,no,0.08
33,entrepreneur,single,high.school,no,yes,yes,cellular,may,wed,328,2,999,0,nonexistent,-1.8,92.893,-46.2,1.334,5099.1,no,0.08
49,management,married,university.degree,unknown,yes,no,telephone,jul,mon,182,12,999,0,nonexistent,1.4,93.918,-42.7,4.962,5228.1,no,0.08
39,blue-collar,married,basic.9y,no,no,yes,telephone,jun,tue,110,1,999,0,nonexistent,1.4,94.465,-41.8,4.961,5228.1,no,0.08
32,blue-collar,divorced,basic.9y,no,yes,no,telephone,may,tue,179,4,999,0,nonexistent,-1.8,92.893,-46.2,1.291,5099.1,no,0.08
33,blue-collar,married,basic.9y,unknown,no,yes,telephone,jun,tue,321,1,999,0,nonexistent,1.4,94.465,-41.8,4.961,5228.1,no,0.08
33,blue-collar,married,basic.6y,no,yes,no,cellular,may,thu,375,1,999,0,nonexistent,-1.8,92.893,-46.2,1.327,5099.1,no,0.08
42,admin.,divorced,university.degree,no,yes,no,cellular,aug,mon,91,5,999,0,nonexistent,1.4,93.444,-36.1,4.965,5228.1,no,0.08
20,blue-collar,married,basic.4y,no,no,yes,cellular,jul,tue,285,1,999,0,nonexistent,1.4,93.918,-42.7,4.962,5228.1,no,0.08
55,admin.,married,basic.9y,no,yes,yes,cellular,nov,thu,430,2,999,0,nonexistent,-0.1,93.2,-42.0,4.076,5195.8,no,0.08
39,technician,divorced,professional.course,no,yes,no,cellular,may,fri,128,2,999,1,failure,-1.8,92.893,-46.2,1.25,5099.1,no,0.08
30,blue-collar,married,basic.6y,no,yes,no,telephone,may,mon,544,3,999,0,nonexistent,-1.8,92.893,-46.2,1.299,5099.1,no,0.08
60,retired,married,basic.6y,no,no,no,cellular,aug,mon,79,1,999,0,nonexistent,1.4,93.444,-36.1,4.97,5228.1,no,0.08
35,student,single,university.degree,unknown,no,no,telephone,jun,thu,618,1,999,0,nonexistent,1.4,94.465,-41.8,4.961,5228.1,yes,0.08
26,blue-collar,single,basic.9y,no,yes,yes,cellular,jul,mon,151,2,999,0,nonexistent,1.4,93.918,-42.7,4.96,5228.1,no,0.08
32,technician,married,unknown,no,yes,no,cellular,jul,fri,107,2,999,0,nonexistent,1.4,93.918,-42.7,4.963,5228.1,no,0.08
55,entrepreneur,divorced,university.degree,no,yes,yes,telephone,may,mon,86,7,999,0,nonexistent,1.1,93.994,-36.4,4.858,5191.0,no,0.08
32,management,single,university.degree,no,no,yes,cellular,nov,wed,541,1,999,0,nonexistent,-0.1,93.2,-42.0,4.12,5195.8,no,0.07993155393509238
59,retired,married,basic.9y,no,no,no,cellular,jul,mon,551,4,999,0,nonexistent,1.4,93.918,-42.7,4.962,5228.1,no,0.07990100550242368
33,admin.,single,university.degree,unknown,no,no,cellular,apr,mon,73,4,999,0,nonexistent,-1.8,93.075,-47.1,1.405,5099.1,no,0.07990044561917037
36,admin.,single,university.degree,no,no,no,cellular,nov,thu,642,2,999,0,nonexistent,-0.1,93.2,-42.0,4.076,5195.8,no,0.07985137133854217
28,technician,single,university.degree,no,no,no,cellular,jul,fri,453,3,999,0,nonexistent,1.4,93.918,-42.7,4.957,5228.1,no,0.07984902730622556
43,management,married,university.degree,unknown,no,no,cellular,apr,thu,176,1,999,0,nonexistent,-1.8,93.075,-47.1,1.41,5099.1,no,0.07977252618335148
30,blue-collar,married,professional.course,no,no,no,cellular,may,fri,1357,4,999,1,failure,-1.8,92.893,-46.2,1.25,5099.1,yes,0.07971972685887709
28,self-employed,single,high.school,no,no,no,cellular,jul,thu,63,6,999,0,nonexistent,1.4,93.918,-42.7,4.958,5228.1,no,0.07961762863912719
33,management,single,high.school,no,no,no,telephone,jun,thu,15,1,999,0,nonexistent,-1.7,94.055,-39.8,0.742,4991.6,no,0.07948421339139902
42,services,married,high.school,no,no,no,cellular,may,wed,185,4,999,0,nonexistent,-1.8,92.893,-46.2,1.281,5099.1,no,0.07945869364427426
32,blue-collar,married,basic.4y,no,yes,no,cellular,may,fri,460,3,999,0,nonexistent,-1.8,92.893,-46.2,1.25,5099.1,no,0.07944127465857359
31,unemployed,single,high.school,no,yes,no,cellular,jul,wed,255,1,999,0,nonexistent,1.4,93.918,-42.7,4.957,5228.1,no,0.07931916794471511
36,admin.,divorced,high.school,no,yes,yes,cellular,jul,wed,148,2,999,0,nonexistent,1.4,93.918,-42.7,4.962,5228.1,no,0.07928236871535942
27,admin.,married,high.school,no,yes,no,telephone,jul,wed,202,6,999,0,nonexistent,1.4,93.918,-42.7,4.957,5228.1,no,0.0791580093453704
40,services,single,high.school,no,yes,no,cellular,may,tue,143,4,999,0,nonexistent,-1.8,92.893,-46.2,1.291,5099.1,no,0.07899325442892927
55,management,divorced,university.degree,no,yes,no,cellular,apr,mon,232,3,999,0,nonexistent,-1.8,93.075,-47.1,1.466,5099.1,no,0.07890096169536744
33,technician,single,high.school,no,yes,no,cellular,jul,thu,209,1,999,0,nonexistent,1.4,93.918,-42.7,4.962,5228.1,no,0.07878021028378568
21,blue-collar,married,basic.9y,no,yes,no,cellular,jul,wed,281,1,999,0,nonexistent,1.4,93.918,-42.7,4.963,5228.1,no,0.07877130846233812
54,retired,married,high.school,no,yes,no,cellular,jul,thu,154,1,999,0,nonexistent,1.4,93.918,-42.7,4.963,5228.1,no,0.07846591626231335
36,admin.,married,university.degree,no,no,no,cellular,aug,fri,296,3,999,0,nonexistent,1.4,93.444,-36.1,4.964,5228.1,no,0.07837016375078174
30,entrepreneur,single,university.degree,no,no,no,cellular,jul,thu,361,2,999,0,nonexistent,1.4,93.918,-42.7,4.963,5228.1,no,0.07823911922810675
53,self-employed,married,university.degree,unknown,yes,no,cellular,nov,wed,70,4,999,0,nonexistent,-0.1,93.2,-42.0,4.12,5195.8,no,0.07818585663191184
31,blue-collar,married,basic.9y,no,yes,no,cellular,apr,mon,19,6,999,0,nonexistent,-1.8,93.075,-47.1,1.405,5099.1,no,0.0775
37,unemployed,married,professional.course,unknown,yes,yes,telephone,jun,thu,135,1,999,0,nonexistent,1.4,94.465,-41.8,4.961,5228.1,no,0.0775
42,blue-collar,single,unknown,no,no,no,cellular,apr,fri,54,2,999,0,nonexistent,-1.8,93.075,-47.1,1.405,5099.1,no,0.0775
39,blue-collar,single,basic.9y,no,no,no,cellular,apr,thu,311,2,999,0,nonexistent,-1.8,93.075,-47.1,1.483,5099.1,no,0.0775
49,services,married,high.school,no,yes,yes,telephone,may,fri,108,1,999,0,nonexistent,1.1,93.994,-36.4,4.864,5191.0,no,0.0775
45,admin.,married,university.degree,no,yes,no,cellular,may,fri,259,1,999,0,nonexistent,-1.8,92.893,-46.2,1.25,5099.1,no,0.0775
52,entrepreneur,divorced,university.degree,unknown,yes,no,telephone,apr,mon,70,4,999,0,nonexistent,-1.8,93.075,-47.1,1.405,5099.1,no,0.0775
33,admin.,married,university.degree,no,yes,yes,cellular,may,wed,44,1,999,1,failure,-1.8,92.893,-46.2,1.281,5099.1,no,0.0775
47,admin.,divorced,university.degree,unknown,no,no,cellular,may,wed,130,2,999,0,nonexistent,-1.8,92.893,-46.2,1.281,5099.1,no,0.0775
43,blue-collar,married,basic.9y,no,yes,yes,cellular,may,tue,317,2,999,0,nonexistent,-1.8,92.893,-46.2,1.291,5099.1,no,0.0775
56,admin.,married,basic.9y,unknown,no,yes,cellular,aug,thu,59,3,999,0,nonexistent,1.4,93.444,-36.1,4.963,5228.1,no,0.0775
58,retired,married,high.school,no,yes,no,cellular,nov,mon,49,1,999,0,nonexistent,-0.1,93.2,-42.0,4.191,5195.8,no,0.0775
43,admin.,divorced,high.school,no,yes,no,telephone,may,thu,177,3,999,0,nonexistent,1.1,93.994,-36.4,4.855,5191.0,no,0.0775
40,admin.,single,professional.course,no,yes,no,cellular,may,tue,43,1,999,1,failure,-1.8,92.893,-46.2,1.344,5099.1,no,0.0775
39,admin.,married,university.degree,no,no,no,telephone,jun,tue,979,9,999,0,nonexistent,1.4,94.465,-41.8,4.961,5228.1,no,0.0775
29,admin.,single,high.school,no,yes,no,telephone,jun,thu,63,2,999,0,nonexistent,1.4,94.465,-41.8,4.961,5228.1,no,0.0775
29,admin.,single,university.degree,no,yes,no,telephone,may,wed,1273,1,999,0,nonexistent,1.1,93.994,-36.4,4.856,5191.0,no,0.0775
57,housemaid,married,basic.4y,no,no,no,cellular,nov,fri,216,1,999,0,nonexistent,-0.1,93.2,-42.0,4.021,5195.8,no,0.0775
59,blue-collar,married,basic.9y,no,no,no,cellular,may,tue,690,1,999,0,nonexistent,-1.8,92.893,-46.2,1.291,5099.1,yes,0.0775
48,blue-collar,married,basic.4y,no,unknown,unknown,telephone,jul,mon,360,3,999,0,nonexistent,1.4,93.918,-42.7,4.96,5228.1,no,0.0775
45,blue-collar,married,basic.9y,no,unknown,unknown,cellular,apr,fri,182,2,999,0,nonexistent,-1.8,93.075,-47.1,1.405,5099.1,no,0.0775
32,blue-collar,single,basic.9y,no,yes,no,cellular,may,fri,11,8,999,0,nonexistent,-1.8,92.893,-46.2,1.25,5099.1,no,0.0775
34,blue-collar,married,basic.4y,no,yes,yes,cellular,may,wed,338,4,999,0,nonexistent,-1.8,92.893,-46.2,1.334,5099.1,no,0.0775
40,technician,single,professional.course,no,yes,no,telephone,jun,mon,123,4,999,0,nonexistent,1.4,94.465,-41.8,4.865,5228.1,no,0.0775
32,entrepreneur,married,university.degree,no,unknown,unknown,cellular,may,fri,416,1,999,0,nonexistent,-1.8,92.893,-46.2,1.25,5099.1,yes,0.0775
52,retired,married,basic.4y,unknown,unknown,unknown,cellular,jul,thu,143,4,999,0,nonexistent,1.4,93.918,-42.7,4.962,5228.1,no,0.0775
24,technician,single,professional.course,no,yes,no,cellular,apr,mon,200,3,999,1,failure,-1.8,93.075,-47.1,1.405,5099.1,no,0.0775
58,self-employed,married,university.degree,no,no,no,cellular,nov,wed,106,1,999,0,nonexistent,-3.4,92.649,-30.1,0.716,5017.5,no,0.0775
40,housemaid,married,high.school,unknown,yes,no,telephone,jun,mon,100,7,999,0,nonexistent,1.4,94.465,-41.8,4.961,5228.1,no,0.0775
31,admin.,divorced,high.school,no,yes,no,cellular,may,thu,66,2,999,1,failure,-1.8,92.893,-46.2,1.266,5099.1,no,0.0775
46,blue-collar,married,basic.4y,unknown,yes,no,cellular,may,fri,124,3,999,0,nonexistent,-1.8,92.893,-46.2,1.25,5099.1,no,0.0775
43,technician,divorced,professional.course,no,no,no,telephone,may,thu,644,1,999,0,nonexistent,1.1,93.994,-36.4,4.86,5191.0,no,0.0775
23,blue-collar,single,high.school,no,yes,no,cellular,may,mon,158,1,999,1,failure,-1.8,92.893,-46.2,1.244,5099.1,no,0.0775
47,technician,married,high.school,no,yes,no,cellular,apr,fri,148,2,999,0,nonexistent,-1.8,93.075,-47.1,1.479,5099.1,no,0.0775
28,technician,married,university.degree,no,yes,yes,cellular,may,thu,175,3,999,0,nonexistent,-1.8,92.893,-46.2,1.266,5099.1,no,0.0775
35,admin.,married,basic.9y,no,no,yes,telephone,jun,mon,271,3,999,0,nonexistent,1.4,94.465,-41.8,4.961,5228.1,no,0.0775
38,unemployed,divorced,high.school,unknown,yes,no,cellular,may,thu,43,3,999,0,nonexistent,-1.8,92.893,-46.2,1.327,5099.1,no,0.0775
23,admin.,single,professional.course,no,no,yes,cellular,jul,wed,190,1,999,0,nonexistent,1.4,93.918,-42.7,4.963,5228.1,no,0.0775
51,admin.,divorced,high.school,no,yes,no,telephone,sep,fri,19,1,999,0,nonexistent,-1.1,94.199,-37.5,0.879,4963.6,no,0.0775
30,technician,married,university.degree,unknown,no,no,telephone,jun,thu,189,1,999,0,nonexistent,1.4,94.465,-41.8,4.866,5228.1,no,0.0775
52,blue-collar,married,basic.4y,no,yes,no,telephone,may,mon,253,2,999,0,nonexistent,1.1,93.994,-36.4,4.857,5191.0,no,0.0775
47,retired,divorced,university.degree,no,no,no,cellular,may,tue,175,2,999,0,nonexistent,-1.8,92.893,-46.2,1.266,5099.1,no,0.0775
33,services,married,high.school,no,yes,no,telephone,may,fri,263,5,999,0,nonexistent,1.1,93.994,-36.4,4.855,5191.0,no,0.0775
30,management,single,high.school,no,no,yes,cellular,nov,tue,117,2,999,0,nonexistent,-0.1,93.2,-42.0,4.153,5195.8,no,0.0775
40,blue-collar,married,basic.6y,no,yes,no,telephone,jun,tue,5,1,999,0,nonexistent,-1.7,94.055,-39.8,0.702,4991.6,no,0.0775
50,blue-collar,married,basic.4y,no,no,no,cellular,apr,mon,246,2,999,0,nonexistent,-1.8,93.075,-47.1,1.405,5099.1,no,0.0775
60,management,married,university.degree,unknown,yes,no,cellular,jul,thu,212,1,999,0,nonexistent,1.4,93.918,-42.7,4.963,5228.1,no,0.0775
28,technician,single,basic.9y,no,yes,no,cellular,may,tue,409,1,999,0,nonexistent,-1.8,92.893,-46.2,1.291,5099.1,yes,0.0775
26,admin.,single,high.school,no,no,no,telephone,jun,tue,56,3,999,0,nonexistent,1.4,94.465,-41.8,4.958,5228.1,no,0.0775
33,services,single,basic.9y,no,no,yes,telephone,may,fri,426,9,999,0,nonexistent,1.1,93.994,-36.4,4.857,5191.0,no,0.0775
36,admin.,single,university.degree,no,no,no,cellular,nov,thu,228,1,999,0,nonexistent,-0.1,93.2,-42.0,4.076,5195.8,no,0.07748338093947807
55,blue-collar,married,basic.4y,no,yes,no,telephone,aug,mon,94,1,999,0,nonexistent,1.4,93.444,-36.1,4.97,5228.1,no,0.07734445519019988
35,management,single,university.degree,no,no,yes,cellular,nov,mon,214,1,999,0,nonexistent,-0.1,93.2,-42.0,4.191,5195.8,no,0.07721487101669196
38,services,married,high.school,no,no,no,cellular,jul,thu,81,1,999,0,nonexistent,1.4,93.918,-42.7,4.968,5228.1,no,0.07715063985069341
26,admin.,single,university.degree,no,yes,no,cellular,may,mon,57,1,999,0,nonexistent,-1.8,92.893,-46.2,1.299,5099.1,no,0.07703684982625587
31,blue-collar,married,basic.6y,unknown,no,no,cellular,may,wed,188,1,999,1,failure,-1.8,92.893,-46.2,1.334,5099.1,no,0.07699387632634135
26,admin.,single,university.degree,no,yes,no,cellular,may,thu,400,2,999,0,nonexistent,-1.8,92.893,-46.2,1.266,5099.1,no,0.07698299319727891
29,technician,single,high.school,no,yes,no,cellular,nov,tue,127,1,999,0,nonexistent,-0.1,93.2,-42.0,4.153,5195.8,no,0.07696486085585547
23,blue-collar,single,high.school,no,no,no,cellular,jul,thu,228,1,999,0,nonexistent,1.4,93.918,-42.7,4.963,5228.1,no,0.07693224582701062
37,admin.,single,university.degree,no,no,no,cellular,aug,fri,62,1,999,0,nonexistent,1.4,93.444,-36.1,4.966,5228.1,no,0.07684054721706389
31,admin.,single,high.school,unknown,yes,no,cellular,aug,tue,82,3,999,0,nonexistent,1.4,93.444,-36.1,4.963,5228.1,no,0.07683279640315804
36,admin.,married,university.degree,no,no,no,telephone,jun,mon,199,1,999,0,nonexistent,1.4,94.465,-41.8,4.961,5228.1,no,0.07681044731758062
29,technician,single,professional.course,unknown,no,no,cellular,nov,thu,308,1,999,0,nonexistent,-0.1,93.2,-42.0,4.076,5195.8,no,0.07665901392570229
34,admin.,married,university.degree,unknown,no,no,cellular,jul,wed,183,1,999,0,nonexistent,1.4,93.918,-42.7,4.963,5228.1,no,0.07664356385114131
29,services,single,basic.9y,unknown,yes,no,cellular,apr,thu,105,2,999,0,nonexistent,-1.8,93.075,-47.1,1.41,5099.1,no,0.07655252819534918
30,services,married,high.school,no,yes,no,cellular,jul,mon,559,4,999,0,nonexistent,1.4,93.918,-42.7,4.96,5228.1,no,0.07635603197532395
31,blue-collar,married,basic.6y,no,no,no,cellular,aug,tue,132,1,999,0,nonexistent,1.4,93.444,-36.1,4.966,5228.1,no,0.07622158898099068
28,student,married,university.degree,unknown,no,no,cellular,apr,fri,224,1,999,1,failure,-1.8,93.075,-47.1,1.405,5099.1,no,0.0761580861148596
29,admin.,married,high.school,no,yes,no,cellular,jul,tue,681,1,999,0,nonexistent,1.4,93.918,-42.7,4.962,5228.1,yes,0.07592404068958587
39,blue-collar,married,basic.6y,unknown,no,no,cellular,may,tue,132,1,999,0,nonexistent,-1.8,92.893,-46.2,1.344,5099.1,no,0.07555853505440395
32,technician,married,professional.course,no,yes,no,cellular,aug,tue,133,2,999,0,nonexistent,1.4,93.444,-36.1,4.968,5228.1,no,0.07544709027213817
57,entrepreneur,married,unknown,unknown,no,no,cellular,jul,thu,384,4,999,0,nonexistent,1.4,93.918,-42.7,4.958,5228.1,no,0.07506568192373121
40,technician,divorced,professional.course,no,yes,no,cellular,aug,tue,109,8,999,0,nonexistent,1.4,93.444,-36.1,4.965,5228.1,no,0.075
45,services,married,professional.course,no,yes,no,cellular,jul,mon,19,23,999,0,nonexistent,1.4,93.918,-42.7,4.962,5228.1,no,0.075
32,self-employed,divorced,professional.course,no,no,no,telephone,may,thu,242,1,999,0,nonexistent,1.1,93.994,-36.4,4.855,5191.0,no,0.075
31,blue-collar,single,high.school,no,no,no,cellular,nov,wed,145,1,999,0,nonexistent,-0.1,93.2,-42.0,4.12,5195.8,no,0.075
36,admin.,married,high.school,unknown,yes,no,cellular,may,mon,1434,2,999,1,failure,-1.8,92.893,-46.2,1.244,5099.1,no,0.075
48,admin.,divorced,high.school,no,yes,yes,telephone,jun,thu,1011,2,999,0,nonexistent,1.4,94.465,-41.8,4.866,5228.1,no,0.075
33,admin.,married,university.degree,no,no,no,telephone,may,fri,724,1,999,0,nonexistent,1.1,93.994,-36.4,4.864,5191.0,no,0.075
38,management,married,unknown,no,no,no,telephone,may,mon,610,1,999,0,nonexistent,1.1,93.994,-36.4,4.858,5191.0,no,0.075
48,admin.,divorced,high.school,no,no,no,cellular,nov,thu,330,3,999,0,nonexistent,-0.1,93.2,-42.0,4.076,5195.8,no,0.075
42,admin.,married,university.degree,no,no,no,cellular,jul,wed,1331,3,999,0,nonexistent,1.4,93.918,-42.7,4.963,5228.1,no,0.075
46,retired,married,basic.4y,no,yes,no,telephone,jun,mon,550,3,999,0,nonexistent,1.4,94.465,-41.8,4.865,5228.1,no,0.075
33,admin.,single,university.degree,no,yes,yes,cellular,aug,thu,66,6,999,0,nonexistent,1.4,93.444,-36.1,4.962,5228.1,no,0.075
44,housemaid,married,high.school,no,yes,yes,cellular,jul,mon,118,1,999,0,nonexistent,1.4,93.918,-42.7,4.96,5228.1,no,0.075
39,services,single,university.degree,unknown,yes,no,cellular,nov,thu,43,3,999,0,nonexistent,-0.1,93.2,-42.0,4.076,5195.8,no,0.075
36,technician,single,university.degree,no,no,no,cellular,aug,fri,148,5,999,0,nonexistent,1.4,93.444,-36.1,4.964,5228.1,no,0.075
50,housemaid,single,unknown,no,yes,no,telephone,may,tue,473,1,999,0,nonexistent,1.1,93.994,-36.4,4.856,5191.0,no,0.075
31,management,married,university.degree,unknown,no,no,cellular,apr,mon,397,3,999,0,nonexistent,-1.8,93.075,-47.1,1.405,5099.1,no,0.075
31,services,single,high.school,no,no,yes,telephone,jun,fri,99,5,999,0,nonexistent,1.4,94.465,-41.8,4.959,5228.1,no,0.075
43,technician,married,high.school,no,yes,no,telephone,nov,thu,37,4,999,0,nonexistent,-0.1,93.2,-42.0,4.076,5195.8,no,0.075
25,admin.,single,university.degree,no,yes,yes,cellular,may,wed,163,2,999,0,nonexistent,-1.8,92.893,-46.2,1.27,5099.1,no,0.075
49,admin.,married,basic.9y,no,yes,no,cellular,aug,mon,161,4,999,0,nonexistent,1.4,93.444,-36.1,4.963,5228.1,no,0.075
28,technician,single,professional.course,no,no,yes,telephone,jul,tue,5,1,999,0,nonexistent,-1.7,94.215,-40.3,0.893,4991.6,no,0.075
31,technician,single,professional.course,no,yes,yes,cellular,may,mon,187,1,999,1,failure,-1.8,92.893,-46.2,1.299,5099.1,no,0.075
34,blue-collar,single,basic.9y,no,no,no,telephone,may,tue,71,1,999,0,nonexistent,1.1,93.994,-36.4,4.856,5191.0,no,0.075
50,unknown,single,unknown,unknown,yes,no,telephone,jun,tue,363,1,999,0,nonexistent,1.4,94.465,-41.8,4.864,5228.1,no,0.075
44,blue-collar,married,basic.4y,unknown,yes,no,cellular,aug,thu,283,3,999,0,nonexistent,1.4,93.444,-36.1,4.963,5228.1,no,0.075
23,technician,single,high.school,no,no,yes,cellular,may,thu,1129,1,999,0,nonexistent,-1.8,92.893,-46.2,1.266,5099.1,yes,0.075
40,technician,married,professional.course,no,no,no,telephone,jun,mon,92,6,999,0,nonexistent,1.4,94.465,-41.8,4.96,5228.1,no,0.075
42,blue-collar,divorced,high.school,no,no,no,telephone,may,tue,225,2,999,0,nonexistent,1.1,93.994,-36.4,4.856,5191.0,no,0.075
30,admin.,single,high.school,unknown,no,no,telephone,jun,tue,641,2,999,0,nonexistent,1.4,94.465,-41.8,4.864,5228.1,no,0.075
48,blue-collar,single,basic.4y,no,no,yes,cellular,jul,tue,271,1,999,0,nonexistent,1.4,93.918,-42.7,4.961,5228.1,no,0.075
22,student,single,basic.9y,no,no,no,cellular,may,thu,85,1,999,0,nonexistent,-1.8,92.893,-46.2,1.27,5099.1,no,0.075
30,admin.,single,basic.9y,no,no,no,telephone,nov,thu,26,1,999,0,nonexistent,-0.1,93.2,-42.0,4.076,5195.8,no,0.075
28,self-employed,married,university.degree,no,yes,yes,cellular,jul,wed,186,3,999,0,nonexistent,1.4,93.918,-42.7,4.963,5228.1,no,0.075
32,technician,single,professional.course,no,yes,no,cellular,nov,wed,140,1,999,0,nonexistent,-0.1,93.2,-42.0,4.12,5195.8,no,0.075
41,services,single,unknown,unknown,no,no,cellular,jul,tue,717,13,999,0,nonexistent,1.4,93.918,-42.7,4.961,5228.1,no,0.075
58,management,married,university.degree,unknown,no,no,telephone,may,thu,205,2,999,0,nonexistent,1.1,93.994,-36.4,4.86,5191.0,no,0.075
41,services,married,basic.9y,no,no,no,cellular,jul,mon,88,3,999,0,nonexistent,1.4,93.918,-42.7,4.96,5228.1,no,0.075
33,technician,married,professional.course,no,yes,no,telephone,may,mon,390,3,999,0,nonexistent,-1.8,92.893,-46.2,1.354,5099.1,no,0.075
56,admin.,married,university.degree,no,no,no,telephone,jun,wed,79,1,999,0,nonexistent,1.4,94.465,-41.8,4.864,5228.1,no,0.075
43,unknown,married,high.school,unknown,yes,yes,telephone,may,mon,329,2,999,0,nonexistent,1.1,93.994,-36.4,4.857,5191.0,no,0.075
26,management,married,university.degree,no,no,no,cellular,may,thu,84,4,999,0,nonexistent,-1.8,92.893,-46.2,1.266,5099.1,no,0.075
45,blue-collar,single,basic.6y,no,no,no,telephone,jun,thu,138,2,999,0,nonexistent,1.4,94.465,-41.8,4.958,5228.1,no,0.075
45,management,married,unknown,unknown,no,no,cellular,jul,mon,321,3,999,0,nonexistent,1.4,93.918,-42.7,4.96,5228.1,no,0.075
40,admin.,single,high.school,no,yes,no,telephone,may,wed,222,2,999,0,nonexistent,1.1,93.994,-36.4,4.859,5191.0,no,0.075
38,technician,single,high.school,no,no,no,cellular,apr,fri,161,1,999,1,failure,-1.8,93.075,-47.1,1.405,5099.1,no,0.075
32,unemployed,married,university.degree,no,no,no,cellular,nov,tue,329,1,999,0,nonexistent,-0.1,93.2,-42.0,4.153,5195.8,no,0.07496523323426971
51,blue-collar,married,basic.4y,unknown,yes,no,cellular,aug,mon,324,2,999,0,nonexistent,1.4,93.444,-36.1,4.965,5228.1,no,0.07484983753176978
25,student,single,high.school,unknown,yes,no,cellular,may,mon,160,2,999,0,nonexistent,-1.8,92.893,-46.2,1.299,5099.1,no,0.0748497522681938
33,services,married,high.school,no,no,no,cellular,jul,tue,85,8,999,0,nonexistent,1.4,93.918,-42.7,4.961,5228.1,no,0.07472147192716236
33,blue-collar,married,basic.9y,no,yes,no,cellular,jul,thu,90,9,999,0,nonexistent,1.4,93.918,-42.7,4.963,5228.1,no,0.07471911987860395
53,admin.,married,university.degree,no,no,no,telephone,may,thu,10,7,999,0,nonexistent,1.1,93.994,-36.4,4.855,5191.0,no,0.07471327769347497
57,admin.,divorced,university.degree,no,yes,no,cellular,nov,thu,172,2,999,0,nonexistent,-0.1,93.2,-42.0,4.076,5195.8,no,0.07471001517450683
45,entrepreneur,divorced,university.degree,no,yes,no,cellular,apr,thu,132,1,999,0,nonexistent,-1.8,93.075,-47.1,1.435,5099.1,no,0.07457236965653101
51,blue-collar,married,basic.4y,unknown,yes,no,cellular,jul,wed,199,2,999,0,nonexistent,1.4,93.918,-42.7,4.962,5228.1,no,0.0745614358548343
37,services,single,basic.6y,no,yes,no,cellular,may,wed,93,1,999,1,failure,-1.8,92.893,-46.2,1.281,5099.1,no,0.07444666160849772
43,services,married,university.degree,no,yes,no,cellular,jul,tue,135,1,999,0,nonexistent,1.4,93.918,-42.7,4.961,5228.1,no,0.07443467374810318
56,admin.,married,university.degree,no,yes,no,cellular,aug,tue,153,4,999,0,nonexistent,1.4,93.444,-36.1,4.966,5228.1,no,0.07443459787556905
50,admin.,married,university.degree,no,no,no,cellular,aug,mon,98,3,999,0,nonexistent,1.4,93.444,-36.1,4.965,5228.1,no,0.07442139666258994
30,admin.,divorced,university.degree,no,yes,yes,cellular,nov,tue,384,2,999,0,nonexistent,-0.1,93.2,-42.0,4.153,5195.8,no,0.07437936899098417
34,services,married,high.school,no,yes,no,cellular,jul,thu,156,1,999,0,nonexistent,1.4,93.918,-42.7,4.968,5228.1,no,0.07428141738267863
56,management,married,basic.6y,unknown,no,no,cellular,jul,mon,175,2,999,0,nonexistent,1.4,93.918,-42.7,4.962,5228.1,no,0.07404998331379635
40,admin.,married,professional.course,no,unknown,unknown,cellular,may,tue,305,1,999,0,nonexistent,-1.8,92.893,-46.2,1.344,5099.1,no,0.07388588770864947
27,services,single,high.school,no,yes,yes,cellular,jul,wed,158,2,999,0,nonexistent,1.4,93.918,-42.7,4.963,5228.1,no,0.07385724133424289
24,management,single,university.degree,no,yes,no,telephone,may,mon,165,2,999,0,nonexistent,1.1,93.994,-36.4,4.857,5191.0,no,0.07373695472054484
32,blue-collar,single,university.degree,no,no,no,telephone,jun,wed,355,1,999,0,nonexistent,1.4,94.465,-41.8,4.864,5228.1,no,0.07342349922231689
28,admin.,single,high.school,no,no,no,cellular,jul,thu,720,2,999,0,nonexistent,1.4,93.918,-42.7,4.963,5228.1,yes,0.07335990044586703
29,entrepreneur,married,professional.course,no,yes,no,cellular,jul,thu,125,1,999,0,nonexistent,1.4,93.918,-42.7,4.963,5228.1,no,0.07335166971822182
59,blue-collar,married,basic.9y,unknown,yes,no,cellular,aug,thu,152,2,999,0,nonexistent,1.4,93.444,-36.1,4.964,5228.1,no,0.0730696275560606
53,technician,married,professional.course,unknown,yes,no,cellular,aug,thu,43,1,999,0,nonexistent,1.4,93.444,-36.1,4.962,5228.1,no,0.07267111408065101
30,admin.,single,university.degree,no,no,no,cellular,aug,tue,365,1,999,0,nonexistent,1.4,93.444,-36.1,4.966,5228.1,no,0.07251023846910098
32,blue-collar,divorced,basic.9y,no,no,no,telephone,may,wed,95,3,999,0,nonexistent,1.1,93.994,-36.4,4.857,5191.0,no,0.0725
27,blue-collar,single,high.school,no,no,no,telephone,may,wed,393,1,999,0,nonexistent,1.1,93.994,-36.4,4.858,5191.0,no,0.0725
53,management,married,high.school,no,no,no,cellular,nov,thu,184,1,999,1,failure,-0.1,93.2,-42.0,4.076,5195.8,no,0.0725
43,blue-collar,divorced,basic.9y,unknown,yes,no,cellular,may,fri,59,4,999,0,nonexistent,-1.8,92.893,-46.2,1.25,5099.1,no,0.0725
26,technician,single,high.school,no,yes,no,cellular,jul,mon,124,3,999,0,nonexistent,1.4,93.918,-42.7,4.962,5228.1,no,0.0725
30,technician,single,professional.course,no,yes,no,telephone,may,wed,343,1,999,0,nonexistent,1.1,93.994,-36.4,4.859,5191.0,no,0.0725
50,admin.,married,basic.9y,no,yes,no,telephone,may,thu,138,4,999,0,nonexistent,-1.8,92.893,-46.2,1.327,5099.1,no,0.0725
43,admin.,single,university.degree,no,yes,yes,cellular,aug,wed,79,3,999,0,nonexistent,1.4,93.444,-36.1,4.967,5228.1,no,0.0725
35,blue-collar,single,basic.6y,unknown,yes,no,telephone,may,wed,784,1,999,0,nonexistent,1.1,93.994,-36.4,4.859,5191.0,no,0.0725
26,unemployed,single,basic.9y,no,no,yes,telephone,may,thu,546,8,999,0,nonexistent,1.1,93.994,-36.4,4.86,5191.0,no,0.0725
60,self-employed,divorced,university.degree,no,no,no,cellular,aug,thu,90,2,999,0,nonexistent,-2.9,92.201,-31.4,0.883,5076.2,no,0.0725
52,admin.,married,university.degree,no,no,no,cellular,jul,thu,368,7,999,0,nonexistent,1.4,93.918,-42.7,4.968,5228.1,no,0.0725
45,blue-collar,married,basic.4y,no,yes,no,telephone,apr,mon,169,1,999,0,nonexistent,-1.8,93.075,-47.1,1.405,5099.1,no,0.0725
57,technician,married,professional.course,unknown,yes,no,cellular,jul,mon,54,2,999,0,nonexistent,1.4,93.918,-42.7,4.962,5228.1,no,0.0725
41,blue-collar,married,basic.9y,no,yes,yes,cellular,may,tue,225,2,999,0,nonexistent,-1.8,92.893,-46.2,1.291,5099.1,no,0.0725
58,admin.,married,university.degree,no,yes,no,cellular,may,mon,1359,3,999,1,failure,-1.8,92.893,-46.2,1.244,5099.1,yes,0.0725
56,technician,married,professional.course,no,yes,no,telephone,may,mon,483,5,999,0,nonexistent,-1.8,93.876,-40.0,0.682,5008.7,yes,0.0725
33,services,married,basic.4y,no,yes,yes,telephone,jun,mon,59,6,999,0,nonexistent,1.4,94.465,-41.8,4.961,5228.1,no,0.0725
31,blue-collar,married,basic.6y,no,no,no,cellular,may,tue,104,3,999,1,failure,-1.8,92.893,-46.2,1.291,5099.1,no,0.0725
38,technician,married,university.degree,no,yes,no,cellular,may,mon,78,2,999,1,failure,-1.8,92.893,-46.2,1.244,5099.1,no,0.0725
47,blue-collar,married,basic.4y,unknown,yes,no,cellular,may,fri,177,1,999,0,nonexistent,-1.8,92.893,-46.2,1.313,5099.1,no,0.0725
52,technician,married,basic.9y,no,yes,no,cellular,nov,fri,102,1,999,0,nonexistent,-0.1,93.2,-42.0,4.021,5195.8,no,0.0725
55,admin.,single,university.degree,unknown,yes,no,cellular,nov,mon,389,1,999,0,nonexistent,-0.1,93.2,-42.0,4.191,5195.8,no,0.0725
27,admin.,married,high.school,no,yes,no,cellular,may,wed,119,3,999,0,nonexistent,-1.8,92.893,-46.2,1.281,5099.1,no,0.0725
51,services,divorced,high.school,unknown,yes,no,telephone,may,tue,568,1,999,0,nonexistent,1.1,93.994,-36.4,4.857,5191.0,no,0.0725
25,admin.,single,high.school,no,no,no,telephone,jun,fri,20,7,999,0,nonexistent,1.4,94.465,-41.8,4.959,5228.1,no,0.0725
38,housemaid,single,basic.4y,unknown,no,no,cellular,jul,mon,457,5,999,0,nonexistent,1.4,93.918,-42.7,4.96,5228.1,no,0.0725
42,technician,married,university.degree,no,yes,no,telephone,jun,mon,148,4,999,0,nonexistent,1.4,94.465,-41.8,4.865,5228.1,no,0.0725
43,admin.,married,high.school,no,yes,no,telephone,jun,fri,11,15,999,0,nonexistent,1.4,94.465,-41.8,4.959,5228.1,no,0.0725
34,blue-collar,divorced,professional.course,no,no,yes,telephone,may,thu,291,2,999,0,nonexistent,1.1,93.994,-36.4,4.855,5191.0,no,0.0725
34,admin.,married,university.degree,no,yes,no,cellular,nov,fri,138,2,999,0,nonexistent,-0.1,93.2,-42.0,4.021,5195.8,no,0.0725
39,technician,married,university.degree,no,yes,no,cellular,apr,fri,492,1,999,0,nonexistent,-1.8,93.075,-47.1,1.405,5099.1,no,0.0725
35,entrepreneur,married,high.school,no,yes,no,cellular,nov,mon,131,2,999,0,nonexistent,-0.1,93.2,-42.0,4.191,5195.8,no,0.0725
52,management,married,basic.4y,no,no,no,telephone,jun,tue,165,5,999,0,nonexistent,1.4,94.465,-41.8,4.958,5228.1,no,0.0725
35,retired,married,professional.course,no,no,no,telephone,may,wed,759,1,999,0,nonexistent,1.1,93.994,-36.4,4.858,5191.0,no,0.0725
27,technician,single,basic.9y,no,yes,no,cellular,apr,wed,131,1,999,0,nonexistent,-1.8,93.075,-47.1,1.445,5099.1,no,0.0725
32,services,married,high.school,no,yes,yes,telephone,may,wed,184,9,999,0,nonexistent,1.1,93.994,-36.4,4.858,5191.0,no,0.0725
29,admin.,single,high.school,no,yes,no,cellular,may,mon,119,1,999,0,nonexistent,-1.8,92.893,-46.2,1.244,5099.1,no,0.0725
28,blue-collar,married,basic.9y,no,no,yes,telephone,may,fri,478,2,999,0,nonexistent,1.1,93.994,-36.4,4.857,5191.0,no,0.0725
45,management,married,university.degree,no,yes,no,telephone,jun,tue,134,7,999,0,nonexistent,1.4,94.465,-41.8,4.961,5228.1,no,0.0725
53,management,married,university.degree,unknown,unknown,unknown,telephone,may,thu,135,2,999,0,nonexistent,1.1,93.994,-36.4,4.86,5191.0,no,0.0725
31,unemployed,single,university.degree,no,yes,no,cellular,may,tue,11,9,999,0,nonexistent,-1.8,92.893,-46.2,1.344,5099.1,no,0.0725
34,technician,single,university.degree,no,yes,yes,cellular,aug,wed,455,3,999,0,nonexistent,1.4,93.444,-36.1,4.967,5228.1,yes,0.0725
39,blue-collar,single,university.degree,no,yes,no,cellular,may,wed,53,3,999,1,failure,-1.8,92.893,-46.2,1.281,5099.1,no,0.0725
33,technician,single,professional.course,no,yes,no,cellular,may,wed,201,1,999,1,failure,-1.8,92.893,-46.2,1.281,5099.1,no,0.0725
32,blue-collar,married,basic.6y,no,no,no,telephone,jul,mon,176,6,999,0,nonexistent,1.4,93.918,-42.7,4.96,5228.1,no,0.0725
29,admin.,single,university.degree,no,no,no,telephone,jun,tue,641,6,999,0,nonexistent,1.4,94.465,-41.8,4.961,5228.1,no,0.0725
30,blue-collar,married,basic.9y,unknown,no,no,telephone,may,fri,115,1,999,0,nonexistent,1.1,93.994,-36.4,4.864,5191.0,no,0.0725
48,services,married,high.school,no,yes,yes,telephone,jul,mon,63,5,999,0,nonexistent,1.4,93.918,-42.7,4.962,5228.1,no,0.0725
31,blue-collar,married,basic.4y,unknown,no,no,telephone,jul,tue,161,1,999,0,nonexistent,1.4,93.918,-42.7,4.955,5228.1,no,0.0725
40,blue-collar,divorced,basic.9y,unknown,no,no,telephone,jun,tue,479,1,999,0,nonexistent,1.4,94.465,-41.8,4.864,5228.1,no,0.0725
30,admin.,married,unknown,no,no,yes,cellular,jul,tue,64,2,999,0,nonexistent,1.4,93.918,-42.7,4.961,5228.1,no,0.0725
39,admin.,divorced,university.degree,no,no,no,cellular,aug,thu,78,1,999,0,nonexistent,1.4,93.444,-36.1,4.964,5228.1,no,0.07235218013210973
53,entrepreneur,married,university.degree,unknown,yes,no,cellular,jul,tue,893,1,999,0,nonexistent,1.4,93.918,-42.7,4.961,5228.1,yes,0.07234936851419838
54,blue-collar,married,basic.9y,no,yes,no,cellular,aug,fri,129,5,999,0,nonexistent,1.4,93.444,-36.1,4.966,5228.1,no,0.07234353461193341
30,admin.,married,basic.9y,no,yes,yes,cellular,may,mon,97,1,999,1,failure,-1.8,92.893,-46.2,1.244,5099.1,no,0.07227215861448584
41,self-employed,married,basic.4y,unknown,no,no,cellular,jul,wed,133,1,999,0,nonexistent,1.4,93.918,-42.7,4.962,5228.1,no,0.0722261760242792
35,blue-collar,single,basic.4y,unknown,no,no,cellular,jul,mon,59,4,999,0,nonexistent,1.4,93.918,-42.7,4.96,5228.1,no,0.0722165402124431
49,blue-collar,married,high.school,unknown,yes,no,cellular,may,wed,168,2,999,0,nonexistent,-1.8,92.893,-46.2,1.281,5099.1,no,0.07221433990895296
28,technician,single,professional.course,no,unknown,unknown,cellular,apr,thu,71,2,999,1,failure,-1.8,93.075,-47.1,1.41,5099.1,no,0.07180575477297457
35,blue-collar,married,basic.6y,no,no,no,cellular,jul,fri,165,2,999,0,nonexistent,1.4,93.918,-42.7,4.963,5228.1,no,0.07158531935446474
30,technician,married,professional.course,no,yes,no,cellular,aug,tue,297,1,999,0,nonexistent,1.4,93.444,-36.1,4.968,5228.1,no,0.07143780479002615
50,blue-collar,divorced,basic.6y,no,yes,no,cellular,may,mon,82,1,999,0,nonexistent,-1.8,92.893,-46.2,1.299,5099.1,no,0.0713687334689533
46,housemaid,divorced,professional.course,unknown,no,no,cellular,jul,tue,167,2,999,0,nonexistent,1.4,93.918,-42.7,4.961,5228.1,no,0.07055507172679434
36,technician,divorced,university.degree,no,yes,no,cellular,aug,thu,197,1,999,0,nonexistent,1.4,93.444,-36.1,4.968,5228.1,no,0.07
27,blue-collar,single,basic.9y,unknown,yes,no,cellular,may,thu,110,1,999,0,nonexistent,-1.8,92.893,-46.2,1.327,5099.1,no,0.07
42,blue-collar,divorced,basic.4y,no,no,no,telephone,jun,tue,134,3,999,0,nonexistent,1.4,94.465,-41.8,4.864,5228.1,no,0.07
41,technician,married,high.school,no,no,no,telephone,jun,fri,8,12,999,0,nonexistent,1.4,94.465,-41.8,4.959,5228.1,no,0.07
52,technician,divorced,professional.course,no,yes,no,cellular,aug,tue,12,10,999,0,nonexistent,1.4,93.444,-36.1,4.963,5228.1,no,0.07
41,admin.,married,university.degree,no,no,no,telephone,jun,wed,129,4,999,0,nonexistent,1.4,94.465,-41.8,4.864,5228.1,no,0.07
32,services,married,basic.9y,no,yes,no,telephone,may,mon,262,2,999,0,nonexistent,1.1,93.994,-36.4,4.857,5191.0,no,0.07
51,admin.,single,university.degree,no,yes,no,cellular,aug,tue,179,11,999,0,nonexistent,1.4,93.444,-36.1,4.965,5228.1,no,0.07
31,services,married,professional.course,unknown,no,yes,cellular,aug,wed,80,2,999,0,nonexistent,1.4,93.444,-36.1,4.967,5228.1,no,0.07
35,admin.,married,university.degree,no,no,yes,cellular,may,wed,261,1,999,0,nonexistent,-1.8,92.893,-46.2,1.281,5099.1,no,0.07
46,technician,married,basic.9y,no,yes,no,telephone,may,fri,1135,2,999,0,nonexistent,1.1,93.994,-36.4,4.859,5191.0,no,0.07
43,services,divorced,unknown,unknown,yes,no,cellular,jul,tue,139,3,999,0,nonexistent,1.4,93.918,-42.7,4.961,5228.1,no,0.07
56,housemaid,married,basic.9y,no,no,no,cellular,nov,thu,86,1,999,0,nonexistent,-0.1,93.2,-42.0,4.076,5195.8,no,0.07
58,services,divorced,high.school,unknown,yes,no,cellular,may,tue,29,6,999,0,nonexistent,-1.8,92.893,-46.2,1.344,5099.1,no,0.07
24,blue-collar,married,basic.4y,unknown,yes,no,telephone,may,tue,151,1,999,0,nonexistent,1.1,93.994,-36.4,4.857,5191.0,no,0.07
56,entrepreneur,married,university.degree,no,yes,no,cellular,nov,wed,501,2,999,0,nonexistent,-0.1,93.2,-42.0,4.12,5195.8,no,0.07
28,blue-collar,single,high.school,no,no,no,cellular,jul,tue,139,1,999,0,nonexistent,1.4,93.918,-42.7,4.961,5228.1,no,0.07
47,housemaid,divorced,basic.4y,unknown,yes,yes,telephone,nov,wed,475,2,999,0,nonexistent,-0.1,93.2,-42.0,4.12,5195.8,no,0.07
37,management,married,unknown,no,no,no,cellular,nov,thu,171,2,999,1,failure,-0.1,93.2,-42.0,4.076,5195.8,no,0.07
41,management,married,unknown,unknown,no,no,telephone,jun,tue,200,4,999,0,nonexistent,1.4,94.465,-41.8,4.864,5228.1,no,0.07
55,technician,married,professional.course,no,yes,yes,telephone,jun,fri,61,2,999,0,nonexistent,1.4,94.465,-41.8,4.959,5228.1,no,0.07
46,admin.,divorced,university.degree,no,yes,yes,cellular,nov,wed,184,2,999,1,failure,-0.1,93.2,-42.0,4.12,5195.8,no,0.07
38,blue-collar,single,high.school,no,no,no,cellular,may,fri,455,2,999,1,failure,-1.8,92.893,-46.2,1.313,5099.1,no,0.07
37,self-employed,single,university.degree,unknown,no,yes,telephone,jun,mon,88,4,999,0,nonexistent,1.4,94.465,-41.8,4.947,5228.1,no,0.07
50,blue-collar,married,basic.9y,no,no,no,cellular,nov,mon,1449,1,999,0,nonexistent,-0.1,93.2,-42.0,4.191,5195.8,no,0.07
42,technician,divorced,professional.course,no,yes,yes,cellular,jul,mon,154,5,999,0,nonexistent,1.4,93.918,-42.7,4.962,5228.1,no,0.07
31,blue-collar,single,university.degree,no,no,no,cellular,jul,fri,35,3,999,0,nonexistent,1.4,93.918,-42.7,4.957,5228.1,no,0.07
31,blue-collar,married,basic.9y,no,no,no,telephone,may,wed,81,4,999,0,nonexistent,1.1,93.994,-36.4,4.857,5191.0,no,0.07
49,management,married,high.school,unknown,yes,no,cellular,nov,mon,79,2,999,1,failure,-0.1,93.2,-42.0,4.191,5195.8,no,0.07
48,admin.,married,professional.course,unknown,yes,no,telephone,may,fri,34,2,999,0,nonexistent,1.1,93.994,-36.4,4.864,5191.0,no,0.07
36,admin.,married,university.degree,unknown,yes,no,cellular,aug,wed,295,1,999,0,nonexistent,1.4,93.444,-36.1,4.965,5228.1,no,0.07
27,blue-collar,married,basic.9y,unknown,yes,yes,telephone,may,mon,115,2,999,0,nonexistent,1.1,93.994,-36.4,4.857,5191.0,no,0.07
31,services,married,high.school,unknown,no,yes,telephone,jun,thu,62,6,999,0,nonexistent,1.4,94.465,-41.8,4.958,5228.1,no,0.07
53,self-employed,married,basic.4y,unknown,yes,no,cellular,may,mon,62,1,999,0,nonexistent,-1.8,92.893,-46.2,1.299,5099.1,no,0.07
32,admin.,divorced,university.degree,no,yes,no,telephone,aug,thu,262,7,999,0,nonexistent,1.4,93.444,-36.1,4.968,5228.1,no,0.07
35,blue-collar,married,professional.course,no,yes,no,telephone,jun,thu,181,2,999,0,nonexistent,1.4,94.465,-41.8,4.866,5228.1,no,0.07
50,management,married,university.degree,no,no,no,cellular,aug,fri,160,6,999,0,nonexistent,1.4,93.444,-36.1,4.963,5228.1,no,0.07
39,management,married,university.degree,no,no,yes,cellular,apr,mon,76,4,999,0,nonexistent,-1.8,93.075,-47.1,1.405,5099.1,no,0.07
33,blue-collar,married,basic.9y,no,no,no,telephone,may,tue,85,1,999,0,nonexistent,1.1,93.994,-36.4,4.856,5191.0,no,0.07
28,blue-collar,married,basic.6y,no,no,no,cellular,may,mon,200,2,999,0,nonexistent,-1.8,92.893,-46.2,1.299,5099.1,no,0.07
41,services,married,high.school,no,no,no,cellular,apr,fri,464,1,999,0,nonexistent,-1.8,93.075,-47.1,1.405,5099.1,no,0.07
34,technician,single,university.degree,no,no,yes,cellular,jul,mon,164,5,999,0,nonexistent,1.4,93.918,-42.7,4.96,5228.1,no,0.07
43,blue-collar,married,unknown,no,yes,no,cellular,jul,thu,172,3,999,0,nonexistent,1.4,93.918,-42.7,4.962,5228.1,no,0.07
33,blue-collar,single,basic.6y,unknown,no,yes,cellular,jul,fri,184,2,999,0,nonexistent,1.4,93.918,-42.7,4.963,5228.1,no,0.07
60,retired,divorced,professional.course,no,no,no,cellular,jul,tue,454,5,999,0,nonexistent,1.4,93.918,-42.7,4.961,5228.1,yes,0.07
31,entrepreneur,single,university.degree,no,yes,no,cellular,may,wed,318,3,999,1,failure,-1.8,92.893,-46.2,1.281,5099.1,no,0.07
35,admin.,married,high.school,unknown,yes,no,cellular,may,fri,500,2,999,1,failure,-1.8,92.893,-46.2,1.25,5099.1,no,0.07
48,admin.,single,professional.course,no,yes,no,cellular,nov,wed,530,1,999,0,nonexistent,-0.1,93.2,-42.0,4.12,5195.8,no,0.07
54,housemaid,married,basic.9y,no,yes,yes,cellular,nov,wed,133,2,999,0,nonexistent,-0.1,93.2,-42.0,4.12,5195.8,no,0.07
53,blue-collar,divorced,unknown,no,yes,no,telephone,jul,tue,341,6,999,0,nonexistent,1.4,93.918,-42.7,4.961,5228.1,no,0.07
35,housemaid,married,basic.4y,no,no,no,telephone,may,fri,91,2,999,0,nonexistent,1.1,93.994,-36.4,4.864,5191.0,no,0.07
49,technician,married,university.degree,no,no,no,telephone,may,mon,107,3,999,0,nonexistent,1.1,93.994,-36.4,4.857,5191.0,no,0.07
31,entrepreneur,married,university.degree,no,yes,no,telephone,jun,thu,130,2,999,0,nonexistent,1.4,94.465,-41.8,4.866,5228.1,no,0.07
56,services,married,basic.4y,unknown,yes,yes,cellular,nov,fri,119,1,999,1,failure,-0.1,93.2,-42.0,4.021,5195.8,no,0.07
56,unemployed,divorced,high.school,no,yes,no,telephone,may,wed,267,1,999,0,nonexistent,1.1,93.994,-36.4,4.859,5191.0,no,0.07
53,blue-collar,married,high.school,no,no,yes,cellular,jul,mon,136,2,999,0,nonexistent,1.4,93.918,-42.7,4.962,5228.1,no,0.07
49,services,married,high.school,unknown,yes,no,telephone,may,wed,191,2,999,0,nonexistent,1.1,93.994,-36.4,4.857,5191.0,no,0.07
57,admin.,married,university.degree,no,yes,no,cellular,jul,mon,564,2,999,0,nonexistent,1.4,93.918,-42.7,4.96,5228.1,no,0.07
32,admin.,single,university.degree,no,yes,yes,cellular,aug,wed,72,2,999,0,nonexistent,1.4,93.444,-36.1,4.964,5228.1,no,0.07
54,technician,divorced,professional.course,unknown,yes,no,cellular,aug,fri,343,4,999,0,nonexistent,1.4,93.444,-36.1,4.964,5228.1,no,0.06985998555379713
36,technician,married,unknown,unknown,yes,no,cellular,jul,mon,81,1,999,0,nonexistent,1.4,93.918,-42.7,4.96,5228.1,no,0.06985362621476186
44,blue-collar,married,basic.9y,no,yes,no,telephone,may,mon,172,1,999,0,nonexistent,1.1,93.994,-36.4,4.857,5191.0,no,0.06985277576926167
30,management,single,university.degree,no,no,no,cellular,jul,mon,211,2,999,0,nonexistent,1.4,93.918,-42.7,4.96,5228.1,no,0.06973967528228509
36,services,married,basic.9y,no,no,yes,cellular,may,wed,36,2,999,0,nonexistent,-1.8,92.893,-46.2,1.281,5099.1,no,0.06972336874051593
39,blue-collar,married,basic.6y,unknown,no,no,telephone,jun,thu,247,1,999,0,nonexistent,1.4,94.465,-41.8,4.866,5228.1,no,0.06972139605462822
34,blue-collar,divorced,basic.9y,no,yes,no,cellular,jul,thu,181,1,999,0,nonexistent,1.4,93.918,-42.7,4.963,5228.1,no,0.06971949924127467
34,admin.,single,university.degree,no,no,no,cellular,jul,tue,182,1,999,0,nonexistent,1.4,93.918,-42.7,4.961,5228.1,no,0.06971699544764795
38,unknown,married,unknown,no,yes,no,cellular,aug,thu,27,10,999,0,nonexistent,1.4,93.444,-36.1,4.962,5228.1,no,0.06971244309559939
26,student,single,high.school,unknown,yes,no,cellular,may,tue,205,1,999,0,nonexistent,-1.8,92.893,-46.2,1.344,5099.1,no,0.0697009532714415
31,services,single,high.school,no,yes,no,cellular,nov,thu,173,1,999,0,nonexistent,-0.1,93.2,-42.0,4.076,5195.8,no,0.06969624900746052
54,admin.,married,university.degree,no,yes,no,cellular,jun,thu,151,1,999,0,nonexistent,-2.9,92.963,-40.8,1.26,5076.2,no,0.06949007958138013
48,blue-collar,married,basic.9y,no,yes,no,cellular,aug,fri,192,3,999,0,nonexistent,1.4,93.444,-36.1,4.964,5228.1,no,0.06947891306487555
36,housemaid,married,basic.4y,no,no,no,cellular,aug,mon,73,2,999,0,nonexistent,1.4,93.444,-36.1,4.965,5228.1,no,0.06935939871033249
31,unemployed,single,professional.course,no,no,no,cellular,nov,thu,250,1,999,1,failure,-0.1,93.2,-42.0,4.076,5195.8,no,0.06932109658497788
25,technician,divorced,high.school,no,yes,no,cellular,jul,thu,237,2,999,0,nonexistent,1.4,93.918,-42.7,4.962,5228.1,no,0.06930258411976876
42,blue-collar,divorced,basic.4y,no,yes,no,telephone,may,wed,273,1,999,0,nonexistent,1.1,93.994,-36.4,4.858,5191.0,no,0.06922885385033646
46,entrepreneur,married,basic.9y,no,no,no,cellular,aug,fri,169,1,999,0,nonexistent,1.4,93.444,-36.1,4.966,5228.1,no,0.06920331366226339
29,admin.,single,university.degree,no,yes,no,cellular,aug,wed,243,1,999,0,nonexistent,1.4,93.444,-36.1,4.964,5228.1,no,0.06909823066828108
51,self-employed,married,university.degree,unknown,unknown,unknown,cellular,nov,fri,31,2,999,0,nonexistent,-0.1,93.2,-42.0,4.021,5195.8,no,0.06907920008813935
41,entrepreneur,married,basic.9y,no,yes,no,telephone,may,thu,483,2,999,0,nonexistent,1.1,93.994,-36.4,4.86,5191.0,no,0.06861671213225075
42,unemployed,married,basic.4y,unknown,yes,no,telephone,may,mon,574,6,999,0,nonexistent,1.1,93.994,-36.4,4.857,5191.0,no,0.06859299337193561
35,technician,single,high.school,no,yes,no,cellular,jul,thu,149,1,999,0,nonexistent,1.4,93.918,-42.7,4.968,5228.1,no,0.06854865340513938
30,blue-collar,married,basic.4y,no,no,yes,cellular,may,mon,255,1,999,0,nonexistent,-1.8,92.893,-46.2,1.299,5099.1,no,0.06845931302118707
30,technician,married,basic.9y,no,yes,no,cellular,jul,wed,161,1,999,0,nonexistent,1.4,93.918,-42.7,4.963,5228.1,no,0.06785022008344717
29,technician,single,professional.course,no,yes,no,cellular,aug,thu,199,1,999,0,nonexistent,1.4,93.444,-36.1,4.968,5228.1,no,0.06770631259384047
47,admin.,married,basic.9y,no,yes,no,cellular,aug,fri,109,1,999,0,nonexistent,1.4,93.444,-36.1,4.966,5228.1,no,0.06754270511521505
53,technician,married,professional.course,unknown,yes,yes,telephone,may,mon,579,1,999,0,nonexistent,1.1,93.994,-36.4,4.858,5191.0,no,0.0675
48,blue-collar,married,basic.6y,no,yes,no,telephone,may,thu,544,4,999,0,nonexistent,1.1,93.994,-36.4,4.86,5191.0,no,0.0675
33,admin.,married,high.school,no,no,no,telephone,jun,wed,43,4,999,0,nonexistent,1.4,94.465,-41.8,4.962,5228.1,no,0.0675
45,housemaid,married,professional.course,unknown,yes,no,telephone,jun,thu,810,2,999,0,nonexistent,1.4,94.465,-41.8,4.961,5228.1,no,0.0675
49,admin.,married,high.school,no,yes,yes,cellular,aug,tue,120,4,999,0,nonexistent,1.4,93.444,-36.1,4.963,5228.1,no,0.0675
45,housemaid,married,professional.course,unknown,no,no,telephone,may,tue,74,2,999,0,nonexistent,1.1,93.994,-36.4,4.856,5191.0,no,0.0675
42,services,married,high.school,no,no,no,telephone,may,fri,984,2,999,0,nonexistent,1.1,93.994,-36.4,4.864,5191.0,yes,0.0675
41,admin.,divorced,high.school,no,yes,no,telephone,may,fri,109,1,999,0,nonexistent,1.1,93.994,-36.4,4.864,5191.0,no,0.0675
28,admin.,married,high.school,no,no,no,cellular,may,wed,204,1,999,0,nonexistent,-1.8,92.893,-46.2,1.334,5099.1,no,0.0675
52,management,divorced,university.degree,no,no,no,cellular,may,wed,451,1,999,1,failure,-1.8,92.893,-46.2,1.334,5099.1,yes,0.0675
60,retired,married,basic.9y,unknown,yes,no,telephone,may,fri,32,3,999,0,nonexistent,1.1,93.994,-36.4,4.859,5191.0,no,0.0675
34,blue-collar,married,basic.9y,no,yes,no,cellular,jul,wed,487,5,999,0,nonexistent,1.4,93.918,-42.7,4.963,5228.1,no,0.0675
31,management,single,university.degree,no,yes,no,telephone,may,wed,254,1,999,0,nonexistent,1.1,93.994,-36.4,4.856,5191.0,no,0.0675
27,technician,single,university.degree,no,yes,no,telephone,may,mon,336,9,999,0,nonexistent,-1.8,92.893,-46.2,1.354,5099.1,no,0.0675
42,unemployed,married,basic.9y,no,yes,yes,telephone,may,fri,76,2,999,0,nonexistent,1.1,93.994,-36.4,4.857,5191.0,no,0.0675
45,admin.,single,high.school,unknown,no,no,cellular,may,wed,537,5,999,1,failure,-1.8,92.893,-46.2,1.281,5099.1,no,0.0675
30,blue-collar,single,basic.9y,no,yes,yes,telephone,may,mon,163,4,999,0,nonexistent,1.1,93.994,-36.4,4.857,5191.0,no,0.0675
43,technician,divorced,professional.course,unknown,yes,no,telephone,apr,mon,18,5,999,1,failure,-1.8,93.075,-47.1,1.405,5099.1,no,0.0675
48,blue-collar,married,basic.6y,no,no,no,telephone,may,wed,25,4,999,1,failure,-1.8,92.893,-46.2,1.281,5099.1,no,0.0675
29,entrepreneur,divorced,basic.9y,no,yes,no,telephone,jun,thu,53,1,999,0,nonexistent,1.4,94.465,-41.8,4.866,5228.1,no,0.0675
54,housemaid,divorced,basic.4y,unknown,no,no,telephone,may,wed,762,2,999,0,nonexistent,1.1,93.994,-36.4,4.859,5191.0,no,0.0675
56,admin.,married,unknown,no,yes,no,telephone,jun,tue,87,2,999,0,nonexistent,1.4,94.465,-41.8,4.961,5228.1,no,0.0675
34,admin.,married,university.degree,no,yes,no,telephone,jun,mon,14,14,999,0,nonexistent,1.4,94.465,-41.8,4.96,5228.1,no,0.0675
35,admin.,married,high.school,no,yes,no,cellular,apr,wed,1190,1,999,0,nonexistent,-1.8,93.075,-47.1,1.445,5099.1,yes,0.0675
56,management,divorced,university.degree,no,no,no,cellular,nov,wed,287,3,999,0,nonexistent,-0.1,93.2,-42.0,4.12,5195.8,no,0.0675
36,services,divorced,high.school,no,yes,no,cellular,jul,mon,226,1,999,0,nonexistent,1.4,93.918,-42.7,4.96,5228.1,no,0.0675
55,admin.,divorced,high.school,no,unknown,unknown,cellular,apr,fri,278,2,999,0,nonexistent,-1.8,93.075,-47.1,1.405,5099.1,no,0.0675
36,management,single,university.degree,no,yes,yes,cellular,may,wed,147,2,999,1,failure,-1.8,92.893,-46.2,1.334,5099.1,no,0.0675
36,services,single,basic.6y,unknown,no,no,telephone,jun,tue,63,1,999,0,nonexistent,1.4,94.465,-41.8,4.864,5228.1,no,0.0675
42,technician,single,professional.course,no,yes,no,cellular,nov,fri,173,1,999,1,failure,-0.1,93.2,-42.0,4.021,5195.8,no,0.0675
34,admin.,single,unknown,no,yes,no,cellular,may,thu,172,1,999,1,failure,-1.8,92.893,-46.2,1.327,5099.1,no,0.0675
46,admin.,married,high.school,no,no,no,cellular,nov,mon,504,1,999,1,failure,-0.1,93.2,-42.0,4.191,5195.8,no,0.0675
39,blue-collar,married,basic.6y,no,yes,no,cellular,may,wed,34,9,999,0,nonexistent,-1.8,92.893,-46.2,1.334,5099.1,no,0.0675
57,management,married,unknown,no,no,no,cellular,jul,wed,178,2,999,0,nonexistent,1.4,93.918,-42.7,4.963,5228.1,no,0.0675
46,blue-collar,married,basic.4y,unknown,no,yes,telephone,jun,thu,89,1,999,0,nonexistent,1.4,94.465,-41.8,4.961,5228.1,no,0.0675
41,self-employed,married,basic.9y,no,yes,no,cellular,jul,fri,177,2,999,0,nonexistent,1.4,93.918,-42.7,4.962,5228.1,no,0.0675
48,management,married,unknown,no,yes,yes,cellular,nov,mon,323,3,999,0,nonexistent,-0.1,93.2,-42.0,4.191,5195.8,no,0.0675
36,admin.,married,university.degree,unknown,yes,no,telephone,may,wed,136,2,999,0,nonexistent,1.1,93.994,-36.4,4.859,5191.0,no,0.0675
33,blue-collar,married,basic.9y,no,yes,no,cellular,may,wed,293,1,11,1,success,-1.8,92.893,-46.2,1.334,5099.1,no,0.0675
38,student,single,university.degree,no,unknown,unknown,telephone,jun,tue,23,1,999,0,nonexistent,1.4,94.465,-41.8,4.864,5228.1,no,0.0675
49,technician,married,professional.course,unknown,yes,yes,cellular,jul,fri,152,1,999,0,nonexistent,1.4,93.918,-42.7,4.962,5228.1,no,0.0675
66,housemaid,married,high.school,no,yes,no,cellular,may,fri,210,1,999,0,nonexistent,-1.8,92.893,-46.2,1.259,5099.1,no,0.0675
55,blue-collar,married,basic.4y,no,yes,no,cellular,jul,tue,63,2,999,0,nonexistent,1.4,93.918,-42.7,4.961,5228.1,no,0.0675
34,technician,divorced,basic.9y,no,yes,no,cellular,apr,fri,76,1,999,0,nonexistent,-1.8,93.075,-47.1,1.405,5099.1,no,0.0675
58,admin.,divorced,university.degree,no,yes,no,cellular,jul,mon,418,5,999,0,nonexistent,1.4,93.918,-42.7,4.96,5228.1,no,0.0675
27,blue-collar,single,basic.4y,no,yes,no,cellular,jul,wed,211,11,999,0,nonexistent,1.4,93.918,-42.7,4.962,5228.1,no,0.0675
40,blue-collar,married,basic.4y,unknown,no,yes,telephone,jun,fri,181,2,999,0,nonexistent,1.4,94.465,-41.8,4.967,5228.1,no,0.0675
33,technician,married,professional.course,no,no,no,cellular,apr,thu,285,1,999,0,nonexistent,-1.8,93.075,-47.1,1.41,5099.1,yes,0.06739959016393443
29,student,single,high.school,unknown,no,no,cellular,may,tue,53,2,999,0,nonexistent,-1.8,92.893,-46.2,1.291,5099.1,no,0.06734949644454455
32,technician,divorced,basic.9y,no,no,no,cellular,apr,mon,105,1,999,0,nonexistent,-1.8,93.075,-47.1,1.405,5099.1,no,0.06721874051593323
58,blue-collar,divorced,unknown,no,yes,no,telephone,jun,wed,215,1,999,0,nonexistent,1.4,94.465,-41.8,4.864,5228.1,no,0.06721828528072837
57,housemaid,married,unknown,no,no,no,cellular,aug,tue,318,2,999,0,nonexistent,1.4,93.444,-36.1,4.968,5228.1,no,0.06721775417298938
32,blue-collar,married,basic.9y,no,yes,yes,cellular,jul,fri,396,3,999,0,nonexistent,1.4,93.918,-42.7,4.963,5228.1,no,0.06721722306525038
47,admin.,married,high.school,no,yes,yes,cellular,aug,thu,59,6,999,0,nonexistent,1.4,93.444,-36.1,4.962,5228.1,no,0.06721001517450682
35,blue-collar,married,basic.4y,unknown,yes,no,cellular,jul,mon,56,1,999,0,nonexistent,1.4,93.918,-42.7,4.96,5228.1,no,0.06719331895072851
35,services,married,unknown,unknown,yes,yes,cellular,jul,tue,174,9,999,0,nonexistent,1.4,93.918,-42.7,4.961,5228.1,no,0.06694097116843703
42,blue-collar,married,basic.9y,no,no,no,cellular,jul,thu,1187,3,999,0,nonexistent,1.4,93.918,-42.7,4.963,5228.1,yes,0.06693163884673747
35,admin.,married,university.degree,no,yes,no,cellular,aug,tue,146,3,999,0,nonexistent,1.4,93.444,-36.1,4.968,5228.1,no,0.06685094591319407
31,admin.,married,unknown,no,yes,no,cellular,may,wed,208,1,999,0,nonexistent,-1.8,92.893,-46.2,1.334,5099.1,no,0.06678819666488103
32,admin.,single,university.degree,no,no,no,cellular,aug,thu,159,2,999,0,nonexistent,1.4,93.444,-36.1,4.968,5228.1,no,0.0666687867375688
39,management,married,university.degree,no,yes,no,cellular,aug,mon,230,2,999,0,nonexistent,1.4,93.444,-36.1,4.965,5228.1,no,0.06640647970644697
32,technician,single,university.degree,no,yes,yes,cellular,aug,mon,508,3,999,0,nonexistent,1.4,93.444,-36.1,4.965,5228.1,no,0.06616917304014602
33,blue-collar,married,basic.4y,no,no,no,cellular,may,tue,150,4,999,0,nonexistent,-1.8,92.893,-46.2,1.291,5099.1,no,0.06613816886200778
59,housemaid,married,basic.4y,no,yes,yes,cellular,jul,thu,69,1,999,0,nonexistent,1.4,93.918,-42.7,4.968,5228.1,no,0.06611288061797588
56,admin.,married,university.degree,no,no,no,cellular,aug,mon,165,2,999,0,nonexistent,1.4,93.444,-36.1,4.965,5228.1,no,0.06608374267929734
38,blue-collar,single,basic.9y,no,no,no,telephone,jun,wed,165,2,999,0,nonexistent,1.4,94.465,-41.8,4.959,5228.1,no,0.06598554289141725
47,blue-collar,married,basic.9y,unknown,yes,no,cellular,jul,fri,67,1,999,0,nonexistent,1.4,93.918,-42.7,4.957,5228.1,no,0.06565088028283086
43,entrepreneur,married,high.school,no,no,no,cellular,jul,thu,362,1,999,0,nonexistent,1.4,93.918,-42.7,4.962,5228.1,no,0.06550597862184072
60,retired,married,high.school,no,no,no,telephone,may,wed,278,2,999,0,nonexistent,1.1,93.994,-36.4,4.859,5191.0,no,0.065
46,management,married,high.school,no,yes,yes,cellular,aug,wed,1456,3,999,0,nonexistent,1.4,93.444,-36.1,4.967,5228.1,yes,0.065
46,blue-collar,married,basic.6y,unknown,yes,no,cellular,aug,mon,121,2,999,0,nonexistent,1.4,93.444,-36.1,4.963,5228.1,no,0.065
48,technician,divorced,professional.course,no,yes,yes,cellular,jul,wed,232,1,999,0,nonexistent,1.4,93.918,-42.7,4.963,5228.1,no,0.065
31,admin.,single,high.school,no,no,no,cellular,apr,fri,294,2,999,0,nonexistent,-1.8,93.075,-47.1,1.405,5099.1,no,0.065
41,technician,divorced,university.degree,no,no,no,cellular,aug,thu,86,1,999,0,nonexistent,1.4,93.444,-36.1,4.968,5228.1,no,0.065
32,technician,divorced,professional.course,no,no,yes,cellular,may,fri,168,1,999,0,nonexistent,-1.8,92.893,-46.2,1.313,5099.1,no,0.065
41,blue-collar,married,basic.4y,unknown,yes,no,telephone,jun,thu,84,3,999,0,nonexistent,1.4,94.465,-41.8,4.961,5228.1,no,0.065
47,management,married,professional.course,no,no,no,telephone,may,tue,195,1,999,0,nonexistent,1.1,93.994,-36.4,4.857,5191.0,no,0.065
58,retired,married,professional.course,no,yes,no,cellular,may,wed,47,1,999,0,nonexistent,-1.8,92.893,-46.2,1.334,5099.1,no,0.065
32,technician,single,professional.course,unknown,unknown,unknown,cellular,aug,fri,73,4,999,0,nonexistent,1.4,93.444,-36.1,4.964,5228.1,no,0.065
46,blue-collar,divorced,basic.9y,no,no,no,cellular,apr,tue,332,3,999,0,nonexistent,-1.8,93.075,-47.1,1.423,5099.1,no,0.065
43,admin.,single,university.degree,no,yes,no,cellular,aug,fri,213,2,999,0,nonexistent,1.4,93.444,-36.1,4.963,5228.1,no,0.065
34,technician,married,professional.course,no,no,no,cellular,nov,thu,144,1,999,0,nonexistent,-0.1,93.2,-42.0,4.076,5195.8,no,0.065
35,technician,divorced,professional.course,no,yes,no,cellular,aug,tue,536,2,999,0,nonexistent,1.4,93.444,-36.1,4.966,5228.1,no,0.065
56,retired,divorced,university.degree,no,yes,no,cellular,nov,tue,972,2,999,0,nonexistent,-0.1,93.2,-42.0,4.153,5195.8,no,0.065
31,management,married,university.degree,no,yes,no,cellular,jul,mon,1397,3,999,0,nonexistent,1.4,93.918,-42.7,4.962,5228.1,yes,0.065
34,entrepreneur,married,university.degree,no,yes,yes,telephone,apr,fri,130,1,999,0,nonexistent,-1.8,93.075,-47.1,1.405,5099.1,yes,0.065
34,entrepreneur,married,university.degree,no,yes,yes,telephone,jun,mon,265,3,999,0,nonexistent,1.4,94.465,-41.8,4.96,5228.1,no,0.065
57,blue-collar,married,basic.4y,unknown,yes,no,telephone,may,fri,42,3,999,0,nonexistent,1.1,93.994,-36.4,4.857,5191.0,no,0.065
32,technician,married,professional.course,no,yes,no,telephone,may,fri,322,2,999,0,nonexistent,1.1,93.994,-36.4,4.864,5191.0,no,0.065
48,management,married,basic.9y,no,yes,no,cellular,may,tue,725,1,999,0,nonexistent,-1.8,92.893,-46.2,1.291,5099.1,yes,0.065
45,blue-collar,married,basic.6y,unknown,no,no,telephone,jun,thu,333,1,999,0,nonexistent,1.4,94.465,-41.8,4.866,5228.1,no,0.065
33,blue-collar,single,basic.4y,no,yes,no,telephone,may,fri,23,3,999,1,failure,-1.8,92.893,-46.2,1.25,5099.1,no,0.065
48,management,married,university.degree,no,no,no,cellular,jul,thu,52,4,999,0,nonexistent,1.4,93.918,-42.7,4.968,5228.1,no,0.065
48,services,married,basic.9y,no,yes,no,cellular,jul,wed,107,4,999,0,nonexistent,1.4,93.918,-42.7,4.963,5228.1,no,0.065
59,management,married,university.degree,no,no,no,cellular,aug,wed,414,1,999,0,nonexistent,1.4,93.444,-36.1,4.964,5228.1,no,0.065
42,blue-collar,married,basic.4y,no,no,no,cellular,jul,mon,100,4,999,0,nonexistent,1.4,93.918,-42.7,4.96,5228.1,no,0.065
39,blue-collar,single,basic.4y,no,unknown,unknown,cellular,may,wed,1079,3,999,0,nonexistent,-1.8,92.893,-46.2,1.334,5099.1,no,0.065
54,self-employed,married,high.school,no,yes,no,cellular,aug,thu,204,4,999,0,nonexistent,1.4,93.444,-36.1,4.964,5228.1,no,0.065
26,technician,single,professional.course,no,no,yes,cellular,jul,wed,168,2,999,0,nonexistent,1.4,93.918,-42.7,4.957,5228.1,no,0.065
24,blue-collar,single,basic.9y,unknown,yes,no,cellular,jul,wed,213,1,999,0,nonexistent,1.4,93.918,-42.7,4.963,5228.1,no,0.065
47,admin.,married,basic.9y,no,yes,yes,cellular,apr,fri,795,3,999,1,failure,-1.8,93.075,-47.1,1.405,5099.1,no,0.065
51,management,married,university.degree,unknown,no,yes,telephone,jun,thu,93,1,999,0,nonexistent,1.4,94.465,-41.8,4.955,5228.1,no,0.065
30,blue-collar,married,basic.6y,no,yes,no,cellular,jul,wed,74,3,999,0,nonexistent,1.4,93.918,-42.7,4.963,5228.1,no,0.065
28,technician,single,university.degree,no,no,no,telephone,jun,mon,125,2,999,0,nonexistent,1.4,94.465,-41.8,4.947,5228.1,no,0.065
28,blue-collar,single,basic.4y,unknown,no,no,cellular,jul,tue,528,3,999,0,nonexistent,1.4,93.918,-42.7,4.961,5228.1,no,0.065
42,blue-collar,married,basic.4y,no,yes,no,cellular,apr,fri,486,1,999,1,failure,-1.8,93.075,-47.1,1.405,5099.1,no,0.065
38,blue-collar,married,basic.6y,unknown,yes,no,telephone,may,thu,125,1,999,0,nonexistent,1.1,93.994,-36.4,4.86,5191.0,no,0.065
28,services,single,high.school,no,no,no,telephone,jun,mon,689,3,999,0,nonexistent,1.4,94.465,-41.8,4.865,5228.1,no,0.065
39,admin.,married,university.degree,no,yes,no,cellular,nov,tue,305,1,999,0,nonexistent,-0.1,93.2,-42.0,4.153,5195.8,no,0.065
50,admin.,divorced,university.degree,no,yes,no,cellular,aug,tue,23,9,999,0,nonexistent,1.4,93.444,-36.1,4.965,5228.1,no,0.065
51,technician,married,professional.course,unknown,no,no,telephone,may,thu,337,1,999,0,nonexistent,1.1,93.994,-36.4,4.86,5191.0,no,0.065
26,blue-collar,married,basic.9y,unknown,no,no,cellular,may,thu,273,4,999,0,nonexistent,-1.8,92.893,-46.2,1.327,5099.1,no,0.065
60,retired,married,university.degree,no,no,no,cellular,aug,wed,332,2,999,0,nonexistent,1.4,93.444,-36.1,4.964,5228.1,no,0.065
36,admin.,married,high.school,no,no,no,cellular,jul,mon,74,7,999,0,nonexistent,1.4,93.918,-42.7,4.96,5228.1,no,0.065
30,self-employed,single,basic.9y,no,no,yes,telephone,oct,mon,5,1,999,0,nonexistent,-1.1,94.601,-49.5,0.953,4963.6,no,0.065
56,retired,married,basic.4y,no,no,no,telephone,may,wed,88,2,999,0,nonexistent,1.1,93.994,-36.4,4.857,5191.0,no,0.065
46,blue-collar,divorced,basic.6y,no,unknown,unknown,telephone,jun,thu,45,9,999,0,nonexistent,1.4,94.465,-41.8,4.961,5228.1,no,0.065
39,technician,divorced,high.school,no,yes,no,cellular,may,fri,21,8,999,1,failure,-1.8,92.893,-46.2,1.25,5099.1,no,0.065
49,management,married,university.degree,no,yes,yes,cellular,apr,fri,40,8,999,0,nonexistent,-1.8,93.075,-47.1,1.405,5099.1,no,0.065
32,services,single,high.school,no,no,no,telephone,jun,mon,223,2,999,0,nonexistent,1.4,94.465,-41.8,4.96,5228.1,no,0.065
39,technician,married,high.school,no,yes,yes,cellular,aug,wed,132,2,999,0,nonexistent,1.4,93.444,-36.1,4.967,5228.1,no,0.065
48,blue-collar,married,unknown,no,yes,no,cellular,aug,mon,16,10,999,0,nonexistent,1.4,93.444,-36.1,4.963,5228.1,no,0.065
50,blue-collar,single,basic.9y,unknown,yes,no,telephone,may,thu,236,3,999,0,nonexistent,1.1,93.994,-36.4,4.86,5191.0,no,0.065
30,blue-collar,single,basic.9y,no,no,yes,telephone,nov,wed,117,1,999,0,nonexistent,-0.1,93.2,-42.0,4.12,5195.8,no,0.065
37,admin.,single,university.degree,no,no,yes,cellular,jul,wed,312,5,999,0,nonexistent,1.4,93.918,-42.7,4.963,5228.1,no,0.065
48,services,married,basic.9y,no,no,no,cellular,jul,wed,271,6,999,0,nonexistent,1.4,93.918,-42.7,4.963,5228.1,no,0.065
58,admin.,married,basic.4y,unknown,no,no,cellular,may,fri,901,1,999,0,nonexistent,-1.8,92.893,-46.2,1.25,5099.1,yes,0.065
38,blue-collar,married,basic.4y,unknown,yes,no,telephone,jul,wed,31,6,999,0,nonexistent,1.4,93.918,-42.7,4.957,5228.1,no,0.065
31,blue-collar,married,basic.9y,no,yes,no,telephone,jun,wed,838,2,999,0,nonexistent,1.4,94.465,-41.8,4.959,5228.1,yes,0.065
57,retired,married,basic.4y,no,no,no,cellular,aug,wed,50,2,999,0,nonexistent,1.4,93.444,-36.1,4.964,5228.1,no,0.065
33,blue-collar,married,basic.9y,unknown,yes,no,cellular,may,thu,580,3,999,0,nonexistent,-1.8,92.893,-46.2,1.327,5099.1,no,0.065
31,blue-collar,married,basic.6y,no,no,no,telephone,jun,fri,1573,5,999,0,nonexistent,1.4,94.465,-41.8,4.959,5228.1,yes,0.065
43,blue-collar,married,basic.4y,unknown,yes,no,cellular,may,wed,147,1,999,0,nonexistent,-1.8,92.893,-46.2,1.334,5099.1,no,0.065
35,admin.,married,university.degree,no,yes,no,cellular,aug,thu,148,3,999,0,nonexistent,1.4,93.444,-36.1,4.962,5228.1,no,0.065
27,technician,married,professional.course,no,yes,no,telephone,jul,thu,185,1,999,0,nonexistent,1.4,93.918,-42.7,4.963,5228.1,no,0.065
39,admin.,married,basic.6y,unknown,no,no,telephone,may,wed,60,6,999,0,nonexistent,1.1,93.994,-36.4,4.857,5191.0,no,0.06484783238622643
37,blue-collar,married,basic.6y,no,yes,yes,cellular,may,tue,98,4,999,0,nonexistent,-1.8,92.893,-46.2,1.344,5099.1,no,0.06484693548906567
23,blue-collar,single,basic.9y,no,yes,no,telephone,jun,wed,507,2,999,0,nonexistent,1.4,94.465,-41.8,4.962,5228.1,no,0.06482504169732166
28,blue-collar,married,basic.6y,unknown,no,yes,cellular,may,thu,67,3,999,0,nonexistent,-1.8,92.893,-46.2,1.266,5099.1,no,0.06472276176024279
44,technician,divorced,professional.course,unknown,yes,no,cellular,apr,thu,18,3,999,1,failure,-1.8,93.075,-47.1,1.41,5099.1,no,0.06472192716236722
30,management,married,high.school,no,no,no,cellular,aug,mon,65,2,999,0,nonexistent,1.4,93.444,-36.1,4.965,5228.1,no,0.0647211684370258
52,blue-collar,married,basic.9y,no,unknown,unknown,cellular,aug,wed,70,2,999,0,nonexistent,1.4,93.444,-36.1,4.964,5228.1,no,0.06472003034901365
40,blue-collar,married,basic.9y,unknown,yes,no,cellular,apr,thu,324,1,999,1,failure,-1.8,93.075,-47.1,1.41,5099.1,no,0.06471965098634294
48,blue-collar,married,basic.4y,unknown,yes,no,cellular,aug,thu,115,3,999,0,nonexistent,1.4,93.444,-36.1,4.968,5228.1,no,0.06471312594840667
37,entrepreneur,single,basic.9y,unknown,yes,no,cellular,jul,tue,349,3,999,0,nonexistent,1.4,93.918,-42.7,4.962,5228.1,no,0.06470918057663126
30,admin.,single,high.school,unknown,yes,no,telephone,jun,tue,483,1,999,0,nonexistent,1.4,94.465,-41.8,4.961,5228.1,no,0.06460343638166688
31,admin.,single,basic.9y,no,no,no,cellular,jul,fri,978,1,999,0,nonexistent,1.4,93.918,-42.7,4.957,5228.1,yes,0.06456544407021227
32,technician,married,university.degree,no,no,no,cellular,jul,wed,124,1,999,0,nonexistent,1.4,93.918,-42.7,4.957,5228.1,no,0.06453644663179575
35,management,single,university.degree,no,yes,no,cellular,jul,tue,590,23,999,0,nonexistent,1.4,93.918,-42.7,4.961,5228.1,no,0.06450013657470637
41,services,married,basic.9y,no,yes,yes,telephone,may,thu,75,1,999,0,nonexistent,1.1,93.994,-36.4,4.86,5191.0,no,0.06442245827010622
31,admin.,married,university.degree,no,no,no,cellular,nov,wed,596,2,999,0,nonexistent,-0.1,93.2,-42.0,4.12,5195.8,no,0.06430953795869856
29,technician,unknown,high.school,no,yes,no,cellular,aug,wed,536,1,999,0,nonexistent,1.4,93.444,-36.1,4.965,5228.1,no,0.06430515033132232
32,admin.,married,university.degree,no,yes,no,cellular,aug,wed,1842,1,999,0,nonexistent,1.4,93.444,-36.1,4.965,5228.1,yes,0.06428027081799631
43,management,married,unknown,unknown,no,no,cellular,apr,thu,177,1,999,0,nonexistent,-1.8,93.075,-47.1,1.41,5099.1,no,0.06406182142727342
33,blue-collar,single,basic.9y,no,no,yes,cellular,jul,tue,141,2,999,0,nonexistent,1.4,93.918,-42.7,4.962,5228.1,no,0.06398077114701826
34,technician,single,university.degree,no,no,no,cellular,may,tue,882,1,999,0,nonexistent,-1.8,92.893,-46.2,1.291,5099.1,yes,0.06345812374045595
41,blue-collar,married,unknown,unknown,yes,no,cellular,jul,mon,285,1,999,0,nonexistent,1.4,93.918,-42.7,4.96,5228.1,no,0.06305911282274057
29,blue-collar,married,basic.9y,no,no,no,cellular,jul,wed,125,2,999,0,nonexistent,1.4,93.918,-42.7,4.963,5228.1,no,0.06266497481297034
35,admin.,single,university.degree,no,unknown,unknown,cellular,apr,mon,59,2,999,1,failure,-1.8,93.075,-47.1,1.405,5099.1,no,0.0625
36,technician,single,university.degree,no,no,no,telephone,nov,thu,61,3,999,0,nonexistent,-0.1,93.2,-42.0,4.076,5195.8,no,0.0625
55,management,married,university.degree,no,yes,no,cellular,may,mon,126,2,999,0,nonexistent,-1.8,92.893,-46.2,1.299,5099.1,no,0.0625
42,blue-collar,single,basic.4y,no,yes,no,cellular,jul,fri,112,2,999,0,nonexistent,1.4,93.918,-42.7,4.962,5228.1,no,0.0625
33,blue-collar,single,university.degree,no,yes,yes,cellular,may,wed,389,4,999,0,nonexistent,-1.8,92.893,-46.2,1.281,5099.1,no,0.0625
38,blue-collar,divorced,basic.6y,no,yes,yes,cellular,apr,mon,37,1,999,1,failure,-1.8,93.075,-47.1,1.405,5099.1,no,0.0625
53,self-employed,divorced,basic.9y,no,no,no,telephone,jun,fri,60,1,999,0,nonexistent,1.4,94.465,-41.8,4.959,5228.1,no,0.0625
52,retired,divorced,basic.4y,unknown,yes,yes,telephone,jun,thu,26,2,999,0,nonexistent,1.4,94.465,-41.8,4.961,5228.1,no,0.0625
36,admin.,divorced,high.school,no,yes,no,cellular,nov,wed,225,2,999,0,nonexistent,-0.1,93.2,-42.0,4.12,5195.8,no,0.0625
39,admin.,married,university.degree,no,no,no,cellular,jul,mon,171,3,999,0,nonexistent,1.4,93.918,-42.7,4.962,5228.1,no,0.0625
34,services,married,high.school,unknown,no,yes,cellular,may,tue,22,5,999,0,nonexistent,-1.8,92.893,-46.2,1.291,5099.1,no,0.0625
48,admin.,married,university.degree,no,yes,no,cellular,aug,wed,116,5,999,0,nonexistent,1.4,93.444,-36.1,4.964,5228.1,no,0.0625
24,services,single,high.school,no,yes,no,cellular,apr,tue,1594,1,999,1,failure,-1.8,93.075,-47.1,1.423,5099.1,yes,0.0625
37,technician,divorced,professional.course,no,no,yes,cellular,jul,mon,100,2,999,0,nonexistent,1.4,93.918,-42.7,4.96,5228.1,no,0.0625
28,unknown,single,basic.9y,unknown,yes,no,telephone,may,wed,99,2,999,0,nonexistent,1.1,93.994,-36.4,4.856,5191.0,no,0.0625
50,blue-collar,married,basic.4y,unknown,no,no,telephone,jun,wed,99,2,999,0,nonexistent,1.4,94.465,-41.8,4.864,5228.1,no,0.0625
41,admin.,married,university.degree,unknown,yes,no,cellular,nov,tue,61,1,999,0,nonexistent,-0.1,93.2,-42.0,4.153,5195.8,no,0.0625
31,technician,single,professional.course,no,unknown,unknown,cellular,aug,mon,202,7,999,0,nonexistent,1.4,93.444,-36.1,4.963,5228.1,no,0.0625
29,self-employed,married,professional.course,unknown,no,no,cellular,jul,wed,434,1,999,0,nonexistent,1.4,93.918,-42.7,4.963,5228.1,no,0.0625
57,blue-collar,divorced,basic.9y,no,yes,no,telephone,jun,tue,45,2,999,0,nonexistent,1.4,94.465,-41.8,4.864,5228.1,no,0.0625
36,blue-collar,married,basic.9y,unknown,no,yes,telephone,jun,mon,280,2,999,0,nonexistent,1.4,94.465,-41.8,4.865,5228.1,no,0.0625
46,technician,divorced,professional.course,unknown,yes,no,telephone,jun,fri,365,3,999,0,nonexistent,1.4,94.465,-41.8,4.959,5228.1,no,0.0625
29,admin.,married,university.degree,no,yes,no,cellular,jul,wed,161,1,999,0,nonexistent,1.4,93.918,-42.7,4.962,5228.1,no,0.0625
43,blue-collar,married,basic.9y,no,no,no,cellular,may,tue,322,4,999,0,nonexistent,-1.8,92.893,-46.2,1.344,5099.1,no,0.0625
32,unknown,single,basic.9y,no,yes,no,telephone,nov,mon,302,1,999,1,failure,-0.1,93.2,-42.0,4.191,5195.8,no,0.0625
32,technician,single,professional.course,no,no,no,cellular,may,thu,1060,2,999,0,nonexistent,-1.8,92.893,-46.2,1.266,5099.1,yes,0.0625
35,admin.,married,professional.course,no,no,no,cellular,nov,wed,616,2,999,0,nonexistent,-0.1,93.2,-42.0,4.12,5195.8,no,0.0625
26,services,married,high.school,no,unknown,unknown,cellular,jul,wed,136,6,999,0,nonexistent,1.4,93.918,-42.7,4.962,5228.1,no,0.0625
33,services,single,high.school,no,unknown,unknown,telephone,may,fri,271,1,999,0,nonexistent,1.1,93.994,-36.4,4.857,5191.0,no,0.0625
33,management,single,university.degree,no,yes,yes,telephone,may,tue,160,3,999,0,nonexistent,1.1,93.994,-36.4,4.856,5191.0,no,0.0625
34,self-employed,married,university.degree,no,no,no,cellular,aug,thu,78,2,999,0,nonexistent,-2.9,92.201,-31.4,0.873,5076.2,no,0.0625
41,services,married,high.school,no,yes,no,telephone,jun,tue,153,3,999,0,nonexistent,1.4,94.465,-41.8,4.961,5228.1,no,0.0625
33,admin.,married,university.degree,no,yes,yes,telephone,may,mon,895,12,999,0,nonexistent,-1.8,92.893,-46.2,1.244,5099.1,no,0.0625
46,technician,married,professional.course,no,no,yes,cellular,aug,tue,166,2,999,0,nonexistent,1.4,93.444,-36.1,4.968,5228.1,no,0.0625
34,technician,married,university.degree,no,no,no,telephone,jun,mon,321,1,999,0,nonexistent,1.4,94.465,-41.8,4.961,5228.1,no,0.0625
29,blue-collar,single,basic.4y,no,yes,no,cellular,may,fri,13,9,999,1,failure,-1.8,92.893,-46.2,1.25,5099.1,no,0.0625
42,entrepreneur,married,professional.course,no,yes,no,cellular,jul,thu,576,7,999,0,nonexistent,1.4,93.918,-42.7,4.968,5228.1,no,0.0625
43,blue-collar,married,basic.9y,unknown,yes,no,telephone,may,fri,226,2,999,0,nonexistent,1.1,93.994,-36.4,4.864,5191.0,no,0.0625
37,admin.,married,university.degree,no,no,no,cellular,jul,mon,60,4,999,0,nonexistent,1.4,93.918,-42.7,4.962,5228.1,no,0.0625
59,admin.,married,university.degree,no,no,no,telephone,may,mon,477,1,999,0,nonexistent,1.1,93.994,-36.4,4.857,5191.0,no,0.0625
34,blue-collar,married,professional.course,no,yes,no,cellular,apr,fri,377,1,999,0,nonexistent,-1.8,93.075,-47.1,1.405,5099.1,no,0.0625
47,management,married,professional.course,no,yes,no,cellular,apr,fri,239,2,999,1,failure,-1.8,93.075,-47.1,1.405,5099.1,no,0.0625
29,admin.,single,basic.9y,no,no,yes,cellular,may,wed,118,1,999,1,failure,-1.8,92.893,-46.2,1.281,5099.1,no,0.0625
29,entrepreneur,married,high.school,unknown,yes,no,telephone,jun,tue,284,3,999,0,nonexistent,1.4,94.465,-41.8,4.864,5228.1,no,0.0625
55,self-employed,married,university.degree,unknown,no,no,cellular,may,mon,217,3,999,1,failure,-1.8,92.893,-46.2,1.299,5099.1,no,0.0625
58,retired,married,high.school,no,no,no,cellular,jul,thu,119,1,999,0,nonexistent,1.4,93.918,-42.7,4.958,5228.1,no,0.0625
37,blue-collar,married,basic.9y,no,no,no,telephone,may,tue,77,1,999,0,nonexistent,1.1,93.994,-36.4,4.857,5191.0,no,0.0625
53,admin.,married,university.degree,no,no,no,telephone,jun,mon,541,19,999,0,nonexistent,1.4,94.465,-41.8,4.96,5228.1,no,0.0625
48,unemployed,single,basic.4y,no,yes,no,telephone,jun,mon,83,6,999,0,nonexistent,1.4,94.465,-41.8,4.865,5228.1,no,0.0625
27,admin.,single,university.degree,no,yes,no,telephone,jun,fri,329,1,999,0,nonexistent,-2.9,92.963,-40.8,1.268,5076.2,no,0.0625
44,services,divorced,high.school,no,yes,no,cellular,may,thu,533,1,999,0,nonexistent,-1.8,92.893,-46.2,1.266,5099.1,yes,0.0625
22,student,single,high.school,no,yes,no,cellular,may,thu,47,3,999,0,nonexistent,-1.8,92.893,-46.2,1.266,5099.1,no,0.0625
37,technician,married,professional.course,no,yes,no,cellular,aug,fri,73,4,999,0,nonexistent,1.4,93.444,-36.1,4.966,5228.1,no,0.0625
32,technician,single,university.degree,no,yes,no,cellular,aug,tue,178,4,999,0,nonexistent,1.4,93.444,-36.1,4.963,5228.1,no,0.0625
31,technician,single,university.degree,unknown,yes,yes,telephone,may,mon,206,1,999,0,nonexistent,1.1,93.994,-36.4,4.858,5191.0,no,0.0625
34,admin.,married,professional.course,no,yes,no,cellular,aug,wed,276,3,999,0,nonexistent,1.4,93.444,-36.1,4.967,5228.1,no,0.0625
58,blue-collar,married,basic.4y,unknown,yes,no,cellular,jul,wed,647,6,999,0,nonexistent,1.4,93.918,-42.7,4.963,5228.1,no,0.0625
38,technician,married,professional.course,no,yes,yes,telephone,jun,thu,46,1,999,0,nonexistent,1.4,94.465,-41.8,4.958,5228.1,no,0.0625
41,blue-collar,married,basic.9y,unknown,no,yes,cellular,apr,fri,251,1,999,1,failure,-1.8,93.075,-47.1,1.405,5099.1,no,0.0625
42,technician,single,university.degree,no,yes,yes,cellular,aug,wed,275,8,999,0,nonexistent,1.4,93.444,-36.1,4.965,5228.1,no,0.0625
51,services,married,basic.4y,no,yes,no,cellular,jul,fri,104,1,999,0,nonexistent,1.4,93.918,-42.7,4.957,5228.1,no,0.062351115827384396
76,management,married,unknown,no,no,no,cellular,sep,fri,879,1,999,0,nonexistent,-3.4,92.379,-29.8,0.803,5017.5,yes,0.062349666999131304
49,admin.,married,university.degree,no,no,yes,cellular,aug,tue,414,2,999,0,nonexistent,1.4,93.444,-36.1,4.968,5228.1,no,0.06223406676783005
52,unemployed,married,university.degree,unknown,no,yes,cellular,jul,fri,118,2,999,0,nonexistent,1.4,93.918,-42.7,4.963,5228.1,no,0.06222647951441578
53,admin.,married,basic.6y,no,yes,no,cellular,apr,fri,100,1,999,0,nonexistent,-1.8,93.075,-47.1,1.405,5099.1,no,0.06222344461305008
36,services,married,high.school,unknown,no,no,cellular,jul,wed,79,3,999,0,nonexistent,1.4,93.918,-42.7,4.963,5228.1,no,0.062219499241274664
37,services,married,professional.course,no,no,no,cellular,may,mon,336,2,999,0,nonexistent,-1.8,92.893,-46.2,1.244,5099.1,no,0.06221775417298938
60,retired,married,high.school,no,no,no,cellular,may,thu,512,3,999,0,nonexistent,-1.8,92.893,-46.2,1.266,5099.1,no,0.06221707132018209
28,technician,married,basic.9y,no,unknown,unknown,cellular,jul,mon,153,2,999,0,nonexistent,1.4,93.918,-42.7,4.96,5228.1,no,0.062071829061439876
34,admin.,married,university.degree,no,no,no,telephone,may,mon,79,5,999,0,nonexistent,1.1,93.994,-36.4,4.857,5191.0,no,0.06199333904201342
45,blue-collar,single,high.school,no,yes,no,cellular,may,fri,146,1,999,0,nonexistent,-1.8,92.893,-46.2,1.25,5099.1,no,0.06194279210925645
33,management,single,university.degree,no,yes,no,cellular,jul,fri,415,2,999,0,nonexistent,1.4,93.918,-42.7,4.957,5228.1,yes,0.06170725906155473
31,admin.,single,university.degree,no,yes,no,cellular,jul,wed,1327,2,999,0,nonexistent,1.4,93.918,-42.7,4.963,5228.1,yes,0.06143274643426817
35,technician,single,professional.course,no,no,no,cellular,aug,tue,513,2,999,0,nonexistent,1.4,93.444,-36.1,4.968,5228.1,no,0.06136708648098341
51,admin.,married,university.degree,no,yes,no,cellular,nov,wed,93,1,999,0,nonexistent,-0.1,93.2,-42.0,4.12,5195.8,no,0.06135558311139896
24,student,single,high.school,no,yes,no,telephone,may,thu,287,2,999,0,nonexistent,1.1,93.994,-36.4,4.855,5191.0,no,0.061285919612977476
44,blue-collar,single,professional.course,no,no,no,cellular,may,mon,104,1,999,0,nonexistent,-1.8,92.893,-46.2,1.264,5099.1,no,0.06126711482484671
42,self-employed,married,university.degree,unknown,yes,no,cellular,aug,tue,91,2,999,0,nonexistent,1.4,93.444,-36.1,4.966,5228.1,no,0.0611282674489088
30,self-employed,single,high.school,no,no,no,cellular,nov,tue,52,1,999,0,nonexistent,-0.1,93.2,-42.0,4.153,5195.8,no,0.060952001630126
30,technician,married,university.degree,no,yes,no,cellular,aug,wed,95,1,999,0,nonexistent,1.4,93.444,-36.1,4.964,5228.1,no,0.060917323488380325
52,services,divorced,basic.6y,no,yes,no,cellular,aug,tue,683,2,999,0,nonexistent,1.4,93.444,-36.1,4.968,5228.1,no,0.06039596103344068
39,self-employed,married,basic.9y,no,yes,no,cellular,may,fri,744,1,999,0,nonexistent,-1.8,92.893,-46.2,1.25,5099.1,yes,0.06011011277803843
41,blue-collar,single,basic.4y,no,yes,no,cellular,jul,thu,421,6,999,0,nonexistent,1.4,93.918,-42.7,4.963,5228.1,no,0.06
39,admin.,single,high.school,no,no,no,cellular,jul,tue,48,2,999,0,nonexistent,1.4,93.918,-42.7,4.961,5228.1,no,0.06
40,entrepreneur,married,basic.9y,no,no,no,telephone,nov,tue,40,1,999,0,nonexistent,-0.1,93.2,-42.0,4.153,5195.8,no,0.06
50,blue-collar,divorced,basic.9y,unknown,no,no,telephone,jun,tue,108,6,999,0,nonexistent,1.4,94.465,-41.8,4.961,5228.1,no,0.06
32,admin.,married,high.school,no,yes,yes,cellular,may,wed,231,2,999,0,nonexistent,-1.8,92.893,-46.2,1.334,5099.1,no,0.06
42,management,married,high.school,no,yes,yes,cellular,nov,thu,164,3,999,1,failure,-0.1,93.2,-42.0,4.076,5195.8,no,0.06
37,unemployed,married,professional.course,no,no,no,telephone,may,thu,140,1,999,0,nonexistent,1.1,93.994,-36.4,4.855,5191.0,no,0.06
33,admin.,divorced,high.school,no,yes,no,cellular,aug,fri,57,3,999,0,nonexistent,1.4,93.444,-36.1,4.966,5228.1,no,0.06
30,blue-collar,married,unknown,no,no,yes,telephone,jun,tue,118,2,999,0,nonexistent,1.4,94.465,-41.8,4.864,5228.1,no,0.06
31,blue-collar,married,basic.9y,no,no,no,telephone,may,tue,203,2,999,0,nonexistent,1.1,93.994,-36.4,4.856,5191.0,no,0.06
22,housemaid,single,high.school,no,yes,yes,cellular,jul,mon,767,12,999,0,nonexistent,1.4,93.918,-42.7,4.962,5228.1,no,0.06
43,self-employed,single,high.school,unknown,no,no,cellular,may,wed,79,1,999,1,failure,-1.8,92.893,-46.2,1.281,5099.1,no,0.06
54,blue-collar,married,basic.4y,unknown,no,no,cellular,jul,mon,163,3,999,0,nonexistent,1.4,93.918,-42.7,4.962,5228.1,no,0.06
56,blue-collar,married,basic.4y,unknown,no,no,cellular,jul,mon,55,3,999,0,nonexistent,1.4,93.918,-42.7,4.962,5228.1,no,0.06
27,admin.,single,high.school,unknown,yes,no,cellular,may,tue,132,3,999,0,nonexistent,-1.8,92.893,-46.2,1.291,5099.1,no,0.06
28,admin.,single,university.degree,no,yes,no,telephone,jun,wed,355,1,999,0,nonexistent,1.4,94.465,-41.8,4.962,5228.1,no,0.06
35,admin.,married,university.degree,no,yes,no,telephone,jun,fri,463,4,999,0,nonexistent,1.4,94.465,-41.8,4.967,5228.1,no,0.06
39,services,single,high.school,unknown,no,no,telephone,may,thu,206,1,999,0,nonexistent,1.1,93.994,-36.4,4.86,5191.0,no,0.06
42,services,married,professional.course,no,yes,no,telephone,may,tue,1205,1,999,0,nonexistent,1.1,93.994,-36.4,4.857,5191.0,yes,0.06
40,services,divorced,high.school,no,yes,no,telephone,apr,fri,501,3,999,0,nonexistent,-1.8,93.075,-47.1,1.405,5099.1,no,0.06
48,technician,married,basic.6y,no,yes,no,cellular,may,thu,158,2,999,0,nonexistent,-1.8,92.893,-46.2,1.27,5099.1,no,0.06
35,technician,married,professional.course,no,yes,no,cellular,aug,mon,207,3,999,0,nonexistent,1.4,93.444,-36.1,4.963,5228.1,no,0.06
48,services,married,high.school,unknown,no,no,cellular,nov,wed,303,3,999,0,nonexistent,-0.1,93.2,-42.0,4.12,5195.8,no,0.06
46,entrepreneur,married,university.degree,no,unknown,unknown,cellular,nov,mon,254,1,999,0,nonexistent,-0.1,93.2,-42.0,4.191,5195.8,no,0.06
27,blue-collar,single,basic.9y,no,no,no,cellular,may,fri,167,2,999,1,failure,-1.8,92.893,-46.2,1.25,5099.1,no,0.06
38,self-employed,single,basic.9y,unknown,yes,yes,telephone,jun,fri,375,5,999,0,nonexistent,1.4,94.465,-41.8,4.959,5228.1,no,0.06
48,admin.,single,university.degree,no,yes,no,cellular,nov,wed,210,2,999,0,nonexistent,-0.1,93.2,-42.0,4.12,5195.8,no,0.06
34,blue-collar,married,basic.9y,no,yes,no,cellular,jul,tue,1412,4,999,0,nonexistent,1.4,93.918,-42.7,4.961,5228.1,no,0.06
52,admin.,married,university.degree,no,no,no,cellular,may,wed,429,3,999,1,failure,-1.8,92.893,-46.2,1.281,5099.1,yes,0.06
31,services,single,university.degree,no,yes,no,telephone,jun,tue,57,1,999,0,nonexistent,1.4,94.465,-41.8,4.961,5228.1,no,0.06
46,admin.,divorced,high.school,no,no,no,cellular,apr,tue,345,2,999,0,nonexistent,-1.8,93.075,-47.1,1.453,5099.1,no,0.06
34,technician,divorced,unknown,no,yes,yes,cellular,jul,thu,470,4,999,0,nonexistent,1.4,93.918,-42.7,4.968,5228.1,no,0.06
36,services,single,high.school,no,no,yes,cellular,jul,tue,257,5,999,0,nonexistent,1.4,93.918,-42.7,4.961,5228.1,no,0.06
37,entrepreneur,single,professional.course,no,no,no,cellular,jul,fri,274,5,999,0,nonexistent,1.4,93.918,-42.7,4.957,5228.1,no,0.06
56,blue-collar,single,basic.4y,no,yes,no,cellular,jul,mon,758,1,999,0,nonexistent,1.4,93.918,-42.7,4.96,5228.1,no,0.06
33,admin.,single,professional.course,no,yes,no,telephone,nov,fri,240,2,999,0,nonexistent,-0.1,93.2,-42.0,4.021,5195.8,no,0.06
33,blue-collar,married,basic.9y,no,no,no,telephone,jul,fri,286,2,999,0,nonexistent,1.4,93.918,-42.7,4.962,5228.1,no,0.06
32,technician,married,high.school,no,no,no,cellular,may,wed,195,3,999,1,failure,-1.8,92.893,-46.2,1.281,5099.1,no,0.06
37,blue-collar,married,basic.9y,no,yes,yes,telephone,may,fri,198,1,999,0,nonexistent,1.1,93.994,-36.4,4.855,5191.0,no,0.06
34,management,married,university.degree,no,no,yes,telephone,may,tue,234,5,999,0,nonexistent,1.1,93.994,-36.4,4.856,5191.0,no,0.06
42,blue-collar,married,unknown,no,no,yes,telephone,may,fri,248,4,999,0,nonexistent,1.1,93.994,-36.4,4.857,5191.0,no,0.06
29,admin.,divorced,unknown,no,no,no,cellular,jul,wed,222,1,999,0,nonexistent,1.4,93.918,-42.7,4.963,5228.1,no,0.06
26,admin.,married,high.school,no,yes,no,cellular,apr,mon,90,10,999,0,nonexistent,-1.8,93.075,-47.1,1.466,5099.1,no,0.06
59,retired,married,professional.course,unknown,yes,no,telephone,jun,wed,59,8,999,0,nonexistent,1.4,94.465,-41.8,4.959,5228.1,no,0.06
31,technician,single,university.degree,no,yes,no,cellular,may,mon,120,2,999,0,nonexistent,-1.8,92.893,-46.2,1.299,5099.1,no,0.06
31,technician,married,professional.course,no,yes,no,cellular,aug,mon,50,10,999,0,nonexistent,1.4,93.444,-36.1,4.965,5228.1,no,0.06
42,technician,married,university.degree,no,no,yes,cellular,jul,thu,65,2,999,0,nonexistent,1.4,93.918,-42.7,4.968,5228.1,no,0.06
37,technician,divorced,professional.course,no,no,no,cellular,may,wed,109,1,999,0,nonexistent,-1.8,92.893,-46.2,1.281,5099.1,no,0.06
27,admin.,married,university.degree,no,no,yes,telephone,may,mon,86,1,999,1,failure,-1.8,92.893,-46.2,1.264,5099.1,no,0.06
29,admin.,married,high.school,no,no,yes,cellular,jul,tue,165,3,999,0,nonexistent,1.4,93.918,-42.7,4.962,5228.1,no,0.06
60,retired,married,university.degree,unknown,unknown,unknown,telephone,may,tue,81,1,999,0,nonexistent,1.1,93.994,-36.4,4.856,5191.0,no,0.06
56,admin.,married,university.degree,no,yes,yes,cellular,nov,tue,147,2,999,0,nonexistent,-0.1,93.2,-42.0,4.153,5195.8,no,0.06
27,unemployed,married,basic.9y,no,no,no,telephone,may,thu,84,14,999,0,nonexistent,1.1,93.994,-36.4,4.86,5191.0,no,0.06
41,unemployed,divorced,high.school,no,no,no,telephone,jun,tue,175,1,999,0,nonexistent,1.4,94.465,-41.8,4.864,5228.1,no,0.06
37,entrepreneur,married,university.degree,no,no,no,cellular,nov,wed,184,4,999,0,nonexistent,-0.1,93.2,-42.0,4.12,5195.8,no,0.06
38,blue-collar,married,unknown,unknown,no,no,cellular,jul,mon,340,3,999,0,nonexistent,1.4,93.918,-42.7,4.96,5228.1,no,0.06
47,admin.,married,university.degree,no,no,no,telephone,jun,fri,134,1,999,0,nonexistent,1.4,94.465,-41.8,4.959,5228.1,no,0.06
39,services,married,basic.4y,no,no,no,telephone,may,thu,126,2,999,0,nonexistent,1.1,93.994,-36.4,4.86,5191.0,no,0.06
54,entrepreneur,married,basic.9y,no,no,yes,telephone,jun,fri,249,6,999,0,nonexistent,1.4,94.465,-41.8,4.967,5228.1,no,0.06
31,blue-collar,single,unknown,no,yes,no,telephone,jun,mon,400,1,999,0,nonexistent,1.4,94.465,-41.8,4.961,5228.1,no,0.06
32,housemaid,married,university.degree,no,yes,no,telephone,jun,wed,52,1,999,0,nonexistent,1.4,94.465,-41.8,4.864,5228.1,no,0.06
44,blue-collar,married,basic.6y,no,no,no,cellular,apr,fri,239,1,999,2,failure,-1.8,93.075,-47.1,1.405,5099.1,no,0.06
22,student,single,high.school,no,unknown,unknown,telephone,jun,tue,1199,2,999,0,nonexistent,1.4,94.465,-41.8,4.961,5228.1,no,0.06
37,entrepreneur,married,university.degree,no,yes,no,cellular,nov,mon,843,1,999,0,nonexistent,-3.4,92.649,-30.1,0.714,5017.5,no,0.06
42,entrepreneur,married,high.school,no,yes,no,telephone,may,wed,67,2,999,0,nonexistent,1.1,93.994,-36.4,4.857,5191.0,no,0.06
43,admin.,married,university.degree,unknown,no,no,cellular,aug,tue,101,1,999,0,nonexistent,1.4,93.444,-36.1,4.966,5228.1,no,0.06
59,retired,married,high.school,no,yes,no,cellular,aug,mon,370,2,999,0,nonexistent,1.4,93.444,-36.1,4.97,5228.1,no,0.06
59,retired,married,basic.9y,unknown,yes,no,cellular,aug,wed,80,1,999,0,nonexistent,1.4,93.444,-36.1,4.964,5228.1,no,0.06
59,blue-collar,divorced,basic.4y,unknown,yes,no,cellular,jul,mon,254,3,999,0,nonexistent,1.4,93.918,-42.7,4.962,5228.1,no,0.06
51,blue-collar,married,basic.4y,no,no,no,cellular,may,thu,159,1,999,1,failure,-1.8,92.893,-46.2,1.266,5099.1,no,0.06
53,self-employed,married,basic.4y,no,no,no,cellular,nov,tue,505,2,999,0,nonexistent,-0.1,93.2,-42.0,4.153,5195.8,no,0.06
33,blue-collar,married,basic.9y,no,yes,no,cellular,jul,tue,327,5,999,0,nonexistent,1.4,93.918,-42.7,4.962,5228.1,no,0.06
31,admin.,single,university.degree,no,no,no,telephone,jun,mon,104,1,999,0,nonexistent,1.4,94.465,-41.8,4.961,5228.1,no,0.06
51,blue-collar,married,basic.4y,no,no,no,cellular,jul,fri,46,1,999,0,nonexistent,1.4,93.918,-42.7,4.962,5228.1,no,0.05990003277613897
40,entrepreneur,married,basic.4y,unknown,yes,no,cellular,jul,wed,448,2,999,0,nonexistent,1.4,93.918,-42.7,4.963,5228.1,no,0.059780720934591115
31,management,single,university.degree,no,yes,no,cellular,nov,thu,140,1,999,0,nonexistent,-0.1,93.2,-42.0,4.076,5195.8,no,0.059721016691957514
40,technician,divorced,high.school,no,yes,yes,cellular,nov,wed,243,2,999,1,failure,-0.1,93.2,-42.0,4.12,5195.8,no,0.05971722306525038
37,blue-collar,married,basic.4y,no,no,no,cellular,may,thu,345,1,999,0,nonexistent,-1.8,92.893,-46.2,1.266,5099.1,yes,0.05971221547799696
47,admin.,married,university.degree,unknown,yes,no,cellular,aug,mon,39,1,999,0,nonexistent,1.4,93.444,-36.1,4.965,5228.1,no,0.05967309231287658
40,blue-collar,married,basic.6y,unknown,yes,no,cellular,may,fri,1080,1,999,0,nonexistent,-1.8,92.893,-46.2,1.313,5099.1,yes,0.05962392617332085
44,management,divorced,university.degree,no,no,no,cellular,apr,fri,1091,1,999,1,failure,-1.8,93.075,-47.1,1.479,5099.1,no,0.059599457036973204
35,technician,married,university.degree,no,yes,no,cellular,nov,tue,63,2,999,0,nonexistent,-0.1,93.2,-42.0,4.153,5195.8,no,0.05957601482088256
31,blue-collar,married,basic.4y,no,yes,no,cellular,may,wed,158,1,999,1,failure,-1.8,92.893,-46.2,1.281,5099.1,no,0.05956566252224066
27,admin.,single,high.school,no,yes,no,cellular,may,mon,156,1,999,0,nonexistent,-1.8,92.893,-46.2,1.299,5099.1,no,0.059498662006444214
27,admin.,married,basic.6y,no,no,no,cellular,may,fri,550,2,999,1,failure,-1.8,92.893,-46.2,1.25,5099.1,no,0.05948323718297594
52,blue-collar,married,basic.9y,no,yes,no,cellular,jul,mon,228,2,999,0,nonexistent,1.4,93.918,-42.7,4.96,5228.1,no,0.05942185128983308
29,unemployed,married,basic.4y,unknown,yes,no,cellular,nov,thu,166,3,999,0,nonexistent,-0.1,93.2,-42.0,4.076,5195.8,no,0.0593221534589011
28,technician,single,professional.course,no,yes,no,cellular,may,wed,244,1,999,0,nonexistent,-1.8,92.893,-46.2,1.281,5099.1,no,0.05932140193885161
38,blue-collar,married,basic.9y,no,yes,no,cellular,jul,wed,305,2,999,0,nonexistent,1.4,93.918,-42.7,4.963,5228.1,no,0.05920909421788468
36,admin.,divorced,high.school,no,no,no,cellular,nov,wed,424,1,999,0,nonexistent,-0.1,93.2,-42.0,4.12,5195.8,no,0.05916725059625438
39,admin.,married,high.school,no,yes,no,cellular,nov,thu,50,1,999,0,nonexistent,-0.1,93.2,-42.0,4.076,5195.8,no,0.05905505781692657
59,technician,single,university.degree,unknown,yes,no,cellular,aug,thu,95,1,999,0,nonexistent,1.4,93.444,-36.1,4.964,5228.1,no,0.0589895870616615
33,technician,married,high.school,no,yes,yes,cellular,aug,mon,85,3,999,0,nonexistent,1.4,93.444,-36.1,4.965,5228.1,no,0.05884049239558002
29,services,single,high.school,unknown,yes,no,cellular,jul,fri,289,2,999,0,nonexistent,1.4,93.918,-42.7,4.963,5228.1,no,0.05882854707015789
34,admin.,married,high.school,unknown,no,no,cellular,jul,wed,241,2,999,0,nonexistent,1.4,93.918,-42.7,4.957,5228.1,no,0.0584981630389487
49,blue-collar,married,basic.4y,unknown,no,no,telephone,jul,tue,122,1,999,0,nonexistent,1.4,93.918,-42.7,4.955,5228.1,no,0.058312592362781766
41,blue-collar,single,basic.4y,unknown,yes,no,cellular,may,wed,247,1,999,0,nonexistent,-1.8,92.893,-46.2,1.281,5099.1,no,0.05814389585558146
33,admin.,married,high.school,no,no,no,cellular,jul,fri,595,2,999,0,nonexistent,1.4,93.918,-42.7,4.957,5228.1,no,0.05801432944578454
33,self-employed,single,university.degree,no,no,no,telephone,jun,thu,111,1,999,0,nonexistent,1.4,94.465,-41.8,4.961,5228.1,no,0.0575
33,technician,single,professional.course,no,yes,no,cellular,may,wed,519,2,999,2,failure,-1.8,92.893,-46.2,1.334,5099.1,yes,0.0575
25,services,married,high.school,unknown,no,no,telephone,may,fri,89,1,999,0,nonexistent,1.1,93.994,-36.4,4.857,5191.0,no,0.0575
46,admin.,single,university.degree,no,yes,no,cellular,may,mon,801,5,999,1,failure,-1.8,92.893,-46.2,1.244,5099.1,yes,0.0575
53,services,married,university.degree,no,no,no,telephone,may,fri,45,2,999,0,nonexistent,-1.8,92.893,-46.2,1.25,5099.1,no,0.0575
57,technician,divorced,basic.6y,no,yes,no,cellular,may,mon,86,4,999,0,nonexistent,-1.8,92.893,-46.2,1.244,5099.1,no,0.0575
26,blue-collar,married,basic.9y,no,no,no,cellular,may,wed,45,2,999,2,failure,-1.8,92.893,-46.2,1.334,5099.1,no,0.0575
30,technician,single,professional.course,no,yes,no,cellular,nov,thu,127,2,999,1,failure,-0.1,93.2,-42.0,4.076,5195.8,no,0.0575
29,admin.,married,high.school,no,no,no,telephone,may,tue,214,2,999,0,nonexistent,1.1,93.994,-36.4,4.856,5191.0,no,0.0575
50,admin.,married,university.degree,unknown,yes,no,telephone,jun,thu,153,6,999,0,nonexistent,1.4,94.465,-41.8,4.958,5228.1,no,0.0575
35,technician,married,professional.course,no,yes,yes,telephone,jun,mon,329,4,999,0,nonexistent,1.4,94.465,-41.8,4.961,5228.1,no,0.0575
28,technician,divorced,university.degree,no,yes,no,cellular,jul,mon,247,1,999,0,nonexistent,1.4,93.918,-42.7,4.96,5228.1,no,0.0575
43,technician,single,professional.course,no,yes,no,telephone,jun,wed,184,3,999,0,nonexistent,1.4,94.465,-41.8,4.959,5228.1,no,0.0575
38,blue-collar,married,basic.9y,no,no,no,telephone,jun,fri,693,3,999,0,nonexistent,1.4,94.465,-41.8,4.959,5228.1,yes,0.0575
48,blue-collar,married,basic.4y,no,no,yes,cellular,jul,fri,425,2,999,0,nonexistent,1.4,93.918,-42.7,4.959,5228.1,no,0.0575
32,blue-collar,married,basic.9y,no,no,no,telephone,jun,fri,93,2,999,0,nonexistent,1.4,94.465,-41.8,4.967,5228.1,no,0.0575
36,admin.,single,university.degree,no,yes,yes,cellular,nov,wed,118,1,999,0,nonexistent,-0.1,93.2,-42.0,4.12,5195.8,no,0.0575
45,self-employed,single,professional.course,unknown,yes,no,telephone,may,wed,77,4,999,0,nonexistent,1.1,93.994,-36.4,4.859,5191.0,no,0.0575
33,technician,married,university.degree,no,yes,no,cellular,aug,tue,664,3,999,0,nonexistent,1.4,93.444,-36.1,4.966,5228.1,yes,0.0575
49,admin.,married,high.school,no,no,no,cellular,jul,tue,443,1,999,0,nonexistent,1.4,93.918,-42.7,4.961,5228.1,no,0.0575
38,admin.,married,university.degree,no,yes,no,cellular,apr,fri,107,1,999,0,nonexistent,-1.8,93.075,-47.1,1.405,5099.1,yes,0.0575
49,housemaid,married,professional.course,no,no,no,telephone,may,thu,565,1,999,0,nonexistent,1.1,93.994,-36.4,4.86,5191.0,no,0.0575
54,technician,single,basic.9y,no,no,no,telephone,jun,mon,186,3,999,0,nonexistent,1.4,94.465,-41.8,4.961,5228.1,no,0.0575
31,management,married,university.degree,no,yes,no,cellular,nov,wed,196,1,999,0,nonexistent,-0.1,93.2,-42.0,4.12,5195.8,no,0.0575
42,admin.,divorced,university.degree,no,no,no,telephone,jun,fri,26,4,999,0,nonexistent,1.4,94.465,-41.8,4.959,5228.1,no,0.0575
43,self-employed,divorced,university.degree,unknown,yes,no,telephone,jun,tue,363,4,999,0,nonexistent,1.4,94.465,-41.8,4.958,5228.1,no,0.0575
36,blue-collar,married,basic.9y,unknown,yes,no,cellular,may,tue,39,5,999,0,nonexistent,-1.8,92.893,-46.2,1.344,5099.1,no,0.0575
29,blue-collar,married,high.school,no,no,no,telephone,jun,thu,718,13,999,0,nonexistent,1.4,94.465,-41.8,4.866,5228.1,no,0.0575
42,entrepreneur,married,high.school,no,yes,no,telephone,may,fri,81,1,999,0,nonexistent,1.1,93.994,-36.4,4.857,5191.0,no,0.0575
55,admin.,married,university.degree,no,unknown,unknown,cellular,nov,thu,187,2,999,0,nonexistent,-0.1,93.2,-42.0,4.076,5195.8,no,0.0575
32,blue-collar,single,basic.9y,no,yes,no,cellular,nov,thu,75,2,999,0,nonexistent,-0.1,93.2,-42.0,4.076,5195.8,no,0.0575
33,admin.,single,university.degree,no,yes,yes,cellular,aug,wed,102,1,999,0,nonexistent,1.4,93.444,-36.1,4.967,5228.1,no,0.0575
44,services,married,high.school,unknown,yes,no,telephone,nov,fri,76,1,999,1,failure,-0.1,93.2,-42.0,4.021,5195.8,no,0.0575
46,self-employed,married,university.degree,no,no,yes,cellular,jul,tue,1220,12,999,0,nonexistent,1.4,93.918,-42.7,4.961,5228.1,no,0.0575
30,blue-collar,married,basic.6y,unknown,yes,no,telephone,jun,tue,482,2,999,0,nonexistent,1.4,94.465,-41.8,4.864,5228.1,yes,0.0575
47,self-employed,married,basic.9y,unknown,yes,no,telephone,jul,mon,135,10,999,0,nonexistent,1.4,93.918,-42.7,4.962,5228.1,no,0.0575
36,services,married,high.school,no,unknown,unknown,cellular,apr,tue,104,3,999,0,nonexistent,-1.8,93.075,-47.1,1.423,5099.1,no,0.0575
50,entrepreneur,married,professional.course,no,yes,yes,cellular,aug,thu,184,1,999,0,nonexistent,1.4,93.444,-36.1,4.968,5228.1,no,0.0575
41,blue-collar,single,university.degree,no,no,no,cellular,jul,mon,357,1,999,0,nonexistent,1.4,93.918,-42.7,4.96,5228.1,no,0.0575
24,technician,single,professional.course,no,no,no,cellular,jul,fri,73,4,999,0,nonexistent,1.4,93.918,-42.7,4.957,5228.1,no,0.0575
31,services,single,high.school,no,no,no,telephone,may,fri,76,3,999,0,nonexistent,1.1,93.994,-36.4,4.864,5191.0,no,0.0575
37,services,divorced,high.school,no,yes,no,telephone,jun,tue,42,4,999,0,nonexistent,1.4,94.465,-41.8,4.961,5228.1,no,0.0575
38,management,single,basic.9y,unknown,yes,no,cellular,nov,thu,972,2,999,0,nonexistent,-0.1,93.2,-42.0,4.076,5195.8,no,0.0575
60,retired,divorced,university.degree,no,yes,no,telephone,jun,fri,98,4,999,0,nonexistent,1.4,94.465,-41.8,4.959,5228.1,no,0.0575
53,blue-collar,married,basic.4y,no,no,no,telephone,jun,thu,627,1,999,0,nonexistent,1.4,94.465,-41.8,4.866,5228.1,no,0.0575
33,admin.,single,high.school,unknown,yes,no,telephone,apr,mon,58,5,999,0,nonexistent,-1.8,93.075,-47.1,1.405,5099.1,no,0.0575
31,blue-collar,married,basic.6y,unknown,yes,yes,telephone,may,mon,161,1,999,0,nonexistent,1.1,93.994,-36.4,4.857,5191.0,no,0.0575
39,blue-collar,married,basic.6y,no,no,no,cellular,jul,mon,178,1,999,0,nonexistent,1.4,93.918,-42.7,4.96,5228.1,no,0.0575
37,blue-collar,unknown,basic.6y,unknown,no,yes,telephone,may,fri,34,2,999,0,nonexistent,1.1,93.994,-36.4,4.864,5191.0,no,0.0575
50,technician,married,university.degree,no,no,yes,cellular,jul,fri,337,2,999,0,nonexistent,1.4,93.918,-42.7,4.962,5228.1,no,0.0575
36,technician,married,university.degree,no,yes,no,cellular,may,mon,219,2,999,0,nonexistent,-1.8,92.893,-46.2,1.299,5099.1,no,0.0575
53,services,married,basic.9y,unknown,no,no,cellular,aug,mon,79,1,999,0,nonexistent,1.4,93.444,-36.1,4.97,5228.1,no,0.0575
41,admin.,single,high.school,no,yes,yes,telephone,may,wed,166,2,999,0,nonexistent,1.1,93.994,-36.4,4.859,5191.0,no,0.0575
30,management,single,high.school,no,no,yes,cellular,nov,tue,322,1,999,0,nonexistent,-0.1,93.2,-42.0,4.153,5195.8,no,0.0575
52,admin.,married,high.school,no,no,no,cellular,jul,wed,131,7,999,0,nonexistent,1.4,93.918,-42.7,4.957,5228.1,no,0.0575
32,admin.,divorced,university.degree,no,yes,yes,cellular,may,mon,156,5,999,0,nonexistent,-1.8,92.893,-46.2,1.244,5099.1,no,0.0575
38,self-employed,divorced,basic.9y,no,yes,yes,cellular,jul,thu,119,3,999,0,nonexistent,1.4,93.918,-42.7,4.968,5228.1,no,0.0575
37,admin.,married,basic.9y,no,yes,no,cellular,may,tue,24,7,999,0,nonexistent,-1.8,92.893,-46.2,1.344,5099.1,no,0.0575
51,management,married,basic.9y,no,yes,no,telephone,jul,wed,208,2,999,0,nonexistent,1.4,93.918,-42.7,4.963,5228.1,no,0.0575
37,self-employed,single,university.degree,no,no,yes,cellular,may,fri,101,1,999,0,nonexistent,-1.8,92.893,-46.2,1.313,5099.1,no,0.0575
55,unemployed,married,high.school,no,no,no,telephone,jun,fri,154,8,999,0,nonexistent,1.4,94.465,-41.8,4.959,5228.1,no,0.0575
33,blue-collar,single,basic.9y,no,yes,no,cellular,nov,thu,175,1,999,0,nonexistent,-0.1,93.2,-42.0,4.076,5195.8,no,0.0575
48,blue-collar,married,basic.6y,unknown,no,no,telephone,may,wed,22,6,999,0,nonexistent,-1.8,92.893,-46.2,1.334,5099.1,no,0.0575
49,housemaid,divorced,basic.4y,no,no,no,telephone,jun,fri,114,4,999,0,nonexistent,1.4,94.465,-41.8,4.947,5228.1,no,0.0575
40,technician,married,professional.course,no,unknown,unknown,cellular,aug,mon,139,7,999,0,nonexistent,1.4,93.444,-36.1,4.965,5228.1,no,0.0575
46,admin.,single,university.degree,no,yes,no,cellular,may,mon,92,1,999,0,nonexistent,-1.8,92.893,-46.2,1.264,5099.1,no,0.0575
46,blue-collar,married,basic.6y,no,no,no,telephone,jun,tue,32,3,999,0,nonexistent,1.4,94.465,-41.8,4.958,5228.1,no,0.0575
47,admin.,divorced,university.degree,no,no,no,cellular,aug,thu,235,7,999,0,nonexistent,1.4,93.444,-36.1,4.968,5228.1,no,0.0575
55,technician,single,professional.course,no,yes,yes,telephone,nov,fri,54,4,999,0,nonexistent,-0.1,93.2,-42.0,4.021,5195.8,no,0.0575
38,admin.,single,basic.9y,no,no,yes,telephone,may,thu,110,3,999,0,nonexistent,1.1,93.994,-36.4,4.86,5191.0,no,0.0575
59,retired,married,university.degree,unknown,no,no,cellular,aug,thu,91,1,999,0,nonexistent,1.4,93.444,-36.1,4.964,5228.1,no,0.0575
44,admin.,married,high.school,no,yes,no,telephone,may,wed,378,1,999,0,nonexistent,1.1,93.994,-36.4,4.856,5191.0,no,0.057474267229108866
50,management,married,professional.course,no,yes,no,cellular,nov,fri,381,1,999,1,failure,-0.1,93.2,-42.0,4.021,5195.8,no,0.057403082125292014
55,blue-collar,married,basic.4y,no,yes,no,cellular,apr,fri,248,2,999,0,nonexistent,-1.8,93.075,-47.1,1.405,5099.1,no,0.0572206373292868
46,blue-collar,married,basic.4y,no,no,no,cellular,may,thu,87,1,999,0,nonexistent,-1.8,92.893,-46.2,1.266,5099.1,no,0.05721221547799696
29,admin.,single,university.degree,unknown,no,no,cellular,aug,fri,88,1,999,0,nonexistent,1.4,93.444,-36.1,4.966,5228.1,no,0.05717496710010947
54,blue-collar,married,basic.4y,no,no,no,cellular,apr,thu,104,1,999,1,failure,-1.8,93.075,-47.1,1.41,5099.1,no,0.057097316159048804
35,self-employed,single,university.degree,no,no,yes,cellular,nov,wed,197,1,3,1,success,-0.1,93.2,-42.0,4.12,5195.8,no,0.05707223455478463
46,housemaid,divorced,basic.4y,unknown,no,yes,cellular,jul,tue,518,1,999,0,nonexistent,1.4,93.918,-42.7,4.961,5228.1,no,0.057060579062453105
26,services,single,high.school,no,no,no,telephone,jun,fri,363,1,999,0,nonexistent,1.4,94.465,-41.8,4.967,5228.1,no,0.057003211698783654
35,technician,single,university.degree,unknown,no,no,cellular,apr,mon,712,1,999,0,nonexistent,-1.8,93.075,-47.1,1.405,5099.1,no,0.056995838449993175
33,services,married,high.school,no,yes,no,cellular,jul,fri,396,1,999,0,nonexistent,1.4,93.918,-42.7,4.962,5228.1,no,0.056593714221225555
30,self-employed,married,professional.course,no,no,no,cellular,aug,fri,132,1,999,0,nonexistent,1.4,93.444,-36.1,4.964,5228.1,no,0.05652820237931337
35,unemployed,married,high.school,no,no,yes,telephone,jul,thu,84,1,999,0,nonexistent,1.4,93.918,-42.7,4.958,5228.1,no,0.05642439448410291
29,admin.,single,university.degree,no,yes,no,cellular,nov,thu,341,2,999,0,nonexistent,-0.1,93.2,-42.0,4.076,5195.8,no,0.056054945482629036
48,entrepreneur,married,university.degree,no,no,no,cellular,aug,fri,83,1,999,0,nonexistent,1.4,93.444,-36.1,4.966,5228.1,no,0.05600642665516482
33,services,single,high.school,no,yes,no,cellular,may,thu,437,2,999,0,nonexistent,-1.8,92.893,-46.2,1.266,5099.1,no,0.05598652749092202
36,admin.,single,university.degree,no,no,no,cellular,aug,wed,142,1,999,0,nonexistent,1.4,93.444,-36.1,4.965,5228.1,no,0.05593044063987881
57,technician,divorced,professional.course,no,unknown,unknown,cellular,nov,fri,87,1,999,0,nonexistent,-0.1,93.2,-42.0,4.021,5195.8,no,0.05570754682750761
26,student,single,university.degree,unknown,no,yes,cellular,jul,fri,226,2,999,0,nonexistent,1.4,93.918,-42.7,4.963,5228.1,no,0.0551001859735733
36,blue-collar,married,unknown,unknown,no,no,telephone,may,tue,127,1,999,0,nonexistent,1.1,93.994,-36.4,4.856,5191.0,no,0.055
59,retired,married,high.school,unknown,no,no,telephone,may,wed,294,2,999,0,nonexistent,1.1,93.994,-36.4,4.858,5191.0,no,0.055
45,blue-collar,single,basic.9y,no,no,no,cellular,apr,mon,129,1,999,0,nonexistent,-1.8,93.075,-47.1,1.466,5099.1,no,0.055
35,blue-collar,married,basic.6y,no,no,no,cellular,may,wed,96,2,999,1,failure,-1.8,92.893,-46.2,1.281,5099.1,no,0.055
40,blue-collar,married,high.school,no,no,no,cellular,jul,tue,405,2,999,0,nonexistent,1.4,93.918,-42.7,4.961,5228.1,no,0.055
41,admin.,divorced,university.degree,no,yes,no,cellular,aug,wed,116,2,999,0,nonexistent,1.4,93.444,-36.1,4.964,5228.1,no,0.055
30,blue-collar,single,basic.9y,unknown,yes,no,cellular,apr,mon,145,4,999,0,nonexistent,-1.8,93.075,-47.1,1.405,5099.1,no,0.055
48,admin.,married,basic.9y,no,no,no,cellular,may,fri,311,2,999,0,nonexistent,-1.8,92.893,-46.2,1.313,5099.1,no,0.055
38,admin.,married,university.degree,no,yes,no,telephone,may,fri,80,2,999,0,nonexistent,1.1,93.994,-36.4,4.859,5191.0,no,0.055
41,technician,divorced,professional.course,no,yes,no,cellular,aug,wed,122,4,999,0,nonexistent,1.4,93.444,-36.1,4.964,5228.1,no,0.055
31,technician,married,professional.course,no,no,no,cellular,apr,mon,551,3,999,1,failure,-1.8,93.075,-47.1,1.466,5099.1,no,0.055
55,management,married,university.degree,unknown,yes,no,cellular,nov,fri,280,2,999,0,nonexistent,-0.1,93.2,-42.0,4.021,5195.8,no,0.055
35,technician,divorced,professional.course,no,no,no,cellular,aug,tue,101,3,999,0,nonexistent,1.4,93.444,-36.1,4.968,5228.1,no,0.055
49,retired,divorced,professional.course,no,yes,yes,telephone,aug,tue,128,8,999,0,nonexistent,1.4,93.444,-36.1,4.966,5228.1,no,0.055
44,admin.,married,basic.9y,no,yes,no,cellular,may,fri,133,1,999,0,nonexistent,-1.8,92.893,-46.2,1.25,5099.1,no,0.055
36,management,married,university.degree,no,no,no,cellular,may,fri,268,1,999,0,nonexistent,-1.8,92.893,-46.2,1.25,5099.1,no,0.055
28,admin.,single,university.degree,no,no,yes,cellular,jul,thu,93,1,999,0,nonexistent,1.4,93.918,-42.7,4.963,5228.1,no,0.055
32,admin.,single,university.degree,no,no,no,cellular,may,wed,532,2,999,0,nonexistent,-1.8,92.893,-46.2,1.27,5099.1,no,0.055
40,blue-collar,single,basic.9y,no,no,no,cellular,apr,wed,274,1,999,1,failure,-1.8,93.075,-47.1,1.498,5099.1,no,0.055
42,blue-collar,married,basic.9y,no,yes,no,cellular,jul,thu,57,3,999,0,nonexistent,1.4,93.918,-42.7,4.963,5228.1,no,0.055
35,technician,married,professional.course,no,no,no,cellular,jul,wed,151,8,999,0,nonexistent,1.4,93.918,-42.7,4.963,5228.1,no,0.055
43,blue-collar,married,basic.4y,unknown,unknown,unknown,cellular,may,mon,485,2,999,0,nonexistent,-1.8,92.893,-46.2,1.299,5099.1,no,0.055
32,management,married,university.degree,no,no,no,telephone,jun,fri,80,4,999,0,nonexistent,1.4,94.465,-41.8,4.947,5228.1,no,0.055
36,management,married,basic.9y,no,no,no,cellular,may,wed,50,1,999,1,failure,-1.8,92.893,-46.2,1.334,5099.1,no,0.055
43,unemployed,married,professional.course,no,no,no,telephone,aug,tue,18,12,999,0,nonexistent,1.4,93.444,-36.1,4.963,5228.1,no,0.055
31,blue-collar,married,basic.6y,unknown,unknown,unknown,telephone,may,wed,67,5,999,0,nonexistent,1.1,93.994,-36.4,4.858,5191.0,no,0.055
50,blue-collar,married,basic.9y,unknown,no,no,telephone,may,mon,463,1,999,0,nonexistent,1.1,93.994,-36.4,4.857,5191.0,no,0.055
39,blue-collar,single,basic.4y,unknown,no,no,cellular,jul,fri,541,7,999,0,nonexistent,1.4,93.918,-42.7,4.957,5228.1,no,0.055
55,housemaid,married,high.school,unknown,yes,no,cellular,may,fri,14,8,999,2,failure,-1.8,92.893,-46.2,1.25,5099.1,no,0.055
27,services,single,university.degree,no,yes,no,cellular,apr,thu,201,1,999,0,nonexistent,-1.8,93.075,-47.1,1.41,5099.1,no,0.055
59,retired,married,basic.6y,unknown,no,no,telephone,jun,wed,235,5,999,0,nonexistent,1.4,94.465,-41.8,4.864,5228.1,no,0.055
53,management,married,university.degree,unknown,yes,no,cellular,nov,mon,536,2,999,0,nonexistent,-0.1,93.2,-42.0,4.191,5195.8,no,0.055
52,blue-collar,married,basic.4y,no,no,no,telephone,jun,wed,154,2,999,0,nonexistent,1.4,94.465,-41.8,4.864,5228.1,no,0.055
55,unemployed,married,basic.4y,unknown,yes,no,telephone,may,wed,140,2,999,0,nonexistent,1.1,93.994,-36.4,4.857,5191.0,no,0.055
37,admin.,single,university.degree,no,yes,yes,cellular,nov,wed,844,2,999,0,nonexistent,-0.1,93.2,-42.0,4.12,5195.8,no,0.055
46,blue-collar,married,basic.9y,unknown,no,no,telephone,may,thu,346,6,999,0,nonexistent,1.1,93.994,-36.4,4.86,5191.0,no,0.055
29,admin.,single,basic.9y,unknown,no,yes,telephone,jun,tue,569,2,999,0,nonexistent,1.4,94.465,-41.8,4.864,5228.1,no,0.055
24,technician,married,high.school,unknown,no,no,cellular,jul,wed,517,4,999,0,nonexistent,1.4,93.918,-42.7,4.963,5228.1,no,0.055
34,admin.,married,university.degree,unknown,yes,no,cellular,aug,wed,206,1,999,0,nonexistent,1.4,93.444,-36.1,4.965,5228.1,no,0.055
49,technician,married,university.degree,no,yes,no,cellular,may,wed,89,1,999,1,failure,-1.8,92.893,-46.2,1.334,5099.1,no,0.055
25,admin.,single,university.degree,no,no,no,cellular,may,mon,8,5,999,0,nonexistent,-1.8,92.893,-46.2,1.244,5099.1,no,0.055
38,technician,single,university.degree,no,no,no,telephone,jun,tue,206,1,999,0,nonexistent,1.4,94.465,-41.8,4.961,5228.1,no,0.055
36,entrepreneur,married,university.degree,no,no,yes,telephone,may,fri,180,1,999,0,nonexistent,1.1,93.994,-36.4,4.855,5191.0,no,0.055
36,blue-collar,married,basic.9y,no,yes,yes,cellular,apr,tue,99,1,999,0,nonexistent,-1.8,93.075,-47.1,1.453,5099.1,no,0.055
45,blue-collar,married,basic.6y,no,yes,no,cellular,apr,mon,170,1,999,1,failure,-1.8,93.075,-47.1,1.405,5099.1,no,0.055
57,blue-collar,married,basic.9y,no,yes,no,cellular,jul,tue,106,2,999,0,nonexistent,1.4,93.918,-42.7,4.961,5228.1,no,0.055
33,blue-collar,single,basic.9y,no,no,no,cellular,apr,fri,419,1,999,0,nonexistent,-1.8,93.075,-47.1,1.405,5099.1,no,0.055
41,unemployed,married,basic.9y,no,yes,no,cellular,apr,mon,272,1,999,0,nonexistent,-1.8,93.075,-47.1,1.466,5099.1,no,0.055
31,blue-collar,married,basic.9y,no,yes,yes,cellular,may,tue,33,3,999,0,nonexistent,-1.8,92.893,-46.2,1.291,5099.1,no,0.055
41,unemployed,married,basic.9y,no,yes,no,cellular,apr,mon,263,1,999,0,nonexistent,-1.8,93.075,-47.1,1.466,5099.1,no,0.055
35,technician,single,high.school,unknown,no,no,cellular,aug,fri,1258,1,999,0,nonexistent,1.4,93.444,-36.1,4.964,5228.1,yes,0.055
31,blue-collar,single,basic.9y,no,no,no,cellular,may,wed,459,4,999,0,nonexistent,-1.8,92.893,-46.2,1.334,5099.1,no,0.055
45,management,divorced,high.school,no,no,yes,cellular,aug,mon,78,1,999,0,nonexistent,1.4,93.444,-36.1,4.97,5228.1,no,0.055
57,management,married,university.degree,no,yes,no,cellular,aug,thu,77,2,999,0,nonexistent,1.4,93.444,-36.1,4.962,5228.1,no,0.055
30,services,married,high.school,no,yes,no,telephone,nov,thu,156,7,999,0,nonexistent,-0.1,93.2,-42.0,4.076,5195.8,no,0.055
28,technician,single,university.degree,unknown,no,no,telephone,may,fri,352,1,999,0,nonexistent,1.1,93.994,-36.4,4.855,5191.0,no,0.055
55,management,married,basic.9y,no,no,no,cellular,nov,fri,189,2,999,1,failure,-0.1,93.2,-42.0,4.021,5195.8,no,0.055
44,blue-collar,divorced,unknown,no,no,yes,telephone,may,thu,94,1,999,0,nonexistent,1.1,93.994,-36.4,4.86,5191.0,no,0.055
42,blue-collar,married,basic.9y,no,no,no,telephone,jun,tue,235,3,999,0,nonexistent,1.4,94.465,-41.8,4.864,5228.1,no,0.055
43,unemployed,married,university.degree,unknown,no,no,telephone,may,thu,456,1,999,0,nonexistent,1.1,93.994,-36.4,4.86,5191.0,no,0.055
29,admin.,single,university.degree,no,yes,yes,telephone,may,wed,266,2,999,0,nonexistent,1.1,93.994,-36.4,4.859,5191.0,no,0.055
51,services,married,high.school,unknown,no,no,telephone,jul,wed,372,1,999,0,nonexistent,1.4,93.918,-42.7,4.956,5228.1,no,0.055
45,services,married,high.school,unknown,yes,yes,telephone,aug,thu,187,2,999,0,nonexistent,1.4,93.444,-36.1,4.964,5228.1,no,0.055
39,technician,single,professional.course,unknown,no,no,cellular,aug,mon,198,1,999,0,nonexistent,1.4,93.444,-36.1,4.97,5228.1,no,0.055
34,admin.,single,basic.6y,no,no,no,cellular,may,thu,22,11,999,0,nonexistent,-1.8,92.893,-46.2,1.327,5099.1,no,0.055
36,student,single,basic.9y,unknown,yes,yes,cellular,may,thu,432,3,999,0,nonexistent,-1.8,92.893,-46.2,1.327,5099.1,no,0.055
39,services,married,high.school,unknown,yes,yes,cellular,may,fri,19,6,999,0,nonexistent,-1.8,92.893,-46.2,1.313,5099.1,no,0.055
34,blue-collar,married,basic.6y,no,no,no,cellular,may,tue,319,2,999,1,failure,-1.8,92.893,-46.2,1.344,5099.1,no,0.055
51,entrepreneur,married,basic.6y,unknown,yes,yes,cellular,jul,fri,124,2,999,0,nonexistent,1.4,93.918,-42.7,4.962,5228.1,no,0.055
36,retired,married,high.school,no,no,no,telephone,may,fri,192,20,999,0,nonexistent,1.1,93.994,-36.4,4.859,5191.0,no,0.055
41,blue-collar,married,basic.9y,no,yes,yes,telephone,jun,fri,109,3,999,0,nonexistent,1.4,94.465,-41.8,4.959,5228.1,no,0.055
45,admin.,divorced,university.degree,no,yes,no,cellular,aug,mon,390,5,999,0,nonexistent,1.4,93.444,-36.1,4.965,5228.1,no,0.055
40,housemaid,divorced,basic.9y,no,yes,no,cellular,aug,thu,144,1,999,0,nonexistent,1.4,93.444,-36.1,4.968,5228.1,no,0.054924086890294384
38,entrepreneur,single,university.degree,no,no,no,cellular,aug,mon,115,2,999,0,nonexistent,1.4,93.444,-36.1,4.963,5228.1,no,0.05492347678416104
33,admin.,married,university.degree,unknown,yes,no,cellular,jul,tue,83,2,999,0,nonexistent,1.4,93.918,-42.7,4.962,5228.1,no,0.05485192477698304
55,admin.,married,university.degree,no,no,no,cellular,jul,mon,73,4,999,0,nonexistent,1.4,93.918,-42.7,4.962,5228.1,no,0.05485145649797441
51,admin.,married,university.degree,no,no,no,cellular,jul,mon,455,3,999,0,nonexistent,1.4,93.918,-42.7,4.962,5228.1,no,0.05485145649797441
41,self-employed,married,university.degree,no,no,no,cellular,aug,thu,314,2,999,0,nonexistent,1.4,93.444,-36.1,4.968,5228.1,no,0.054728755690440056
34,technician,married,university.degree,no,yes,no,telephone,jun,wed,250,2,999,0,nonexistent,1.4,94.465,-41.8,4.962,5228.1,no,0.05472283763277694
45,blue-collar,married,basic.4y,unknown,yes,no,cellular,aug,tue,528,7,999,0,nonexistent,1.4,93.444,-36.1,4.963,5228.1,no,0.05472048558421851
42,blue-collar,married,basic.9y,no,yes,no,cellular,jul,thu,829,5,999,0,nonexistent,1.4,93.918,-42.7,4.963,5228.1,yes,0.05471911987860395
29,self-employed,married,basic.9y,unknown,yes,no,telephone,jul,wed,188,1,999,0,nonexistent,1.4,93.918,-42.7,4.957,5228.1,no,0.054608851364956995
39,blue-collar,married,university.degree,no,no,no,cellular,jul,thu,188,1,999,0,nonexistent,1.4,93.918,-42.7,4.963,5228.1,no,0.05460445744512642
41,blue-collar,married,basic.4y,unknown,yes,no,cellular,apr,fri,145,1,999,1,failure,-1.8,93.075,-47.1,1.405,5099.1,no,0.054577507762702024
45,blue-collar,divorced,basic.9y,no,yes,no,cellular,jul,mon,146,2,999,0,nonexistent,1.4,93.918,-42.7,4.962,5228.1,no,0.05452146679661694
45,technician,divorced,professional.course,no,no,no,cellular,aug,tue,94,10,999,0,nonexistent,1.4,93.444,-36.1,4.965,5228.1,no,0.05449522510231923
26,blue-collar,single,basic.9y,no,yes,no,cellular,jul,tue,36,2,999,0,nonexistent,1.4,93.918,-42.7,4.961,5228.1,no,0.054488122480113324
40,blue-collar,divorced,basic.9y,no,yes,no,cellular,nov,tue,67,1,999,1,failure,-0.1,93.2,-42.0,4.153,5195.8,no,0.05432122278692235
34,entrepreneur,married,university.degree,unknown,yes,no,cellular,aug,mon,343,2,999,0,nonexistent,1.4,93.444,-36.1,4.965,5228.1,no,0.05432078681685356
42,admin.,single,university.degree,no,no,no,cellular,nov,wed,72,1,999,0,nonexistent,-0.1,93.2,-42.0,4.12,5195.8,no,0.0542937958692499
33,technician,single,professional.course,no,no,no,cellular,jul,thu,165,1,999,0,nonexistent,1.4,93.918,-42.7,4.963,5228.1,no,0.05408181398830423
37,services,single,professional.course,no,yes,no,cellular,may,fri,279,1,999,0,nonexistent,-1.8,92.893,-46.2,1.313,5099.1,no,0.05403372333590735
38,admin.,divorced,high.school,no,yes,no,cellular,jun,wed,1361,1,999,1,failure,-2.9,92.963,-40.8,1.26,5076.2,no,0.05387503565424668
31,services,married,high.school,no,no,yes,cellular,may,tue,284,3,999,1,failure,-1.8,92.893,-46.2,1.344,5099.1,no,0.05381661509198504
50,entrepreneur,married,basic.4y,unknown,no,no,cellular,jul,thu,180,1,999,0,nonexistent,1.4,93.918,-42.7,4.958,5228.1,no,0.05376004212769876
32,technician,divorced,high.school,no,yes,yes,cellular,aug,mon,56,2,999,0,nonexistent,1.4,93.444,-36.1,4.965,5228.1,no,0.0531169020798917
43,technician,married,professional.course,no,no,no,cellular,aug,wed,78,2,999,0,nonexistent,1.4,93.444,-36.1,4.964,5228.1,no,0.05310774126540424
30,admin.,single,university.degree,no,yes,no,cellular,aug,tue,173,9,999,0,nonexistent,1.4,93.444,-36.1,4.963,5228.1,no,0.05271144520381931
32,services,single,high.school,no,yes,no,telephone,jun,fri,23,11,999,0,nonexistent,1.4,94.465,-41.8,4.959,5228.1,no,0.0525
56,admin.,divorced,basic.6y,no,no,no,cellular,jul,thu,614,5,999,0,nonexistent,1.4,93.918,-42.7,4.958,5228.1,no,0.0525
28,self-employed,married,university.degree,no,yes,no,telephone,nov,wed,20,1,999,1,failure,-0.1,93.2,-42.0,4.12,5195.8,no,0.0525
35,admin.,single,university.degree,no,yes,no,telephone,may,tue,153,1,999,0,nonexistent,1.1,93.994,-36.4,4.856,5191.0,no,0.0525
43,services,divorced,professional.course,no,no,no,cellular,may,fri,196,2,999,0,nonexistent,-1.8,92.893,-46.2,1.313,5099.1,no,0.0525
29,admin.,single,university.degree,no,no,no,telephone,jun,tue,71,1,999,0,nonexistent,1.4,94.465,-41.8,4.961,5228.1,no,0.0525
37,housemaid,divorced,basic.9y,unknown,yes,no,telephone,may,mon,226,2,999,0,nonexistent,-1.8,92.893,-46.2,1.299,5099.1,no,0.0525
44,blue-collar,married,basic.6y,no,yes,yes,telephone,may,mon,668,7,999,0,nonexistent,1.1,93.994,-36.4,4.858,5191.0,no,0.0525
38,self-employed,single,university.degree,no,no,no,telephone,may,thu,459,2,999,0,nonexistent,1.1,93.994,-36.4,4.855,5191.0,no,0.0525
45,unemployed,married,university.degree,no,yes,no,cellular,aug,mon,211,3,999,0,nonexistent,1.4,93.444,-36.1,4.97,5228.1,no,0.0525
36,management,married,university.degree,unknown,no,no,telephone,aug,fri,208,4,999,0,nonexistent,1.4,93.444,-36.1,4.964,5228.1,no,0.0525
36,admin.,divorced,high.school,no,yes,no,cellular,may,wed,191,1,999,1,failure,-1.8,92.893,-46.2,1.281,5099.1,no,0.0525
40,blue-collar,married,basic.4y,no,yes,no,cellular,may,thu,433,1,999,0,nonexistent,-1.8,92.893,-46.2,1.266,5099.1,no,0.0525
38,housemaid,married,high.school,unknown,no,no,telephone,may,thu,384,4,999,0,nonexistent,1.1,93.994,-36.4,4.86,5191.0,no,0.0525
36,self-employed,married,basic.6y,unknown,no,no,cellular,aug,mon,233,7,999,0,nonexistent,1.4,93.444,-36.1,4.963,5228.1,no,0.0525
36,admin.,divorced,high.school,no,yes,yes,telephone,jun,fri,354,5,999,0,nonexistent,1.4,94.465,-41.8,4.967,5228.1,no,0.0525
31,self-employed,single,high.school,no,no,no,cellular,jul,tue,364,2,999,0,nonexistent,1.4,93.918,-42.7,4.961,5228.1,no,0.0525
35,blue-collar,unknown,basic.9y,no,no,no,telephone,may,tue,81,5,999,0,nonexistent,-1.8,92.893,-46.2,1.291,5099.1,no,0.0525
28,technician,married,professional.course,no,yes,no,cellular,may,wed,10,5,999,0,nonexistent,-1.8,92.893,-46.2,1.281,5099.1,no,0.0525
33,services,married,high.school,no,yes,no,telephone,jul,tue,32,7,999,0,nonexistent,1.4,93.918,-42.7,4.961,5228.1,no,0.0525
49,technician,married,professional.course,no,yes,no,telephone,may,mon,232,1,999,0,nonexistent,1.1,93.994,-36.4,4.857,5191.0,no,0.0525
39,blue-collar,married,basic.6y,no,no,no,telephone,jun,tue,196,4,999,0,nonexistent,1.4,94.465,-41.8,4.961,5228.1,no,0.0525
31,blue-collar,married,basic.6y,unknown,yes,no,telephone,may,thu,27,3,999,0,nonexistent,-1.8,92.893,-46.2,1.266,5099.1,no,0.0525
33,services,married,high.school,unknown,no,no,telephone,may,mon,164,3,999,0,nonexistent,1.1,93.994,-36.4,4.857,5191.0,no,0.0525
33,technician,divorced,professional.course,no,no,no,telephone,jun,thu,26,5,999,0,nonexistent,1.4,94.465,-41.8,4.961,5228.1,no,0.0525
39,management,single,university.degree,no,no,no,cellular,apr,fri,952,2,999,1,failure,-1.8,93.075,-47.1,1.405,5099.1,no,0.0525
24,admin.,single,high.school,no,no,no,cellular,may,thu,797,2,999,0,nonexistent,-1.8,92.893,-46.2,1.266,5099.1,no,0.0525
54,entrepreneur,divorced,university.degree,no,yes,yes,telephone,jun,mon,28,8,999,0,nonexistent,1.4,94.465,-41.8,4.865,5228.1,no,0.0525
29,management,single,high.school,no,no,yes,cellular,jul,tue,103,4,999,0,nonexistent,1.4,93.918,-42.7,4.961,5228.1,no,0.0525
38,technician,single,professional.course,no,yes,no,cellular,jul,tue,170,3,999,0,nonexistent,1.4,93.918,-42.7,4.961,5228.1,no,0.0525
30,blue-collar,single,high.school,no,no,no,telephone,may,fri,76,2,999,0,nonexistent,1.1,93.994,-36.4,4.857,5191.0,no,0.0525
32,admin.,single,basic.9y,unknown,no,no,telephone,may,thu,44,3,999,0,nonexistent,1.1,93.994,-36.4,4.86,5191.0,no,0.0525
54,admin.,single,university.degree,no,no,no,cellular,nov,tue,67,1,999,0,nonexistent,-0.1,93.2,-42.0,4.153,5195.8,no,0.0525
51,blue-collar,married,basic.4y,no,yes,yes,telephone,may,mon,387,1,999,0,nonexistent,1.1,93.994,-36.4,4.858,5191.0,no,0.0525
35,technician,married,professional.course,no,no,no,cellular,aug,fri,222,6,999,0,nonexistent,1.4,93.444,-36.1,4.964,5228.1,no,0.0525
40,technician,married,professional.course,no,no,no,telephone,jun,wed,389,5,999,0,nonexistent,1.4,94.465,-41.8,4.864,5228.1,no,0.0525
29,unemployed,single,university.degree,no,yes,no,telephone,jun,wed,201,2,999,0,nonexistent,1.4,94.465,-41.8,4.864,5228.1,no,0.0525
30,blue-collar,married,basic.9y,unknown,yes,no,cellular,jul,thu,18,11,999,0,nonexistent,1.4,93.918,-42.7,4.958,5228.1,no,0.0525
50,self-employed,married,university.degree,no,yes,no,telephone,jun,fri,306,2,999,0,nonexistent,1.4,94.465,-41.8,4.967,5228.1,no,0.0525
50,blue-collar,married,basic.4y,unknown,yes,yes,telephone,jun,fri,144,15,999,0,nonexistent,1.4,94.465,-41.8,4.967,5228.1,no,0.0525
49,technician,married,professional.course,no,yes,no,telephone,jun,fri,10,14,999,0,nonexistent,1.4,94.465,-41.8,4.959,5228.1,no,0.0525
33,entrepreneur,single,professional.course,no,no,no,telephone,jul,mon,143,3,999,0,nonexistent,1.4,93.918,-42.7,4.96,5228.1,no,0.0525
36,admin.,single,high.school,no,yes,no,cellular,apr,fri,140,1,999,0,nonexistent,-1.8,93.075,-47.1,1.405,5099.1,no,0.0525
46,admin.,single,university.degree,no,yes,yes,cellular,may,mon,11,5,999,1,failure,-1.8,92.893,-46.2,1.244,5099.1,no,0.0525
27,blue-collar,married,basic.6y,unknown,yes,no,telephone,jun,mon,235,1,999,0,nonexistent,1.4,94.465,-41.8,4.865,5228.1,no,0.0525
47,admin.,married,high.school,unknown,no,no,cellular,aug,thu,144,8,999,0,nonexistent,1.4,93.444,-36.1,4.962,5228.1,no,0.0525
47,services,married,high.school,no,yes,no,cellular,aug,fri,207,1,999,0,nonexistent,1.4,93.444,-36.1,4.966,5228.1,no,0.0525
36,admin.,married,high.school,no,yes,yes,telephone,jun,wed,208,1,999,0,nonexistent,1.4,94.465,-41.8,4.962,5228.1,no,0.0525
25,admin.,single,university.degree,no,yes,no,cellular,may,wed,209,1,999,1,failure,-1.8,92.893,-46.2,1.334,5099.1,no,0.0525
53,admin.,divorced,university.degree,no,unknown,unknown,cellular,aug,fri,91,10,999,0,nonexistent,1.4,93.444,-36.1,4.964,5228.1,no,0.0525
36,admin.,single,high.school,unknown,yes,yes,cellular,jul,mon,393,5,999,0,nonexistent,1.4,93.918,-42.7,4.962,5228.1,no,0.0525
32,services,married,high.school,no,no,yes,cellular,nov,wed,222,1,999,0,nonexistent,-0.1,93.2,-42.0,4.12,5195.8,no,0.0525
51,unemployed,married,professional.course,unknown,no,no,telephone,may,wed,912,2,999,0,nonexistent,1.1,93.994,-36.4,4.856,5191.0,no,0.0525
54,admin.,married,university.degree,unknown,no,no,cellular,jul,fri,67,3,999,0,nonexistent,1.4,93.918,-42.7,4.962,5228.1,no,0.0525
41,admin.,single,university.degree,no,yes,no,cellular,nov,tue,105,5,999,1,failure,-0.1,93.2,-42.0,4.153,5195.8,no,0.0525
46,services,married,high.school,no,no,no,telephone,apr,mon,60,1,999,0,nonexistent,-1.8,93.075,-47.1,1.405,5099.1,no,0.0525
47,blue-collar,single,basic.9y,no,yes,no,telephone,may,thu,54,1,999,0,nonexistent,1.1,93.994,-36.4,4.86,5191.0,no,0.0525
55,admin.,married,university.degree,unknown,yes,yes,telephone,may,wed,232,2,999,0,nonexistent,1.1,93.994,-36.4,4.858,5191.0,no,0.0525
54,blue-collar,married,basic.4y,no,yes,no,cellular,aug,mon,43,3,999,0,nonexistent,1.4,93.444,-36.1,4.965,5228.1,no,0.0525
35,services,married,high.school,no,yes,yes,cellular,jun,tue,126,1,999,1,failure,-2.9,92.963,-40.8,1.262,5076.2,no,0.0525
59,technician,married,unknown,unknown,no,no,cellular,may,fri,739,2,999,1,failure,-1.8,92.893,-46.2,1.25,5099.1,no,0.0525
35,admin.,married,high.school,no,no,no,telephone,jun,fri,179,21,999,0,nonexistent,1.4,94.465,-41.8,4.959,5228.1,no,0.0525
56,blue-collar,divorced,high.school,no,no,no,telephone,nov,fri,68,1,999,0,nonexistent,-0.1,93.2,-42.0,4.021,5195.8,no,0.0525
38,student,single,unknown,unknown,yes,yes,cellular,jul,mon,76,4,999,0,nonexistent,1.4,93.918,-42.7,4.962,5228.1,no,0.0525
57,technician,divorced,basic.4y,no,yes,no,telephone,may,thu,452,2,999,0,nonexistent,1.1,93.994,-36.4,4.86,5191.0,no,0.0525
43,management,married,university.degree,unknown,no,no,cellular,jul,mon,93,2,999,0,nonexistent,1.4,93.918,-42.7,4.962,5228.1,no,0.05236347857524308
43,blue-collar,married,basic.4y,no,no,no,cellular,may,tue,217,2,999,0,nonexistent,-1.8,92.893,-46.2,1.344,5099.1,no,0.052353966239982015
59,admin.,married,high.school,no,yes,no,cellular,aug,fri,91,1,999,0,nonexistent,1.4,93.444,-36.1,4.963,5228.1,no,0.05235188221300672
45,blue-collar,married,basic.9y,no,no,no,cellular,aug,wed,61,3,999,0,nonexistent,1.4,93.444,-36.1,4.967,5228.1,no,0.052348259267008965
34,self-employed,married,university.degree,no,yes,no,cellular,nov,wed,213,5,999,0,nonexistent,-0.1,93.2,-42.0,4.12,5195.8,no,0.052308898131518414
42,self-employed,married,university.degree,no,yes,no,cellular,nov,fri,888,3,999,0,nonexistent,-0.1,93.2,-42.0,4.021,5195.8,no,0.05226909707412796
36,blue-collar,married,basic.4y,unknown,yes,yes,cellular,jul,tue,353,1,999,0,nonexistent,1.4,93.918,-42.7,4.962,5228.1,no,0.052228831562974205
60,retired,married,basic.6y,unknown,no,no,cellular,jul,fri,95,1,999,0,nonexistent,1.4,93.918,-42.7,4.962,5228.1,no,0.0522261760242792
60,retired,married,basic.6y,unknown,no,no,cellular,jul,fri,135,1,999,0,nonexistent,1.4,93.918,-42.7,4.962,5228.1,no,0.0522261760242792
47,technician,divorced,university.degree,no,no,no,cellular,may,fri,306,3,999,1,failure,-1.8,92.893,-46.2,1.25,5099.1,no,0.052222534142640366
26,services,single,basic.9y,unknown,yes,no,cellular,may,tue,191,1,999,1,failure,-1.8,92.893,-46.2,1.291,5099.1,no,0.05222200303490137
30,blue-collar,married,basic.6y,unknown,yes,no,cellular,may,mon,91,1,999,0,nonexistent,-1.8,92.893,-46.2,1.299,5099.1,no,0.052217526555386945
22,services,single,high.school,no,yes,no,cellular,jul,fri,143,2,999,0,nonexistent,1.4,93.918,-42.7,4.963,5228.1,no,0.05221433990895296
24,blue-collar,single,basic.9y,no,yes,no,cellular,may,mon,155,1,999,0,nonexistent,-1.8,92.893,-46.2,1.244,5099.1,no,0.052139465960701285
29,blue-collar,married,basic.9y,no,no,no,cellular,may,thu,91,1,999,0,nonexistent,-1.8,92.893,-46.2,1.266,5099.1,no,0.05212530412095206
47,admin.,married,university.degree,no,no,no,cellular,aug,thu,93,1,999,0,nonexistent,1.4,93.444,-36.1,4.964,5228.1,no,0.05210671771273399
30,admin.,single,high.school,no,no,no,cellular,jul,tue,176,1,999,0,nonexistent,1.4,93.918,-42.7,4.961,5228.1,no,0.05200296553420614
25,services,single,basic.6y,unknown,no,no,cellular,jul,thu,88,1,999,0,nonexistent,1.4,93.918,-42.7,4.958,5228.1,no,0.05199547042130539
30,admin.,single,high.school,no,no,no,telephone,jul,mon,177,3,999,0,nonexistent,1.4,93.918,-42.7,4.96,5228.1,no,0.05193915022761761
45,entrepreneur,married,basic.9y,no,no,no,telephone,may,mon,34,9,999,0,nonexistent,1.1,93.994,-36.4,4.858,5191.0,no,0.05190210785915407
43,management,married,unknown,unknown,no,yes,cellular,apr,thu,35,1,999,0,nonexistent,-1.8,93.075,-47.1,1.41,5099.1,no,0.05171340056883797
55,housemaid,married,basic.4y,no,no,no,cellular,jul,thu,185,1,999,0,nonexistent,1.4,93.918,-42.7,4.963,5228.1,no,0.051711134526720104
56,housemaid,single,basic.4y,unknown,no,yes,cellular,jul,wed,122,1,999,0,nonexistent,1.4,93.918,-42.7,4.963,5228.1,no,0.051705229715958013
41,blue-collar,single,basic.6y,unknown,no,no,cellular,jul,wed,92,1,999,0,nonexistent,1.4,93.918,-42.7,4.963,5228.1,no,0.05170155541583645
45,blue-collar,married,basic.9y,no,no,no,cellular,aug,wed,325,1,999,0,nonexistent,1.4,93.444,-36.1,4.965,5228.1,no,0.0515972129365276
38,entrepreneur,divorced,basic.9y,no,yes,yes,cellular,nov,wed,70,1,999,0,nonexistent,-0.1,93.2,-42.0,4.12,5195.8,no,0.05153540688166967
50,blue-collar,divorced,basic.9y,no,yes,no,cellular,jul,fri,502,2,999,0,nonexistent,1.4,93.918,-42.7,4.963,5228.1,no,0.051445985261065016
25,blue-collar,married,basic.9y,no,yes,no,cellular,jul,wed,261,3,999,0,nonexistent,1.4,93.918,-42.7,4.962,5228.1,no,0.05129397335680472
29,technician,single,high.school,no,no,no,cellular,nov,tue,155,2,999,0,nonexistent,-0.1,93.2,-42.0,4.153,5195.8,no,0.0512812258299456
32,technician,single,university.degree,no,yes,no,cellular,jul,thu,184,1,999,0,nonexistent,1.4,93.918,-42.7,4.963,5228.1,no,0.051272211063750746
29,admin.,married,university.degree,no,yes,yes,cellular,aug,mon,164,1,999,0,nonexistent,1.4,93.444,-36.1,4.965,5228.1,no,0.05064512039310677
34,admin.,married,university.degree,no,yes,yes,telephone,may,mon,147,6,999,0,nonexistent,1.1,93.994,-36.4,4.857,5191.0,no,0.050374062053718784
30,admin.,married,high.school,unknown,yes,no,cellular,apr,thu,648,1,999,0,nonexistent,-1.8,93.075,-47.1,1.41,5099.1,yes,0.0502145588800816
32,technician,married,university.degree,no,yes,no,cellular,nov,wed,405,2,999,0,nonexistent,-0.1,93.2,-42.0,4.12,5195.8,no,0.05010320654920746
26,admin.,single,high.school,unknown,yes,no,cellular,jul,thu,263,6,999,0,nonexistent,1.4,93.918,-42.7,4.958,5228.1,no,0.05
37,services,divorced,high.school,no,yes,no,telephone,may,mon,77,2,999,0,nonexistent,1.1,93.994,-36.4,4.858,5191.0,no,0.05
31,services,married,basic.6y,unknown,no,no,telephone,may,tue,1001,4,999,0,nonexistent,1.1,93.994,-36.4,4.856,5191.0,yes,0.05
50,blue-collar,married,basic.4y,unknown,yes,no,cellular,aug,tue,66,2,999,0,nonexistent,1.4,93.444,-36.1,4.968,5228.1,no,0.05
38,technician,divorced,high.school,no,yes,no,cellular,nov,wed,110,1,999,1,failure,-0.1,93.2,-42.0,4.12,5195.8,no,0.05
34,admin.,single,university.degree,unknown,no,no,telephone,jun,thu,17,16,999,0,nonexistent,1.4,94.465,-41.8,4.866,5228.1,no,0.05
38,entrepreneur,divorced,basic.9y,no,no,no,cellular,nov,wed,353,2,999,0,nonexistent,-0.1,93.2,-42.0,4.12,5195.8,no,0.05
29,technician,single,university.degree,no,no,yes,telephone,jul,wed,357,7,999,0,nonexistent,1.4,93.918,-42.7,4.957,5228.1,no,0.05
40,admin.,married,university.degree,no,no,no,telephone,jun,thu,265,3,999,0,nonexistent,1.4,94.465,-41.8,4.958,5228.1,no,0.05
49,services,married,basic.6y,no,yes,no,cellular,apr,fri,219,2,999,0,nonexistent,-1.8,93.075,-47.1,1.479,5099.1,no,0.05
26,technician,single,professional.course,no,yes,yes,cellular,may,thu,158,5,999,0,nonexistent,-1.8,92.893,-46.2,1.266,5099.1,no,0.05
30,admin.,single,university.degree,no,no,no,cellular,nov,thu,85,1,999,1,failure,-0.1,93.2,-42.0,4.076,5195.8,no,0.05
33,admin.,married,basic.9y,no,yes,yes,cellular,jul,mon,202,3,999,0,nonexistent,1.4,93.918,-42.7,4.96,5228.1,no,0.05
47,admin.,married,university.degree,no,no,no,cellular,aug,fri,451,2,999,0,nonexistent,1.4,93.444,-36.1,4.963,5228.1,no,0.05
43,blue-collar,married,basic.4y,unknown,yes,yes,telephone,nov,tue,249,3,999,1,failure,-0.1,93.2,-42.0,4.153,5195.8,no,0.05
38,blue-collar,divorced,basic.4y,no,yes,no,cellular,jul,tue,85,3,999,0,nonexistent,1.4,93.918,-42.7,4.961,5228.1,no,0.05
51,management,married,university.degree,no,no,no,cellular,may,fri,127,1,999,0,nonexistent,-1.8,92.893,-46.2,1.313,5099.1,no,0.05
30,services,single,high.school,no,yes,no,telephone,may,wed,190,2,999,0,nonexistent,1.1,93.994,-36.4,4.858,5191.0,no,0.05
40,services,married,basic.4y,unknown,no,no,cellular,may,fri,308,1,999,1,failure,-1.8,92.893,-46.2,1.313,5099.1,no,0.05
29,admin.,married,high.school,no,no,yes,telephone,jun,wed,97,8,999,0,nonexistent,1.4,94.465,-41.8,4.962,5228.1,no,0.05
58,self-employed,married,university.degree,no,yes,yes,cellular,aug,tue,598,4,999,0,nonexistent,1.4,93.444,-36.1,4.963,5228.1,no,0.05
42,blue-collar,married,high.school,no,no,yes,cellular,apr,mon,178,5,999,1,failure,-1.8,93.075,-47.1,1.405,5099.1,no,0.05
38,blue-collar,single,basic.9y,no,no,no,cellular,may,wed,654,2,999,1,failure,-1.8,92.893,-46.2,1.281,5099.1,yes,0.05
57,retired,married,basic.6y,no,no,no,cellular,may,tue,148,4,999,1,failure,-1.8,92.893,-46.2,1.344,5099.1,no,0.05
23,self-employed,single,basic.9y,no,no,no,cellular,may,thu,254,11,999,0,nonexistent,-1.8,92.893,-46.2,1.266,5099.1,no,0.05
49,technician,married,professional.course,no,yes,no,telephone,jun,thu,320,2,999,0,nonexistent,1.4,94.465,-41.8,4.958,5228.1,no,0.05
46,blue-collar,married,basic.6y,unknown,no,no,cellular,jul,mon,500,5,999,0,nonexistent,1.4,93.918,-42.7,4.96,5228.1,no,0.05
49,blue-collar,single,basic.6y,no,yes,no,telephone,may,wed,148,4,999,0,nonexistent,1.1,93.994,-36.4,4.856,5191.0,no,0.05
53,admin.,divorced,high.school,no,yes,yes,telephone,nov,fri,544,2,999,0,nonexistent,-0.1,93.2,-42.0,4.021,5195.8,no,0.05
33,services,single,basic.9y,no,no,no,telephone,may,mon,372,14,999,0,nonexistent,1.1,93.994,-36.4,4.857,5191.0,no,0.05
56,technician,married,unknown,unknown,yes,no,cellular,jul,fri,86,4,999,0,nonexistent,1.4,93.918,-42.7,4.962,5228.1,no,0.05
47,technician,married,professional.course,no,no,no,telephone,may,mon,202,1,999,0,nonexistent,1.1,93.994,-36.4,4.858,5191.0,no,0.05
42,admin.,married,university.degree,no,no,no,cellular,may,mon,98,2,999,1,failure,-1.8,92.893,-46.2,1.299,5099.1,no,0.05
29,technician,married,professional.course,no,yes,no,cellular,nov,tue,54,2,999,0,nonexistent,-0.1,93.2,-42.0,4.153,5195.8,no,0.05
32,blue-collar,single,university.degree,no,yes,no,telephone,may,thu,128,2,999,0,nonexistent,1.1,93.994,-36.4,4.86,5191.0,no,0.05
43,management,married,unknown,no,yes,yes,cellular,jul,wed,595,1,999,0,nonexistent,1.4,93.918,-42.7,4.963,5228.1,no,0.05
40,blue-collar,married,basic.6y,no,yes,no,cellular,apr,mon,374,3,999,0,nonexistent,-1.8,93.075,-47.1,1.405,5099.1,no,0.05
37,housemaid,married,university.degree,unknown,no,no,telephone,may,wed,567,3,999,0,nonexistent,1.1,93.994,-36.4,4.859,5191.0,no,0.05
34,technician,single,university.degree,no,yes,yes,cellular,aug,thu,38,1,999,0,nonexistent,1.4,93.444,-36.1,4.964,5228.1,no,0.05
33,technician,single,university.degree,no,no,no,cellular,aug,tue,302,3,999,0,nonexistent,1.4,93.444,-36.1,4.963,5228.1,no,0.05
34,admin.,married,university.degree,no,no,yes,cellular,jul,tue,119,2,999,0,nonexistent,1.4,93.918,-42.7,4.962,5228.1,no,0.05
54,services,divorced,high.school,unknown,yes,no,telephone,may,fri,216,1,999,0,nonexistent,1.1,93.994,-36.4,4.859,5191.0,no,0.05
37,blue-collar,single,professional.course,no,no,no,cellular,jul,tue,96,1,999,0,nonexistent,1.4,93.918,-42.7,4.962,5228.1,no,0.05
27,admin.,single,basic.9y,no,yes,no,telephone,may,thu,230,4,999,1,failure,-1.8,92.893,-46.2,1.266,5099.1,no,0.05
52,services,married,university.degree,no,yes,no,telephone,may,wed,370,1,999,0,nonexistent,1.1,93.994,-36.4,4.858,5191.0,no,0.05
31,admin.,single,university.degree,no,yes,no,telephone,jun,tue,116,1,999,0,nonexistent,1.4,94.465,-41.8,4.864,5228.1,no,0.05
59,blue-collar,married,basic.9y,unknown,yes,no,cellular,jul,mon,244,4,999,0,nonexistent,1.4,93.918,-42.7,4.96,5228.1,no,0.05
56,technician,married,professional.course,unknown,no,no,telephone,jun,thu,48,2,999,0,nonexistent,1.4,94.465,-41.8,4.866,5228.1,no,0.05
59,self-employed,married,university.degree,no,yes,no,telephone,aug,mon,139,1,999,0,nonexistent,-2.9,92.201,-31.4,0.821,5076.2,no,0.05
54,services,married,high.school,no,yes,no,cellular,aug,fri,111,2,999,0,nonexistent,1.4,93.444,-36.1,4.963,5228.1,no,0.05
41,services,married,university.degree,no,yes,yes,telephone,may,thu,936,1,999,0,nonexistent,1.1,93.994,-36.4,4.86,5191.0,no,0.05
46,entrepreneur,married,high.school,no,no,yes,telephone,may,fri,225,4,999,0,nonexistent,1.1,93.994,-36.4,4.857,5191.0,no,0.05
25,blue-collar,single,basic.9y,unknown,no,no,telephone,jul,wed,173,4,999,0,nonexistent,1.4,93.918,-42.7,4.963,5228.1,no,0.05
50,admin.,married,university.degree,no,yes,no,cellular,aug,wed,1149,5,999,0,nonexistent,1.4,93.444,-36.1,4.965,5228.1,yes,0.05
44,technician,married,professional.course,no,no,no,cellular,aug,wed,39,9,999,0,nonexistent,1.4,93.444,-36.1,4.964,5228.1,no,0.05
41,blue-collar,married,basic.6y,no,yes,yes,cellular,apr,tue,608,2,999,0,nonexistent,-1.8,93.075,-47.1,1.423,5099.1,no,0.05
43,management,married,university.degree,no,no,no,cellular,aug,wed,94,1,999,0,nonexistent,1.4,93.444,-36.1,4.964,5228.1,no,0.05
33,self-employed,married,university.degree,no,yes,no,cellular,aug,mon,98,3,999,0,nonexistent,-2.9,92.201,-31.4,0.821,5076.2,no,0.05
28,blue-collar,single,basic.9y,no,yes,no,cellular,may,fri,113,6,999,0,nonexistent,-1.8,92.893,-46.2,1.25,5099.1,no,0.05
36,housemaid,married,high.school,no,no,no,telephone,may,tue,141,4,999,0,nonexistent,1.1,93.994,-36.4,4.856,5191.0,no,0.05
47,blue-collar,married,basic.4y,no,yes,no,cellular,may,wed,569,2,999,0,nonexistent,-1.8,92.893,-46.2,1.334,5099.1,no,0.05
38,unknown,married,unknown,no,yes,no,cellular,aug,thu,44,3,999,0,nonexistent,1.4,93.444,-36.1,4.962,5228.1,no,0.05
45,services,married,professional.course,no,no,no,telephone,aug,thu,64,18,999,0,nonexistent,1.4,93.444,-36.1,4.962,5228.1,no,0.05
46,admin.,married,university.degree,no,yes,no,telephone,may,fri,28,3,999,0,nonexistent,1.1,93.994,-36.4,4.857,5191.0,no,0.05
54,housemaid,divorced,unknown,no,yes,no,telephone,jun,thu,52,3,999,0,nonexistent,1.4,94.465,-41.8,4.958,5228.1,no,0.05
52,services,married,basic.6y,no,no,yes,cellular,jul,mon,161,2,999,0,nonexistent,1.4,93.918,-42.7,4.96,5228.1,no,0.05
58,self-employed,married,university.degree,no,no,no,cellular,aug,fri,1242,3,999,0,nonexistent,1.4,93.444,-36.1,4.966,5228.1,yes,0.05
56,admin.,divorced,high.school,no,yes,no,telephone,jun,thu,71,1,999,0,nonexistent,1.4,94.465,-41.8,4.955,5228.1,no,0.05
33,technician,single,professional.course,no,unknown,unknown,cellular,nov,wed,401,1,999,0,nonexistent,-0.1,93.2,-42.0,4.12,5195.8,no,0.05
43,blue-collar,married,unknown,unknown,yes,no,cellular,nov,thu,355,6,999,0,nonexistent,-0.1,93.2,-42.0,4.076,5195.8,no,0.05
38,admin.,divorced,high.school,no,yes,no,telephone,may,fri,224,5,999,0,nonexistent,1.1,93.994,-36.4,4.864,5191.0,no,0.05
35,admin.,single,basic.4y,unknown,no,no,telephone,jun,thu,117,2,999,0,nonexistent,1.4,94.465,-41.8,4.866,5228.1,no,0.05
39,housemaid,married,basic.4y,no,yes,no,telephone,may,tue,227,3,999,0,nonexistent,1.1,93.994,-36.4,4.857,5191.0,no,0.05
44,unemployed,married,basic.9y,no,no,no,telephone,jun,fri,9,8,999,0,nonexistent,1.4,94.465,-41.8,4.959,5228.1,no,0.05
40,blue-collar,single,professional.course,no,yes,no,cellular,jul,thu,498,1,999,0,nonexistent,1.4,93.918,-42.7,4.962,5228.1,no,0.05
35,admin.,married,professional.course,no,no,no,cellular,jul,tue,735,2,999,0,nonexistent,1.4,93.918,-42.7,4.961,5228.1,no,0.05
39,admin.,divorced,professional.course,no,yes,yes,telephone,jun,thu,106,1,999,0,nonexistent,1.4,94.465,-41.8,4.958,5228.1,no,0.05
48,blue-collar,married,basic.4y,no,yes,no,cellular,may,wed,238,3,999,0,nonexistent,-1.8,92.893,-46.2,1.334,5099.1,no,0.05
29,blue-collar,single,basic.6y,no,yes,no,telephone,jun,thu,83,1,999,0,nonexistent,1.4,94.465,-41.8,4.866,5228.1,no,0.05
45,unemployed,married,high.school,no,no,no,cellular,aug,thu,186,2,999,0,nonexistent,1.4,93.444,-36.1,4.968,5228.1,no,0.05
38,technician,married,professional.course,unknown,no,no,cellular,jul,mon,224,3,999,0,nonexistent,1.4,93.918,-42.7,4.96,5228.1,no,0.05
29,admin.,single,high.school,no,no,no,cellular,may,thu,14,7,999,0,nonexistent,-1.8,92.893,-46.2,1.266,5099.1,no,0.05
39,admin.,married,university.degree,no,no,no,cellular,may,fri,895,5,999,1,failure,-1.8,92.893,-46.2,1.25,5099.1,no,0.05
24,student,single,high.school,no,no,no,telephone,may,thu,597,1,999,0,nonexistent,1.1,93.994,-36.4,4.86,5191.0,no,0.05
30,blue-collar,single,basic.9y,unknown,no,yes,telephone,may,mon,36,2,999,0,nonexistent,1.1,93.994,-36.4,4.858,5191.0,no,0.05
42,blue-collar,married,basic.9y,no,yes,no,telephone,jun,fri,516,5,999,0,nonexistent,1.4,94.465,-41.8,4.967,5228.1,no,0.04985392374160805
39,technician,single,professional.course,no,no,no,cellular,may,wed,143,1,999,1,failure,-1.8,92.893,-46.2,1.281,5099.1,no,0.049853711229259356
56,self-employed,married,high.school,no,yes,no,cellular,aug,thu,210,2,999,0,nonexistent,1.4,93.444,-36.1,4.962,5228.1,no,0.04985277576926167
41,technician,single,university.degree,no,no,no,cellular,nov,fri,903,3,999,1,failure,-0.1,93.2,-42.0,4.021,5195.8,no,0.04985034899803789
58,blue-collar,married,high.school,no,no,no,telephone,jun,wed,270,3,999,0,nonexistent,1.4,94.465,-41.8,4.962,5228.1,no,0.0497236722306525
46,blue-collar,single,basic.6y,unknown,yes,no,cellular,jul,mon,47,1,999,0,nonexistent,1.4,93.918,-42.7,4.96,5228.1,no,0.04972169954476479
36,blue-collar,married,basic.4y,no,no,yes,cellular,nov,wed,217,1,999,0,nonexistent,-0.1,93.2,-42.0,4.12,5195.8,no,0.04971729893778452
28,blue-collar,single,basic.4y,no,no,no,cellular,may,thu,166,1,999,0,nonexistent,-1.8,92.893,-46.2,1.266,5099.1,no,0.04971729893778452
47,retired,married,basic.4y,unknown,yes,no,telephone,may,wed,47,1,999,0,nonexistent,1.1,93.994,-36.4,4.856,5191.0,no,0.049716540212443094
43,services,divorced,high.school,no,no,no,cellular,jul,mon,388,3,999,0,nonexistent,1.4,93.918,-42.7,4.962,5228.1,no,0.04961805415137153
63,retired,married,high.school,no,no,no,cellular,oct,wed,335,1,999,0,nonexistent,-3.4,92.431,-26.9,0.74,5017.5,yes,0.049572941468940555
39,admin.,single,high.school,no,yes,yes,cellular,nov,thu,44,2,999,1,failure,-0.1,93.2,-42.0,4.076,5195.8,no,0.049501243135433456
31,admin.,married,unknown,no,yes,no,cellular,may,wed,7,11,999,1,failure,-1.8,92.893,-46.2,1.334,5099.1,no,0.0493351711029449
57,retired,divorced,professional.course,no,no,no,telephone,jun,wed,203,1,999,0,nonexistent,1.4,94.465,-41.8,4.962,5228.1,no,0.04932186008353222
27,admin.,divorced,high.school,no,yes,no,cellular,may,mon,166,4,999,0,nonexistent,-1.8,92.893,-46.2,1.244,5099.1,no,0.04930424411706546
34,blue-collar,married,basic.4y,unknown,yes,no,cellular,may,fri,1094,3,999,0,nonexistent,-1.8,92.893,-46.2,1.313,5099.1,no,0.04921079187401846
42,technician,married,high.school,no,yes,no,cellular,aug,tue,409,1,999,0,nonexistent,1.4,93.444,-36.1,4.968,5228.1,no,0.04920229766530456
45,technician,divorced,university.degree,no,no,no,cellular,aug,mon,104,2,999,0,nonexistent,1.4,93.444,-36.1,4.963,5228.1,no,0.049023573265987296
40,technician,married,high.school,no,yes,no,cellular,may,tue,394,1,999,0,nonexistent,-1.8,92.893,-46.2,1.344,5099.1,no,0.04886972685887708
30,services,single,high.school,no,yes,no,cellular,may,fri,159,1,999,0,nonexistent,-1.8,92.893,-46.2,1.25,5099.1,no,0.04879465652851377
30,services,single,high.school,no,yes,no,cellular,may,fri,82,1,999,0,nonexistent,-1.8,92.893,-46.2,1.25,5099.1,no,0.04879465652851377
51,unemployed,divorced,high.school,unknown,yes,no,cellular,nov,thu,187,2,999,0,nonexistent,-0.1,93.2,-42.0,4.076,5195.8,no,0.04879124611815867
46,technician,single,professional.course,unknown,no,no,cellular,aug,mon,824,2,999,0,nonexistent,1.4,93.444,-36.1,4.97,5228.1,no,0.048783966953213964
47,blue-collar,single,basic.4y,unknown,yes,no,telephone,may,wed,162,1,999,0,nonexistent,1.1,93.994,-36.4,4.856,5191.0,no,0.048745196424975816
32,services,single,basic.9y,no,no,no,cellular,jul,wed,711,1,999,0,nonexistent,1.4,93.918,-42.7,4.963,5228.1,no,0.0487415812385977
34,technician,divorced,basic.9y,no,no,no,telephone,jun,wed,156,3,999,0,nonexistent,1.4,94.465,-41.8,4.864,5228.1,no,0.04872700323874966
57,blue-collar,married,basic.4y,unknown,no,no,cellular,jul,thu,135,1,999,0,nonexistent,1.4,93.918,-42.7,4.962,5228.1,no,0.048700423389278776
31,blue-collar,married,basic.4y,no,yes,no,cellular,jul,thu,374,3,999,0,nonexistent,1.4,93.918,-42.7,4.963,5228.1,no,0.04862423430305087
45,self-employed,married,basic.9y,no,no,no,cellular,aug,wed,80,1,999,0,nonexistent,1.4,93.444,-36.1,4.967,5228.1,no,0.04855917880023326
41,technician,married,professional.course,no,no,no,cellular,aug,wed,76,1,999,0,nonexistent,1.4,93.444,-36.1,4.965,5228.1,no,0.04849156038423702
35,blue-collar,single,basic.4y,unknown,no,no,telephone,jun,wed,172,2,999,0,nonexistent,1.4,94.465,-41.8,4.962,5228.1,no,0.048424758436836225
57,self-employed,married,university.degree,unknown,no,yes,cellular,aug,mon,131,2,999,0,nonexistent,1.4,93.444,-36.1,4.965,5228.1,no,0.04836539758405671
44,blue-collar,single,basic.9y,no,yes,no,telephone,jul,tue,1127,11,999,0,nonexistent,1.4,93.918,-42.7,4.961,5228.1,yes,0.0475
42,admin.,divorced,university.degree,no,yes,no,cellular,apr,fri,237,2,999,1,failure,-1.8,93.075,-47.1,1.405,5099.1,no,0.0475
33,technician,married,basic.9y,no,no,no,telephone,jun,mon,136,1,999,0,nonexistent,1.4,94.465,-41.8,4.961,5228.1,no,0.0475
48,admin.,single,university.degree,no,yes,no,telephone,may,wed,140,2,999,0,nonexistent,1.1,93.994,-36.4,4.856,5191.0,no,0.0475
27,technician,married,professional.course,no,no,yes,cellular,may,fri,224,2,999,1,failure,-1.8,92.893,-46.2,1.313,5099.1,no,0.0475
28,services,single,high.school,no,yes,no,cellular,may,mon,91,6,999,0,nonexistent,-1.8,92.893,-46.2,1.244,5099.1,no,0.0475
51,self-employed,single,university.degree,no,yes,no,telephone,may,tue,492,2,999,0,nonexistent,1.1,93.994,-36.4,4.857,5191.0,no,0.0475
44,blue-collar,married,professional.course,unknown,yes,no,telephone,may,mon,140,3,999,0,nonexistent,1.1,93.994,-36.4,4.857,5191.0,no,0.0475
40,services,divorced,high.school,no,no,no,cellular,may,thu,96,1,999,1,failure,-1.8,92.893,-46.2,1.266,5099.1,no,0.0475
36,unemployed,divorced,professional.course,no,yes,no,telephone,may,thu,617,2,999,0,nonexistent,1.1,93.994,-36.4,4.86,5191.0,no,0.0475
32,technician,married,university.degree,no,yes,no,cellular,nov,thu,245,1,999,0,nonexistent,-0.1,93.2,-42.0,4.076,5195.8,no,0.0475
58,admin.,married,university.degree,no,no,yes,telephone,jun,mon,129,4,999,0,nonexistent,1.4,94.465,-41.8,4.865,5228.1,no,0.0475
30,services,single,unknown,no,no,yes,telephone,may,fri,154,1,999,0,nonexistent,1.1,93.994,-36.4,4.857,5191.0,no,0.0475
37,admin.,single,university.degree,no,yes,no,cellular,aug,fri,212,7,999,0,nonexistent,1.4,93.444,-36.1,4.964,5228.1,no,0.0475
41,services,single,high.school,unknown,unknown,unknown,cellular,may,mon,772,2,999,1,failure,-1.8,92.893,-46.2,1.299,5099.1,no,0.0475
32,housemaid,single,high.school,no,no,no,telephone,jun,thu,406,2,999,0,nonexistent,1.4,94.465,-41.8,4.866,5228.1,no,0.0475
51,management,married,high.school,unknown,no,no,cellular,aug,wed,158,1,999,0,nonexistent,1.4,93.444,-36.1,4.965,5228.1,no,0.0475
39,housemaid,married,basic.4y,no,no,no,cellular,jul,wed,94,1,999,0,nonexistent,1.4,93.918,-42.7,4.962,5228.1,no,0.0475
27,technician,single,basic.9y,no,no,yes,cellular,apr,wed,335,2,999,0,nonexistent,-1.8,93.075,-47.1,1.445,5099.1,no,0.0475
51,technician,married,high.school,no,no,yes,telephone,jun,wed,137,6,999,0,nonexistent,1.4,94.465,-41.8,4.962,5228.1,no,0.0475
51,technician,married,professional.course,no,yes,no,telephone,may,mon,220,2,999,0,nonexistent,1.1,93.994,-36.4,4.857,5191.0,no,0.0475
35,technician,single,university.degree,no,yes,no,cellular,apr,mon,79,1,999,0,nonexistent,-1.8,93.075,-47.1,1.405,5099.1,no,0.0475
31,blue-collar,single,high.school,no,yes,no,telephone,may,thu,120,1,999,0,nonexistent,1.1,93.994,-36.4,4.86,5191.0,no,0.0475
30,services,single,high.school,no,no,yes,cellular,jul,tue,172,4,999,0,nonexistent,1.4,93.918,-42.7,4.961,5228.1,no,0.0475
39,entrepreneur,married,basic.6y,no,no,no,cellular,may,thu,121,1,999,0,nonexistent,-1.8,92.893,-46.2,1.327,5099.1,no,0.0475
38,admin.,single,university.degree,unknown,no,no,cellular,aug,fri,257,3,999,0,nonexistent,1.4,93.444,-36.1,4.966,5228.1,no,0.0475
45,blue-collar,single,high.school,unknown,yes,no,cellular,may,mon,98,2,999,1,failure,-1.8,92.893,-46.2,1.244,5099.1,no,0.0475
44,technician,married,high.school,no,yes,no,telephone,may,fri,363,7,999,0,nonexistent,1.1,93.994,-36.4,4.864,5191.0,no,0.0475
31,technician,single,basic.9y,no,yes,no,telephone,may,thu,13,5,999,0,nonexistent,-1.8,92.893,-46.2,1.266,5099.1,no,0.0475
49,blue-collar,married,basic.4y,no,yes,no,cellular,may,fri,87,1,999,0,nonexistent,-1.8,92.893,-46.2,1.313,5099.1,no,0.0475
42,unemployed,married,high.school,unknown,yes,yes,telephone,jun,thu,188,5,999,0,nonexistent,1.4,94.465,-41.8,4.961,5228.1,no,0.0475
26,blue-collar,single,high.school,unknown,yes,no,cellular,jul,mon,246,1,999,0,nonexistent,1.4,93.918,-42.7,4.962,5228.1,no,0.0475
41,self-employed,married,basic.9y,no,yes,no,telephone,jun,wed,376,7,999,0,nonexistent,1.4,94.465,-41.8,4.962,5228.1,no,0.0475
29,blue-collar,married,basic.9y,unknown,no,no,cellular,apr,mon,54,1,999,1,failure,-1.8,93.075,-47.1,1.405,5099.1,no,0.0475
55,management,married,university.degree,no,no,no,cellular,apr,fri,519,1,999,1,failure,-1.8,93.075,-47.1,1.405,5099.1,no,0.0475
35,blue-collar,married,basic.9y,no,no,no,telephone,jun,tue,33,2,999,0,nonexistent,1.4,94.465,-41.8,4.961,5228.1,no,0.0475
42,admin.,married,university.degree,unknown,yes,no,telephone,may,wed,103,4,999,0,nonexistent,1.1,93.994,-36.4,4.856,5191.0,no,0.0475
46,entrepreneur,married,professional.course,no,no,no,telephone,may,wed,86,2,999,0,nonexistent,1.1,93.994,-36.4,4.858,5191.0,no,0.0475
32,admin.,divorced,high.school,no,yes,no,cellular,may,thu,633,1,999,0,nonexistent,-1.8,92.893,-46.2,1.327,5099.1,no,0.0475
41,services,married,high.school,no,no,yes,telephone,may,thu,102,4,999,0,nonexistent,1.1,93.994,-36.4,4.855,5191.0,no,0.0475
46,management,single,university.degree,no,no,yes,cellular,nov,thu,378,8,999,0,nonexistent,-0.1,93.2,-42.0,4.076,5195.8,no,0.0475
33,blue-collar,married,high.school,no,no,no,telephone,may,wed,858,1,999,0,nonexistent,1.1,93.994,-36.4,4.859,5191.0,yes,0.0475
50,admin.,married,high.school,unknown,no,no,telephone,may,tue,178,3,999,0,nonexistent,1.1,93.994,-36.4,4.857,5191.0,no,0.0475
44,unemployed,divorced,basic.9y,no,no,no,telephone,may,wed,259,3,999,0,nonexistent,-1.8,92.893,-46.2,1.281,5099.1,no,0.0475
31,technician,single,university.degree,no,yes,no,cellular,nov,wed,143,3,999,0,nonexistent,-0.1,93.2,-42.0,4.12,5195.8,no,0.0475
52,retired,married,professional.course,no,no,no,telephone,jun,fri,41,7,999,0,nonexistent,1.4,94.465,-41.8,4.959,5228.1,no,0.0475
43,technician,divorced,professional.course,no,yes,no,telephone,jun,mon,99,3,999,0,nonexistent,1.4,94.465,-41.8,4.961,5228.1,no,0.0475
37,blue-collar,single,basic.9y,unknown,no,no,telephone,may,fri,1230,3,999,0,nonexistent,1.1,93.994,-36.4,4.859,5191.0,yes,0.0475
48,management,married,high.school,unknown,no,no,cellular,nov,wed,275,3,999,0,nonexistent,-0.1,93.2,-42.0,4.12,5195.8,no,0.0475
30,admin.,single,university.degree,unknown,no,yes,telephone,may,fri,297,4,999,0,nonexistent,1.1,93.994,-36.4,4.859,5191.0,no,0.0475
30,admin.,single,university.degree,no,yes,yes,telephone,aug,thu,50,9,999,0,nonexistent,1.4,93.444,-36.1,4.962,5228.1,no,0.0475
45,admin.,married,high.school,no,yes,yes,cellular,jul,mon,283,4,999,0,nonexistent,1.4,93.918,-42.7,4.962,5228.1,no,0.0475
31,admin.,married,high.school,no,yes,yes,cellular,may,mon,12,5,999,0,nonexistent,-1.8,92.893,-46.2,1.299,5099.1,no,0.0475
31,management,single,university.degree,unknown,no,no,telephone,jun,fri,100,3,999,0,nonexistent,1.4,94.465,-41.8,4.959,5228.1,no,0.0475
36,technician,single,professional.course,unknown,no,no,telephone,may,wed,1106,1,999,0,nonexistent,1.1,93.994,-36.4,4.858,5191.0,no,0.0475
36,admin.,married,university.degree,unknown,yes,no,cellular,aug,wed,155,11,999,0,nonexistent,1.4,93.444,-36.1,4.964,5228.1,no,0.0475
56,retired,married,basic.4y,unknown,no,no,cellular,aug,thu,97,2,999,0,nonexistent,1.4,93.444,-36.1,4.963,5228.1,no,0.0475
43,admin.,married,university.degree,no,yes,no,cellular,aug,wed,221,8,999,0,nonexistent,1.4,93.444,-36.1,4.964,5228.1,no,0.0475
41,blue-collar,single,unknown,unknown,no,no,telephone,jun,mon,780,3,999,0,nonexistent,1.4,94.465,-41.8,4.947,5228.1,no,0.0475
59,retired,divorced,university.degree,no,no,no,telephone,jul,fri,87,1,999,0,nonexistent,1.4,93.918,-42.7,4.962,5228.1,no,0.0475
43,blue-collar,single,professional.course,no,no,no,telephone,jun,thu,133,1,999,0,nonexistent,1.4,94.465,-41.8,4.866,5228.1,no,0.0475
30,technician,married,high.school,no,yes,no,telephone,may,tue,354,3,999,0,nonexistent,1.1,93.994,-36.4,4.857,5191.0,no,0.0475
29,admin.,single,university.degree,no,no,no,cellular,jul,wed,164,6,999,0,nonexistent,1.4,93.918,-42.7,4.957,5228.1,no,0.0475
42,admin.,married,university.degree,no,no,no,cellular,jul,wed,73,2,999,0,nonexistent,1.4,93.918,-42.7,4.963,5228.1,no,0.0475
36,unemployed,single,professional.course,unknown,yes,no,cellular,apr,mon,533,1,999,0,nonexistent,-1.8,93.075,-47.1,1.405,5099.1,no,0.0475
52,blue-collar,married,basic.4y,no,no,no,cellular,may,wed,437,4,999,1,failure,-1.8,92.893,-46.2,1.334,5099.1,no,0.0475
55,admin.,married,university.degree,no,no,no,telephone,jun,fri,44,4,999,0,nonexistent,1.4,94.465,-41.8,4.959,5228.1,no,0.0475
41,blue-collar,married,professional.course,no,no,no,cellular,apr,mon,233,3,999,0,nonexistent,-1.8,93.075,-47.1,1.405,5099.1,no,0.0475
30,blue-collar,married,professional.course,no,yes,no,cellular,may,fri,168,4,999,0,nonexistent,-1.8,92.893,-46.2,1.25,5099.1,no,0.0475
31,blue-collar,single,basic.9y,no,no,yes,cellular,may,wed,37,3,999,0,nonexistent,-1.8,92.893,-46.2,1.281,5099.1,no,0.0475
44,self-employed,married,basic.9y,no,yes,no,cellular,nov,thu,104,4,999,1,failure,-0.1,93.2,-42.0,4.076,5195.8,no,0.0475
46,admin.,married,basic.9y,unknown,yes,no,telephone,jun,fri,856,3,999,0,nonexistent,1.4,94.465,-41.8,4.959,5228.1,yes,0.0475
39,blue-collar,divorced,basic.9y,no,yes,no,telephone,may,tue,182,6,999,0,nonexistent,1.1,93.994,-36.4,4.856,5191.0,no,0.0475
39,blue-collar,married,basic.4y,unknown,yes,no,telephone,may,mon,335,3,999,0,nonexistent,1.1,93.994,-36.4,4.858,5191.0,no,0.0475
50,services,single,basic.6y,unknown,no,no,cellular,apr,thu,169,1,999,0,nonexistent,-1.8,93.075,-47.1,1.41,5099.1,no,0.0475
40,unemployed,divorced,university.degree,no,no,no,cellular,nov,fri,366,3,999,0,nonexistent,-0.1,93.2,-42.0,4.021,5195.8,no,0.0475
33,blue-collar,single,basic.9y,unknown,yes,no,telephone,jun,tue,114,3,999,0,nonexistent,1.4,94.465,-41.8,4.864,5228.1,no,0.0475
39,housemaid,married,basic.4y,no,no,no,cellular,jul,wed,102,1,999,0,nonexistent,1.4,93.918,-42.7,4.962,5228.1,no,0.0475
59,housemaid,married,basic.4y,unknown,yes,no,cellular,aug,wed,111,1,999,0,nonexistent,1.4,93.444,-36.1,4.967,5228.1,no,0.0475
38,admin.,married,high.school,no,yes,no,telephone,nov,wed,125,1,999,0,nonexistent,-0.1,93.2,-42.0,4.12,5195.8,no,0.0475
58,management,married,university.degree,no,yes,no,cellular,jul,mon,260,1,999,0,nonexistent,1.4,93.918,-42.7,4.96,5228.1,no,0.0475
39,self-employed,married,university.degree,unknown,no,no,cellular,nov,wed,199,1,999,0,nonexistent,-0.1,93.2,-42.0,4.12,5195.8,no,0.0475
27,technician,married,professional.course,no,no,no,cellular,jul,thu,102,9,999,0,nonexistent,1.4,93.918,-42.7,4.963,5228.1,no,0.0475
43,entrepreneur,married,basic.9y,no,no,no,telephone,jun,tue,301,1,999,0,nonexistent,1.4,94.465,-41.8,4.864,5228.1,no,0.0475
43,blue-collar,married,basic.9y,no,no,yes,cellular,apr,fri,147,3,999,1,failure,-1.8,93.075,-47.1,1.405,5099.1,no,0.0475
41,admin.,married,high.school,no,yes,yes,cellular,jul,mon,76,3,999,0,nonexistent,1.4,93.918,-42.7,4.962,5228.1,no,0.0475
48,blue-collar,married,basic.9y,no,yes,yes,cellular,may,tue,99,1,999,1,failure,-1.8,92.893,-46.2,1.291,5099.1,no,0.0475
40,admin.,single,university.degree,unknown,no,yes,telephone,jun,mon,270,1,999,0,nonexistent,1.4,94.465,-41.8,4.96,5228.1,no,0.0475
45,unknown,married,unknown,no,no,no,telephone,jun,thu,141,1,999,0,nonexistent,1.4,94.465,-41.8,4.961,5228.1,no,0.0475
36,entrepreneur,married,university.degree,unknown,yes,yes,telephone,may,mon,473,5,999,0,nonexistent,1.1,93.994,-36.4,4.857,5191.0,no,0.0475
33,technician,married,professional.course,no,no,no,cellular,aug,thu,80,3,999,0,nonexistent,1.4,93.444,-36.1,4.962,5228.1,no,0.0475
39,entrepreneur,divorced,basic.4y,no,yes,yes,cellular,jul,wed,1317,2,999,0,nonexistent,1.4,93.918,-42.7,4.962,5228.1,no,0.0475
26,self-employed,married,university.degree,no,yes,no,telephone,jun,wed,106,1,999,0,nonexistent,1.4,94.465,-41.8,4.864,5228.1,no,0.0475
57,technician,divorced,basic.9y,no,no,no,telephone,jun,thu,72,1,999,0,nonexistent,1.4,94.465,-41.8,4.866,5228.1,no,0.0475
48,blue-collar,married,professional.course,no,no,no,telephone,may,mon,219,2,999,0,nonexistent,1.1,93.994,-36.4,4.858,5191.0,no,0.0475
25,admin.,married,university.degree,unknown,yes,no,telephone,jun,tue,361,3,999,0,nonexistent,1.4,94.465,-41.8,4.864,5228.1,no,0.0475
49,blue-collar,single,unknown,unknown,yes,no,cellular,may,fri,49,1,999,1,failure,-1.8,92.893,-46.2,1.313,5099.1,no,0.0475
47,entrepreneur,married,university.degree,no,yes,no,cellular,apr,thu,282,2,999,0,nonexistent,-1.8,93.075,-47.1,1.41,5099.1,no,0.0475
31,technician,single,university.degree,no,yes,no,cellular,aug,wed,320,4,999,0,nonexistent,1.4,93.444,-36.1,4.964,5228.1,no,0.0475
58,retired,married,basic.4y,no,yes,no,cellular,aug,wed,83,3,999,0,nonexistent,1.4,93.444,-36.1,4.964,5228.1,no,0.0475
29,self-employed,married,professional.course,unknown,yes,yes,cellular,jul,wed,683,2,999,0,nonexistent,1.4,93.918,-42.7,4.963,5228.1,yes,0.0475
31,entrepreneur,single,university.degree,no,yes,no,cellular,nov,thu,228,1,999,0,nonexistent,-0.1,93.2,-42.0,4.076,5195.8,no,0.0475
51,technician,married,professional.course,no,yes,no,telephone,jun,thu,22,1,999,0,nonexistent,1.4,94.465,-41.8,4.961,5228.1,no,0.0475
35,services,married,university.degree,no,yes,no,telephone,sep,thu,8,1,999,0,nonexistent,-1.1,94.199,-37.5,0.884,4963.6,no,0.0475
52,management,married,university.degree,no,yes,no,cellular,nov,wed,783,3,999,0,nonexistent,-0.1,93.2,-42.0,4.12,5195.8,yes,0.0475
49,management,married,university.degree,no,no,no,cellular,apr,mon,257,1,999,0,nonexistent,-1.8,93.075,-47.1,1.405,5099.1,no,0.0475
37,admin.,married,university.degree,no,no,no,cellular,aug,tue,85,12,999,0,nonexistent,1.4,93.444,-36.1,4.965,5228.1,no,0.0475
24,blue-collar,single,basic.9y,no,yes,no,cellular,jul,fri,659,5,999,0,nonexistent,1.4,93.918,-42.7,4.957,5228.1,yes,0.0475
29,blue-collar,single,high.school,no,yes,no,telephone,may,tue,174,1,999,0,nonexistent,1.1,93.994,-36.4,4.857,5191.0,no,0.0475
28,technician,single,university.degree,no,yes,no,telephone,may,thu,129,1,999,0,nonexistent,1.1,93.994,-36.4,4.86,5191.0,no,0.0475
52,admin.,married,high.school,no,yes,no,cellular,jul,wed,419,2,999,0,nonexistent,1.4,93.918,-42.7,4.957,5228.1,no,0.0475
47,services,single,basic.6y,unknown,no,yes,cellular,may,fri,307,1,999,0,nonexistent,-1.8,92.893,-46.2,1.313,5099.1,no,0.0475
32,admin.,single,university.degree,no,yes,yes,telephone,jun,mon,176,6,999,0,nonexistent,1.4,94.465,-41.8,4.961,5228.1,no,0.0475
30,blue-collar,married,basic.4y,unknown,no,yes,telephone,jun,fri,49,8,999,0,nonexistent,1.4,94.465,-41.8,4.967,5228.1,no,0.0475
31,technician,single,university.degree,unknown,yes,no,telephone,jun,thu,817,2,999,0,nonexistent,1.4,94.465,-41.8,4.866,5228.1,yes,0.0475
51,admin.,divorced,university.degree,no,yes,no,cellular,jul,mon,1339,2,999,0,nonexistent,1.4,93.918,-42.7,4.962,5228.1,no,0.0475
54,housemaid,divorced,basic.4y,no,yes,no,telephone,jun,wed,129,6,999,0,nonexistent,1.4,94.465,-41.8,4.959,5228.1,no,0.0475
58,entrepreneur,married,university.degree,no,no,no,cellular,jul,wed,101,1,999,0,nonexistent,1.4,93.918,-42.7,4.963,5228.1,no,0.04742191389783251
36,technician,married,professional.course,no,no,no,cellular,aug,mon,663,3,999,0,nonexistent,1.4,93.444,-36.1,4.965,5228.1,yes,0.04735231584206678
53,admin.,married,professional.course,no,yes,yes,cellular,nov,tue,140,2,999,0,nonexistent,-0.1,93.2,-42.0,4.153,5195.8,no,0.04735209501920635
36,admin.,married,university.degree,unknown,yes,no,cellular,jul,tue,352,3,999,0,nonexistent,1.4,93.918,-42.7,4.961,5228.1,no,0.04735171194341745
42,entrepreneur,single,university.degree,no,yes,no,telephone,jun,fri,491,1,999,0,nonexistent,1.4,94.465,-41.8,4.967,5228.1,no,0.04734881400662998
41,blue-collar,single,basic.6y,unknown,no,no,cellular,may,fri,211,1,999,0,nonexistent,-1.8,92.893,-46.2,1.313,5099.1,no,0.04722867981790592
24,technician,single,professional.course,no,yes,no,telephone,jun,wed,37,2,999,0,nonexistent,1.4,94.465,-41.8,4.962,5228.1,no,0.04721911987860395
34,technician,married,university.degree,no,yes,no,cellular,jul,fri,133,2,999,0,nonexistent,1.4,93.918,-42.7,4.962,5228.1,no,0.04721669195751138
42,services,divorced,high.school,unknown,yes,no,cellular,jul,mon,118,3,999,0,nonexistent,1.4,93.918,-42.7,4.962,5228.1,no,0.047139670388609875
54,services,married,basic.4y,unknown,yes,no,telephone,may,mon,566,7,999,0,nonexistent,1.1,93.994,-36.4,4.857,5191.0,no,0.04705856193154473
33,admin.,married,high.school,no,no,no,cellular,jul,fri,16,2,999,0,nonexistent,1.4,93.918,-42.7,4.963,5228.1,no,0.04700860329413228
43,admin.,divorced,high.school,no,no,no,cellular,jul,wed,764,4,999,0,nonexistent,1.4,93.918,-42.7,4.963,5228.1,yes,0.047001981144965156
32,admin.,married,high.school,no,yes,yes,cellular,aug,tue,711,3,999,0,nonexistent,1.4,93.444,-36.1,4.966,5228.1,no,0.04698193594479863
40,blue-collar,divorced,basic.9y,no,no,no,cellular,nov,tue,137,1,999,0,nonexistent,-0.1,93.2,-42.0,4.153,5195.8,no,0.04694559939301973
36,blue-collar,single,basic.6y,no,yes,no,cellular,jul,wed,423,1,999,0,nonexistent,1.4,93.918,-42.7,4.963,5228.1,no,0.046933763277693476
45,self-employed,married,basic.4y,unknown,no,no,cellular,aug,tue,97,2,999,0,nonexistent,1.4,93.444,-36.1,4.966,5228.1,no,0.04692247301607437
32,technician,single,high.school,no,yes,no,cellular,may,tue,361,2,999,0,nonexistent,-1.8,92.893,-46.2,1.291,5099.1,no,0.0468907695518219
57,retired,married,basic.4y,no,yes,no,cellular,jul,thu,496,1,999,0,nonexistent,1.4,93.918,-42.7,4.963,5228.1,no,0.04681044731758062
33,admin.,divorced,university.degree,no,yes,no,cellular,may,wed,275,2,999,0,nonexistent,-1.8,92.893,-46.2,1.281,5099.1,no,0.04680968948098257
30,technician,single,professional.course,no,yes,no,cellular,aug,fri,445,1,999,0,nonexistent,1.4,93.444,-36.1,4.966,5228.1,no,0.04678895422519687
41,admin.,married,unknown,no,no,no,cellular,jul,thu,277,1,999,0,nonexistent,1.4,93.918,-42.7,4.963,5228.1,no,0.04666506183768652
40,admin.,divorced,high.school,no,no,no,cellular,jul,wed,1776,3,999,0,nonexistent,1.4,93.918,-42.7,4.963,5228.1,no,0.04657774277591274
46,technician,married,university.degree,unknown,no,no,cellular,aug,mon,139,1,999,0,nonexistent,1.4,93.444,-36.1,4.97,5228.1,no,0.04645056280698226
43,management,single,high.school,no,yes,no,cellular,nov,fri,149,1,999,0,nonexistent,-0.1,93.2,-42.0,4.021,5195.8,no,0.046331461635613004
37,blue-collar,single,basic.9y,no,no,no,cellular,jul,thu,211,1,999,0,nonexistent,1.4,93.918,-42.7,4.962,5228.1,no,0.046235739745990226
26,self-employed,married,high.school,no,no,no,cellular,may,thu,183,3,999,0,nonexistent,-1.8,92.893,-46.2,1.266,5099.1,no,0.04560773496711351
59,technician,divorced,basic.4y,no,yes,no,telephone,jun,fri,135,2,999,0,nonexistent,1.4,94.465,-41.8,4.947,5228.1,no,0.045
43,blue-collar,married,basic.4y,unknown,no,yes,telephone,jun,mon,119,1,999,0,nonexistent,1.4,94.465,-41.8,4.961,5228.1,no,0.045
46,blue-collar,married,high.school,no,no,no,cellular,may,tue,456,1,999,1,failure,-1.8,92.893,-46.2,1.344,5099.1,no,0.045
38,unemployed,married,basic.4y,unknown,no,no,cellular,jul,tue,1058,1,999,0,nonexistent,1.4,93.918,-42.7,4.961,5228.1,yes,0.045
56,technician,single,professional.course,no,yes,no,cellular,may,mon,80,3,999,1,failure,-1.8,92.893,-46.2,1.244,5099.1,no,0.045
28,admin.,single,university.degree,no,no,no,telephone,jun,mon,78,5,999,0,nonexistent,1.4,94.465,-41.8,4.96,5228.1,no,0.045
52,services,married,high.school,no,yes,no,telephone,nov,tue,251,1,999,0,nonexistent,-0.1,93.2,-42.0,4.153,5195.8,no,0.045
56,admin.,married,university.degree,no,yes,yes,cellular,jul,fri,374,2,999,0,nonexistent,1.4,93.918,-42.7,4.962,5228.1,no,0.045
29,technician,married,university.degree,no,no,yes,telephone,jun,fri,252,4,999,0,nonexistent,1.4,94.465,-41.8,4.967,5228.1,no,0.045
49,blue-collar,married,unknown,unknown,no,no,telephone,jun,wed,112,4,999,0,nonexistent,1.4,94.465,-41.8,4.864,5228.1,no,0.045
31,admin.,single,basic.9y,no,no,no,cellular,jul,wed,1432,5,999,0,nonexistent,1.4,93.918,-42.7,4.957,5228.1,no,0.045
42,admin.,single,basic.9y,unknown,no,yes,telephone,may,wed,408,1,999,0,nonexistent,1.1,93.994,-36.4,4.858,5191.0,no,0.045
58,services,married,basic.6y,unknown,no,no,cellular,may,wed,327,1,999,0,nonexistent,-1.8,92.893,-46.2,1.334,5099.1,no,0.045
49,blue-collar,married,basic.9y,no,no,no,telephone,jul,thu,75,1,999,0,nonexistent,1.4,93.918,-42.7,4.963,5228.1,no,0.045
34,self-employed,married,professional.course,no,no,no,telephone,may,thu,205,1,999,0,nonexistent,1.1,93.994,-36.4,4.86,5191.0,no,0.045
52,blue-collar,married,basic.9y,no,no,no,cellular,may,mon,182,2,999,0,nonexistent,-1.8,92.893,-46.2,1.299,5099.1,no,0.045
31,technician,married,professional.course,no,yes,no,cellular,apr,wed,647,2,999,0,nonexistent,-1.8,93.075,-47.1,1.498,5099.1,no,0.045
31,technician,married,professional.course,unknown,yes,yes,cellular,aug,mon,67,2,999,0,nonexistent,1.4,93.444,-36.1,4.963,5228.1,no,0.045
42,admin.,married,university.degree,no,no,yes,cellular,aug,fri,81,7,999,0,nonexistent,1.4,93.444,-36.1,4.963,5228.1,no,0.045
45,management,married,high.school,unknown,yes,no,cellular,aug,wed,228,1,999,0,nonexistent,1.4,93.444,-36.1,4.964,5228.1,no,0.045
31,admin.,single,university.degree,no,no,no,telephone,may,fri,239,2,999,0,nonexistent,1.1,93.994,-36.4,4.859,5191.0,no,0.045
37,blue-collar,married,basic.9y,no,yes,no,cellular,may,fri,210,1,999,0,nonexistent,-1.8,92.893,-46.2,1.313,5099.1,no,0.045
52,admin.,single,unknown,unknown,yes,no,cellular,may,wed,147,1,999,0,nonexistent,-1.8,92.893,-46.2,1.334,5099.1,no,0.045
52,self-employed,single,university.degree,unknown,yes,no,telephone,may,mon,37,1,999,0,nonexistent,1.1,93.994,-36.4,4.858,5191.0,no,0.045
31,blue-collar,single,professional.course,no,no,yes,cellular,jul,tue,171,13,999,0,nonexistent,1.4,93.918,-42.7,4.961,5228.1,no,0.045
42,management,married,university.degree,no,no,no,telephone,jun,wed,197,3,999,0,nonexistent,1.4,94.465,-41.8,4.959,5228.1,no,0.045
30,blue-collar,married,basic.4y,no,no,no,telephone,jun,tue,89,4,999,0,nonexistent,1.4,94.465,-41.8,4.961,5228.1,no,0.045
49,management,divorced,university.degree,no,no,no,cellular,nov,wed,364,2,6,1,success,-0.1,93.2,-42.0,4.12,5195.8,no,0.045
27,admin.,single,high.school,no,yes,no,cellular,may,thu,240,1,999,0,nonexistent,-1.8,92.893,-46.2,1.327,5099.1,no,0.045
44,blue-collar,married,basic.9y,no,no,no,cellular,aug,mon,135,3,999,0,nonexistent,1.4,93.444,-36.1,4.97,5228.1,no,0.045
37,services,married,basic.9y,no,yes,no,telephone,may,tue,518,1,999,0,nonexistent,1.1,93.994,-36.4,4.856,5191.0,no,0.045
41,technician,married,professional.course,no,yes,no,cellular,may,thu,377,4,999,0,nonexistent,-1.8,92.893,-46.2,1.266,5099.1,no,0.045
29,admin.,single,high.school,no,yes,yes,cellular,jul,thu,104,3,999,0,nonexistent,1.4,93.918,-42.7,4.968,5228.1,no,0.045
35,housemaid,single,basic.4y,unknown,unknown,unknown,cellular,nov,wed,316,1,999,1,failure,-0.1,93.2,-42.0,4.12,5195.8,no,0.045
54,blue-collar,married,basic.9y,unknown,no,no,telephone,jun,tue,72,1,999,0,nonexistent,1.4,94.465,-41.8,4.961,5228.1,no,0.045
36,admin.,married,high.school,no,yes,no,telephone,may,tue,259,5,999,0,nonexistent,1.1,93.994,-36.4,4.856,5191.0,no,0.045
56,technician,single,professional.course,no,yes,no,cellular,may,mon,517,3,999,1,failure,-1.8,92.893,-46.2,1.244,5099.1,no,0.045
33,blue-collar,single,high.school,no,no,no,telephone,may,wed,483,3,999,0,nonexistent,1.1,93.994,-36.4,4.859,5191.0,no,0.045
36,housemaid,married,high.school,no,yes,no,telephone,jun,fri,19,11,999,0,nonexistent,1.4,94.465,-41.8,4.959,5228.1,no,0.045
27,management,single,high.school,no,unknown,unknown,telephone,jun,wed,155,2,999,0,nonexistent,1.4,94.465,-41.8,4.962,5228.1,no,0.045
37,technician,single,professional.course,unknown,no,yes,telephone,jun,mon,75,3,999,0,nonexistent,1.4,94.465,-41.8,4.96,5228.1,no,0.045
50,services,married,unknown,no,yes,no,cellular,nov,thu,153,3,999,0,nonexistent,-0.1,93.2,-42.0,4.076,5195.8,no,0.045
24,technician,single,professional.course,no,no,yes,cellular,may,fri,23,8,999,0,nonexistent,-1.8,92.893,-46.2,1.25,5099.1,no,0.045
26,admin.,married,high.school,unknown,yes,no,telephone,jun,wed,198,5,999,0,nonexistent,1.4,94.465,-41.8,4.959,5228.1,no,0.045
45,technician,married,university.degree,no,no,no,telephone,jun,mon,79,3,999,0,nonexistent,1.4,94.465,-41.8,4.865,5228.1,no,0.045
24,technician,single,basic.9y,no,yes,no,cellular,may,mon,111,6,999,0,nonexistent,-1.8,92.893,-46.2,1.299,5099.1,no,0.045
58,retired,married,basic.4y,no,yes,no,telephone,jun,tue,254,1,999,0,nonexistent,1.4,94.465,-41.8,4.961,5228.1,no,0.045
34,technician,single,university.degree,no,yes,no,telephone,aug,thu,313,1,999,0,nonexistent,1.4,93.444,-36.1,4.964,5228.1,no,0.045
60,admin.,married,basic.9y,no,no,no,cellular,aug,fri,24,11,999,0,nonexistent,1.4,93.444,-36.1,4.963,5228.1,no,0.045
30,services,married,high.school,no,yes,yes,telephone,jul,mon,342,9,999,0,nonexistent,1.4,93.918,-42.7,4.96,5228.1,no,0.045
53,blue-collar,married,basic.9y,no,yes,no,telephone,jun,mon,154,10,999,0,nonexistent,1.4,94.465,-41.8,4.961,5228.1,no,0.045
53,management,married,university.degree,no,no,no,telephone,aug,fri,74,1,999,0,nonexistent,1.4,93.444,-36.1,4.963,5228.1,no,0.045
48,technician,married,basic.6y,no,no,no,cellular,jul,thu,171,5,999,0,nonexistent,1.4,93.918,-42.7,4.963,5228.1,no,0.045
46,blue-collar,married,basic.6y,unknown,no,no,cellular,aug,wed,151,1,999,0,nonexistent,1.4,93.444,-36.1,4.965,5228.1,no,0.045
36,admin.,single,high.school,no,no,no,telephone,jun,mon,98,1,999,0,nonexistent,1.4,94.465,-41.8,4.961,5228.1,no,0.045
32,services,married,high.school,no,no,no,telephone,jun,wed,90,2,999,0,nonexistent,1.4,94.465,-41.8,4.864,5228.1,no,0.045
53,retired,married,high.school,no,no,no,cellular,nov,fri,268,3,999,0,nonexistent,-0.1,93.2,-42.0,4.021,5195.8,no,0.045
50,housemaid,married,basic.4y,no,yes,no,telephone,nov,tue,150,2,999,0,nonexistent,-0.1,93.2,-42.0,4.153,5195.8,yes,0.045
35,technician,married,professional.course,no,no,no,cellular,nov,thu,366,6,999,0,nonexistent,-0.1,93.2,-42.0,4.076,5195.8,no,0.045
31,blue-collar,single,basic.9y,unknown,no,no,telephone,may,fri,312,7,999,0,nonexistent,1.1,93.994,-36.4,4.864,5191.0,no,0.045
60,blue-collar,married,basic.9y,unknown,no,no,telephone,may,wed,150,1,999,0,nonexistent,1.1,93.994,-36.4,4.859,5191.0,no,0.045
54,blue-collar,married,basic.4y,no,no,no,cellular,may,mon,50,1,999,0,nonexistent,-1.8,92.893,-46.2,1.299,5099.1,no,0.045
43,blue-collar,married,basic.9y,no,no,yes,cellular,may,wed,179,2,999,0,nonexistent,-1.8,92.893,-46.2,1.334,5099.1,no,0.045
30,admin.,married,high.school,no,yes,yes,cellular,may,mon,82,9,999,0,nonexistent,-1.8,92.893,-46.2,1.299,5099.1,no,0.045
48,services,married,professional.course,unknown,yes,no,cellular,jul,thu,55,5,999,0,nonexistent,1.4,93.918,-42.7,4.968,5228.1,no,0.045
34,admin.,married,university.degree,no,no,no,telephone,aug,mon,199,1,999,0,nonexistent,1.4,93.444,-36.1,4.963,5228.1,no,0.045
48,blue-collar,married,basic.9y,no,yes,no,cellular,may,wed,368,1,999,0,nonexistent,-1.8,92.893,-46.2,1.281,5099.1,no,0.045
43,blue-collar,married,unknown,unknown,no,yes,telephone,may,wed,73,1,999,0,nonexistent,1.1,93.994,-36.4,4.859,5191.0,no,0.045
28,student,single,high.school,unknown,yes,no,telephone,may,wed,313,4,999,0,nonexistent,1.1,93.994,-36.4,4.859,5191.0,no,0.045
37,unemployed,married,professional.course,no,yes,no,telephone,may,fri,3631,2,999,0,nonexistent,1.1,93.994,-36.4,4.864,5191.0,yes,0.045
31,unemployed,single,professional.course,no,no,no,telephone,may,wed,83,1,999,0,nonexistent,1.1,93.994,-36.4,4.857,5191.0,no,0.045
43,unemployed,divorced,basic.9y,no,no,no,cellular,jul,mon,39,9,999,0,nonexistent,1.4,93.918,-42.7,4.962,5228.1,no,0.045
36,technician,married,professional.course,no,yes,no,cellular,aug,wed,95,5,999,0,nonexistent,1.4,93.444,-36.1,4.964,5228.1,no,0.045
57,technician,married,high.school,no,no,yes,cellular,may,mon,371,1,999,1,failure,-1.8,92.893,-46.2,1.299,5099.1,no,0.045
50,technician,married,professional.course,unknown,no,yes,cellular,jul,tue,106,1,999,0,nonexistent,1.4,93.918,-42.7,4.961,5228.1,no,0.045
46,admin.,married,university.degree,unknown,no,no,cellular,nov,mon,174,1,999,1,failure,-0.1,93.2,-42.0,4.191,5195.8,no,0.045
52,admin.,married,university.degree,no,yes,yes,cellular,nov,mon,161,1,999,1,failure,-0.1,93.2,-42.0,4.191,5195.8,no,0.045
60,blue-collar,married,basic.4y,unknown,yes,no,cellular,jul,wed,293,5,999,0,nonexistent,1.4,93.918,-42.7,4.963,5228.1,no,0.045
33,admin.,divorced,university.degree,no,no,no,telephone,may,fri,465,4,999,0,nonexistent,1.1,93.994,-36.4,4.857,5191.0,no,0.045
33,unemployed,married,professional.course,unknown,yes,no,telephone,may,mon,129,2,999,0,nonexistent,1.1,93.994,-36.4,4.857,5191.0,no,0.045
50,admin.,divorced,basic.4y,no,yes,no,cellular,may,mon,8,11,999,0,nonexistent,-1.8,92.893,-46.2,1.244,5099.1,no,0.045
30,student,single,basic.9y,no,no,no,telephone,may,mon,234,1,999,0,nonexistent,1.1,93.994,-36.4,4.858,5191.0,no,0.04485507071874648
40,blue-collar,married,basic.6y,unknown,yes,no,cellular,apr,mon,88,1,999,1,failure,-1.8,93.075,-47.1,1.405,5099.1,no,0.04485345616937881
42,admin.,married,university.degree,no,yes,no,cellular,aug,tue,84,4,999,0,nonexistent,1.4,93.444,-36.1,4.965,5228.1,no,0.044851328756772404
47,management,single,university.degree,unknown,no,no,cellular,jul,mon,261,3,999,0,nonexistent,1.4,93.918,-42.7,4.962,5228.1,no,0.04484791777337776
35,blue-collar,single,high.school,unknown,yes,no,cellular,jul,wed,60,5,999,0,nonexistent,1.4,93.918,-42.7,4.957,5228.1,no,0.04484702093397745
44,services,divorced,high.school,no,no,no,cellular,jul,fri,238,3,999,0,nonexistent,1.4,93.918,-42.7,4.957,5228.1,no,0.04484381297863765
24,services,married,high.school,no,yes,no,cellular,may,mon,278,1,999,0,nonexistent,-1.8,92.893,-46.2,1.299,5099.1,no,0.04472139605462822
36,management,divorced,professional.course,no,no,no,cellular,nov,tue,75,2,999,0,nonexistent,-0.1,93.2,-42.0,4.153,5195.8,no,0.04471714719271624
31,services,single,high.school,no,yes,no,cellular,nov,thu,45,1,999,1,failure,-0.1,93.2,-42.0,4.076,5195.8,no,0.04467555063799175
41,services,single,high.school,no,yes,no,cellular,may,fri,408,2,999,0,nonexistent,-1.8,92.893,-46.2,1.313,5099.1,no,0.04464292423713797
46,technician,divorced,university.degree,unknown,no,no,cellular,jul,fri,65,2,999,0,nonexistent,1.4,93.918,-42.7,4.962,5228.1,no,0.044493631181299946
33,unemployed,married,high.school,unknown,yes,no,cellular,jul,wed,590,9,999,0,nonexistent,1.4,93.918,-42.7,4.963,5228.1,no,0.04448910081743869
35,technician,single,professional.course,no,no,yes,cellular,aug,mon,50,1,999,0,nonexistent,1.4,93.444,-36.1,4.97,5228.1,no,0.0444853121341646
28,entrepreneur,married,university.degree,no,no,no,cellular,jul,wed,98,1,999,0,nonexistent,1.4,93.918,-42.7,4.962,5228.1,no,0.04444810318664644
40,admin.,single,high.school,no,no,no,cellular,may,tue,18,6,999,0,nonexistent,-1.8,92.893,-46.2,1.344,5099.1,no,0.04443603945371775
40,admin.,single,high.school,no,no,no,cellular,may,tue,17,6,999,0,nonexistent,-1.8,92.893,-46.2,1.344,5099.1,no,0.04443603945371775
36,admin.,divorced,high.school,no,yes,no,cellular,nov,wed,862,1,999,0,nonexistent,-0.1,93.2,-42.0,4.12,5195.8,yes,0.04441438908995912
41,technician,married,professional.course,no,yes,no,cellular,aug,wed,84,2,999,0,nonexistent,1.4,93.444,-36.1,4.964,5228.1,no,0.044322160126579545
40,services,divorced,basic.9y,no,yes,no,cellular,jul,fri,85,2,999,0,nonexistent,1.4,93.918,-42.7,4.957,5228.1,no,0.04432186008353222
29,admin.,single,high.school,no,yes,no,cellular,nov,thu,205,3,999,0,nonexistent,-0.1,93.2,-42.0,4.076,5195.8,no,0.044261112415012994
32,management,single,university.degree,no,yes,no,cellular,may,tue,1710,2,999,0,nonexistent,-1.8,92.893,-46.2,1.291,5099.1,yes,0.04421489791512569
36,management,married,unknown,unknown,yes,no,cellular,jul,thu,171,1,999,0,nonexistent,1.4,93.918,-42.7,4.962,5228.1,no,0.044201561307129066
30,admin.,married,unknown,no,yes,no,cellular,nov,thu,305,1,999,0,nonexistent,-0.1,93.2,-42.0,4.076,5195.8,no,0.04406115119949819
36,blue-collar,married,basic.4y,unknown,no,no,cellular,may,tue,234,1,999,0,nonexistent,-1.8,92.893,-46.2,1.344,5099.1,no,0.044055879222113
30,admin.,single,university.degree,no,no,no,cellular,aug,mon,37,2,999,0,nonexistent,1.4,93.444,-36.1,4.963,5228.1,no,0.04404152514226682
42,blue-collar,married,basic.4y,no,no,no,cellular,jul,fri,504,1,999,0,nonexistent,1.4,93.918,-42.7,4.963,5228.1,no,0.044022155064412614
44,services,single,high.school,no,yes,no,cellular,may,fri,161,2,999,0,nonexistent,-1.8,92.893,-46.2,1.313,5099.1,no,0.04380423299122965
55,services,married,basic.4y,no,yes,no,cellular,aug,wed,212,1,999,0,nonexistent,1.4,93.444,-36.1,4.964,5228.1,no,0.043794950414014336
30,blue-collar,married,basic.9y,no,no,no,cellular,jul,mon,96,2,999,0,nonexistent,1.4,93.918,-42.7,4.962,5228.1,no,0.04375149440827549
33,services,married,basic.9y,no,unknown,unknown,cellular,may,mon,180,3,999,0,nonexistent,-1.8,92.893,-46.2,1.299,5099.1,no,0.04372564859988616
39,admin.,married,university.degree,no,no,no,cellular,apr,mon,505,3,999,0,nonexistent,-1.8,93.075,-47.1,1.405,5099.1,no,0.043589843727078935
37,blue-collar,married,basic.9y,no,no,no,telephone,may,thu,291,1,999,0,nonexistent,1.1,93.994,-36.4,4.86,5191.0,no,0.04331861410612573
42,self-employed,married,university.degree,no,yes,no,cellular,aug,fri,219,2,999,0,nonexistent,1.4,93.444,-36.1,4.966,5228.1,no,0.043287110269217326
29,admin.,married,university.degree,no,no,no,cellular,aug,mon,63,2,999,0,nonexistent,1.4,93.444,-36.1,4.965,5228.1,no,0.043012584777471934
46,housemaid,married,basic.4y,no,no,no,cellular,aug,fri,177,1,999,0,nonexistent,1.4,93.444,-36.1,4.964,5228.1,no,0.0428380402234543
23,blue-collar,single,basic.9y,no,no,no,telephone,jun,thu,359,1,999,0,nonexistent,1.4,94.465,-41.8,4.961,5228.1,no,0.0428199743597356
42,admin.,divorced,university.degree,no,yes,no,telephone,jul,mon,339,2,999,0,nonexistent,1.4,93.918,-42.7,4.96,5228.1,no,0.0425
43,admin.,married,high.school,no,no,no,cellular,jul,mon,41,2,999,0,nonexistent,1.4,93.918,-42.7,4.962,5228.1,no,0.0425
53,technician,married,professional.course,unknown,yes,no,telephone,may,fri,153,1,999,0,nonexistent,1.1,93.994,-36.4,4.864,5191.0,no,0.0425
47,admin.,married,basic.9y,no,yes,no,telephone,jun,fri,9,7,999,0,nonexistent,1.4,94.465,-41.8,4.959,5228.1,no,0.0425
39,management,married,basic.9y,no,yes,no,telephone,may,fri,159,1,999,0,nonexistent,1.1,93.994,-36.4,4.864,5191.0,no,0.0425
54,admin.,married,high.school,no,yes,no,cellular,aug,fri,107,1,999,0,nonexistent,1.4,93.444,-36.1,4.966,5228.1,no,0.0425
43,services,married,basic.6y,unknown,yes,no,cellular,jul,mon,65,4,999,0,nonexistent,1.4,93.918,-42.7,4.962,5228.1,no,0.0425
52,blue-collar,married,basic.9y,unknown,yes,no,cellular,may,mon,201,2,999,0,nonexistent,-1.8,92.893,-46.2,1.244,5099.1,no,0.0425
35,services,divorced,high.school,no,no,no,cellular,nov,thu,410,1,999,0,nonexistent,-0.1,93.2,-42.0,4.076,5195.8,no,0.0425
54,technician,married,university.degree,no,yes,no,telephone,aug,mon,652,2,999,0,nonexistent,1.4,93.444,-36.1,4.97,5228.1,yes,0.0425
34,blue-collar,married,basic.9y,no,no,no,telephone,jun,thu,761,2,999,0,nonexistent,1.4,94.465,-41.8,4.866,5228.1,yes,0.0425
59,management,married,basic.4y,unknown,yes,no,telephone,may,tue,88,5,999,0,nonexistent,1.1,93.994,-36.4,4.857,5191.0,no,0.0425
51,housemaid,divorced,high.school,no,yes,yes,cellular,jul,thu,137,1,999,0,nonexistent,1.4,93.918,-42.7,4.962,5228.1,no,0.0425
43,technician,married,high.school,no,no,no,cellular,jul,wed,332,3,999,0,nonexistent,1.4,93.918,-42.7,4.957,5228.1,no,0.0425
58,blue-collar,married,basic.4y,unknown,yes,no,cellular,may,tue,451,2,999,1,failure,-1.8,92.893,-46.2,1.291,5099.1,no,0.0425
48,management,divorced,university.degree,unknown,no,no,cellular,may,thu,86,2,999,1,failure,-1.8,92.893,-46.2,1.266,5099.1,no,0.0425
44,services,divorced,basic.9y,no,no,no,cellular,jul,tue,805,3,999,0,nonexistent,1.4,93.918,-42.7,4.961,5228.1,yes,0.0425
36,technician,married,high.school,no,yes,no,telephone,jun,wed,158,2,999,0,nonexistent,1.4,94.465,-41.8,4.959,5228.1,no,0.0425
38,technician,divorced,high.school,no,no,no,telephone,nov,wed,59,5,999,0,nonexistent,-0.1,93.2,-42.0,4.12,5195.8,no,0.0425
42,technician,married,high.school,no,no,no,telephone,jun,thu,677,1,999,0,nonexistent,1.4,94.465,-41.8,4.961,5228.1,no,0.0425
40,management,married,basic.6y,unknown,yes,no,telephone,jun,wed,229,6,999,0,nonexistent,1.4,94.465,-41.8,4.864,5228.1,no,0.0425
31,blue-collar,single,basic.9y,no,yes,no,cellular,may,tue,22,8,999,0,nonexistent,-1.8,92.893,-46.2,1.291,5099.1,no,0.0425
40,management,married,high.school,no,yes,no,cellular,nov,fri,7,4,999,0,nonexistent,-0.1,93.2,-42.0,4.021,5195.8,no,0.0425
29,technician,single,professional.course,no,yes,yes,telephone,may,thu,118,4,999,0,nonexistent,1.1,93.994,-36.4,4.86,5191.0,no,0.0425
43,blue-collar,single,basic.4y,no,yes,no,telephone,may,tue,200,2,999,1,failure,-1.8,92.893,-46.2,1.291,5099.1,no,0.0425
46,admin.,single,university.degree,no,unknown,unknown,cellular,aug,wed,311,5,999,0,nonexistent,1.4,93.444,-36.1,4.967,5228.1,no,0.0425
27,technician,single,professional.course,no,yes,no,cellular,may,wed,102,2,999,0,nonexistent,-1.8,92.893,-46.2,1.281,5099.1,no,0.0425
31,admin.,married,high.school,no,no,no,telephone,may,thu,303,1,999,0,nonexistent,1.1,93.994,-36.4,4.86,5191.0,no,0.0425
41,housemaid,married,high.school,no,yes,yes,telephone,jun,fri,168,2,999,0,nonexistent,1.4,94.465,-41.8,4.959,5228.1,no,0.0425
35,unemployed,single,basic.6y,unknown,yes,no,cellular,nov,tue,76,1,999,0,nonexistent,-0.1,93.2,-42.0,4.153,5195.8,no,0.0425
50,retired,married,university.degree,no,no,no,cellular,nov,fri,128,3,999,0,nonexistent,-0.1,93.2,-42.0,4.021,5195.8,no,0.0425
60,blue-collar,married,basic.9y,unknown,no,no,telephone,may,mon,301,1,999,0,nonexistent,1.1,93.994,-36.4,4.857,5191.0,no,0.0425
42,technician,single,university.degree,no,no,yes,cellular,may,mon,9,5,999,0,nonexistent,-1.8,92.893,-46.2,1.244,5099.1,no,0.0425
32,technician,single,university.degree,no,yes,no,cellular,nov,fri,327,1,999,1,failure,-0.1,93.2,-42.0,4.021,5195.8,no,0.0425
39,blue-collar,married,basic.9y,unknown,no,no,cellular,may,wed,265,2,999,0,nonexistent,-1.8,92.893,-46.2,1.281,5099.1,no,0.0425
34,management,single,university.degree,no,no,no,telephone,may,tue,290,1,999,0,nonexistent,1.1,93.994,-36.4,4.857,5191.0,no,0.0425
29,admin.,single,professional.course,no,yes,no,cellular,may,tue,200,1,999,1,failure,-1.8,92.893,-46.2,1.291,5099.1,no,0.0425
43,management,married,university.degree,unknown,no,no,cellular,may,tue,167,2,999,1,failure,-1.8,92.893,-46.2,1.344,5099.1,no,0.0425
35,blue-collar,married,basic.9y,no,yes,no,telephone,nov,wed,178,2,999,0,nonexistent,-0.1,93.2,-42.0,4.12,5195.8,no,0.0425
46,admin.,single,high.school,no,yes,no,cellular,nov,fri,294,1,999,1,failure,-0.1,93.2,-42.0,4.021,5195.8,no,0.0425
37,services,single,high.school,no,yes,no,cellular,jul,wed,411,2,999,0,nonexistent,1.4,93.918,-42.7,4.963,5228.1,no,0.0425
47,blue-collar,single,unknown,no,yes,no,cellular,jul,tue,91,2,999,0,nonexistent,1.4,93.918,-42.7,4.961,5228.1,no,0.0425
37,blue-collar,married,basic.9y,no,unknown,unknown,telephone,jun,thu,94,4,999,0,nonexistent,1.4,94.465,-41.8,4.866,5228.1,no,0.0425
44,admin.,married,university.degree,unknown,no,no,cellular,nov,fri,48,4,999,0,nonexistent,-0.1,93.2,-42.0,4.021,5195.8,no,0.0425
60,retired,married,basic.4y,unknown,no,no,telephone,jun,mon,223,2,999,0,nonexistent,1.4,94.465,-41.8,4.865,5228.1,no,0.0425
25,admin.,single,high.school,no,no,no,cellular,jul,wed,114,2,999,0,nonexistent,1.4,93.918,-42.7,4.963,5228.1,no,0.0425
55,unknown,married,basic.4y,unknown,yes,no,telephone,jun,tue,216,2,999,0,nonexistent,1.4,94.465,-41.8,4.864,5228.1,no,0.0425
35,technician,married,professional.course,no,yes,no,cellular,jul,tue,157,8,999,0,nonexistent,1.4,93.918,-42.7,4.962,5228.1,no,0.0425
45,management,married,university.degree,no,yes,yes,cellular,apr,fri,362,1,999,2,failure,-1.8,93.075,-47.1,1.405,5099.1,no,0.0425
46,blue-collar,married,unknown,no,no,no,cellular,apr,fri,193,1,999,0,nonexistent,-1.8,93.075,-47.1,1.405,5099.1,no,0.0425
35,admin.,single,high.school,no,no,no,cellular,jul,fri,441,12,999,0,nonexistent,1.4,93.918,-42.7,4.962,5228.1,no,0.0425
39,blue-collar,married,high.school,no,yes,yes,telephone,jun,tue,314,2,999,0,nonexistent,1.4,94.465,-41.8,4.961,5228.1,no,0.0425
36,blue-collar,married,basic.4y,no,no,no,cellular,nov,tue,101,5,999,0,nonexistent,-0.1,93.2,-42.0,4.153,5195.8,no,0.0425
31,management,divorced,university.degree,no,yes,no,cellular,may,fri,156,2,999,0,nonexistent,-1.8,92.893,-46.2,1.313,5099.1,no,0.0425
34,technician,married,university.degree,no,no,yes,cellular,jul,thu,114,2,999,0,nonexistent,1.4,93.918,-42.7,4.968,5228.1,no,0.0425
32,admin.,single,university.degree,no,no,no,cellular,nov,fri,85,2,999,1,failure,-0.1,93.2,-42.0,4.021,5195.8,no,0.0425
45,blue-collar,single,high.school,unknown,no,no,telephone,jun,mon,68,1,999,0,nonexistent,1.4,94.465,-41.8,4.865,5228.1,no,0.0425
34,admin.,divorced,university.degree,no,no,no,cellular,nov,thu,493,2,999,1,failure,-0.1,93.2,-42.0,4.076,5195.8,yes,0.0425
31,admin.,married,university.degree,no,no,no,telephone,may,fri,294,3,999,0,nonexistent,1.1,93.994,-36.4,4.864,5191.0,no,0.0425
41,unknown,single,basic.9y,no,no,yes,telephone,may,mon,369,1,999,0,nonexistent,1.1,93.994,-36.4,4.857,5191.0,no,0.0425
48,admin.,married,high.school,no,no,no,cellular,aug,thu,663,2,999,0,nonexistent,1.4,93.444,-36.1,4.968,5228.1,yes,0.0425
38,housemaid,married,basic.9y,no,yes,yes,telephone,jun,fri,173,2,999,0,nonexistent,1.4,94.465,-41.8,4.967,5228.1,no,0.0425
39,technician,married,professional.course,no,yes,no,telephone,may,fri,435,1,999,0,nonexistent,1.1,93.994,-36.4,4.864,5191.0,no,0.0425
56,technician,married,unknown,no,no,yes,telephone,jun,fri,988,4,999,0,nonexistent,1.4,94.465,-41.8,4.959,5228.1,yes,0.0425
36,admin.,married,university.degree,unknown,yes,no,cellular,aug,thu,120,1,999,0,nonexistent,1.4,93.444,-36.1,4.963,5228.1,no,0.0425
27,self-employed,single,university.degree,no,no,yes,telephone,jun,fri,100,4,999,0,nonexistent,1.4,94.465,-41.8,4.967,5228.1,no,0.0425
32,services,married,professional.course,no,yes,yes,cellular,nov,tue,265,1,999,0,nonexistent,-0.1,93.2,-42.0,4.153,5195.8,no,0.0425
31,blue-collar,married,basic.6y,unknown,unknown,unknown,telephone,may,fri,676,1,999,0,nonexistent,1.1,93.994,-36.4,4.859,5191.0,yes,0.0425
57,services,divorced,high.school,no,yes,yes,telephone,may,fri,1193,5,999,0,nonexistent,1.1,93.994,-36.4,4.859,5191.0,yes,0.0425
46,blue-collar,married,basic.6y,unknown,yes,no,cellular,aug,tue,143,1,999,0,nonexistent,1.4,93.444,-36.1,4.963,5228.1,no,0.0425
30,blue-collar,married,basic.4y,unknown,yes,no,telephone,may,thu,162,2,999,0,nonexistent,-1.8,92.893,-46.2,1.266,5099.1,no,0.0425
41,technician,married,basic.9y,unknown,no,no,telephone,jun,wed,102,1,999,0,nonexistent,1.4,94.465,-41.8,4.864,5228.1,no,0.0425
57,technician,single,professional.course,unknown,yes,no,telephone,jun,wed,64,1,999,0,nonexistent,1.4,94.465,-41.8,4.959,5228.1,no,0.0425
48,blue-collar,married,basic.6y,no,yes,no,cellular,may,wed,122,1,999,1,failure,-1.8,92.893,-46.2,1.281,5099.1,no,0.0425
53,retired,divorced,university.degree,no,yes,no,cellular,jul,tue,62,4,999,0,nonexistent,1.4,93.918,-42.7,4.961,5228.1,no,0.0425
33,blue-collar,married,high.school,unknown,no,no,cellular,may,tue,272,5,999,1,failure,-1.8,92.893,-46.2,1.291,5099.1,no,0.0425
31,blue-collar,married,basic.4y,no,no,no,telephone,jul,thu,317,2,999,0,nonexistent,1.4,93.918,-42.7,4.963,5228.1,no,0.0425
35,admin.,married,university.degree,no,no,no,cellular,jul,tue,480,2,999,0,nonexistent,1.4,93.918,-42.7,4.962,5228.1,no,0.0425
55,retired,married,high.school,no,yes,no,telephone,may,tue,591,5,999,0,nonexistent,1.1,93.994,-36.4,4.857,5191.0,no,0.0425
36,technician,married,professional.course,no,yes,no,cellular,may,thu,191,1,999,1,failure,-1.8,92.893,-46.2,1.327,5099.1,no,0.0425
42,unemployed,divorced,high.school,no,no,no,telephone,may,fri,275,2,999,0,nonexistent,1.1,93.994,-36.4,4.864,5191.0,no,0.0425
58,admin.,married,university.degree,no,yes,no,cellular,nov,thu,554,2,999,0,nonexistent,-0.1,93.2,-42.0,4.076,5195.8,no,0.0425
35,blue-collar,single,basic.6y,no,no,no,cellular,nov,thu,137,1,999,0,nonexistent,-0.1,93.2,-42.0,4.076,5195.8,no,0.0425
42,admin.,single,university.degree,no,no,yes,telephone,jun,thu,122,1,999,0,nonexistent,1.4,94.465,-41.8,4.958,5228.1,no,0.0425
54,admin.,divorced,unknown,unknown,no,no,telephone,jun,wed,38,2,999,0,nonexistent,1.4,94.465,-41.8,4.864,5228.1,no,0.0425
56,retired,divorced,high.school,no,yes,no,cellular,jul,wed,173,4,999,0,nonexistent,1.4,93.918,-42.7,4.963,5228.1,no,0.0425
50,blue-collar,divorced,basic.4y,no,no,no,cellular,jul,thu,150,5,999,0,nonexistent,1.4,93.918,-42.7,4.962,5228.1,no,0.0425
25,blue-collar,single,basic.9y,unknown,yes,no,telephone,may,mon,260,9,999,0,nonexistent,1.1,93.994,-36.4,4.858,5191.0,no,0.0425
45,entrepreneur,married,basic.4y,no,unknown,unknown,telephone,nov,tue,67,7,999,0,nonexistent,-0.1,93.2,-42.0,4.153,5195.8,no,0.0425
29,admin.,married,university.degree,no,yes,yes,telephone,jun,wed,281,3,999,0,nonexistent,1.4,94.465,-41.8,4.958,5228.1,no,0.0425
50,unemployed,married,basic.4y,unknown,yes,no,cellular,apr,fri,71,1,999,0,nonexistent,-1.8,93.075,-47.1,1.405,5099.1,no,0.0425
52,technician,married,basic.4y,unknown,no,no,telephone,may,wed,161,1,999,0,nonexistent,1.1,93.994,-36.4,4.856,5191.0,no,0.0425
49,blue-collar,married,basic.9y,unknown,no,no,cellular,may,tue,55,2,999,2,failure,-1.8,92.893,-46.2,1.291,5099.1,no,0.0425
36,self-employed,married,university.degree,no,yes,no,telephone,jun,tue,134,7,999,0,nonexistent,1.4,94.465,-41.8,4.961,5228.1,no,0.0425
49,technician,married,university.degree,unknown,yes,no,cellular,jul,mon,333,2,999,0,nonexistent,1.4,93.918,-42.7,4.962,5228.1,no,0.0425
27,blue-collar,single,basic.9y,no,yes,yes,cellular,jul,mon,204,3,999,0,nonexistent,1.4,93.918,-42.7,4.96,5228.1,no,0.0425
34,blue-collar,married,basic.6y,no,no,no,telephone,jun,fri,238,3,999,0,nonexistent,1.4,94.465,-41.8,4.959,5228.1,no,0.0425
37,self-employed,married,basic.9y,unknown,yes,no,telephone,jun,tue,106,6,999,0,nonexistent,1.4,94.465,-41.8,4.864,5228.1,no,0.0425
38,technician,single,university.degree,no,yes,no,cellular,may,mon,12,13,999,0,nonexistent,-1.8,92.893,-46.2,1.244,5099.1,no,0.0425
49,services,married,high.school,unknown,yes,no,telephone,may,thu,166,1,999,0,nonexistent,1.1,93.994,-36.4,4.86,5191.0,no,0.0425
24,student,single,basic.4y,no,yes,yes,telephone,jul,fri,57,1,999,0,nonexistent,1.4,93.918,-42.7,4.963,5228.1,no,0.0425
29,admin.,married,university.degree,no,unknown,unknown,cellular,apr,fri,462,1,999,1,failure,-1.8,93.075,-47.1,1.405,5099.1,no,0.0425
44,blue-collar,married,basic.6y,unknown,yes,no,telephone,may,fri,194,3,999,0,nonexistent,1.1,93.994,-36.4,4.859,5191.0,no,0.0425
36,technician,married,basic.9y,no,yes,no,cellular,apr,mon,419,2,999,1,failure,-1.8,93.075,-47.1,1.405,5099.1,no,0.0425
54,blue-collar,divorced,high.school,unknown,no,no,cellular,jul,fri,86,2,999,0,nonexistent,1.4,93.918,-42.7,4.963,5228.1,no,0.0425
55,admin.,married,university.degree,no,no,no,cellular,jul,mon,93,1,999,0,nonexistent,1.4,93.918,-42.7,4.96,5228.1,no,0.0425
53,admin.,married,high.school,no,yes,no,cellular,may,fri,291,1,999,0,nonexistent,-1.8,92.893,-46.2,1.313,5099.1,no,0.0425
52,admin.,divorced,basic.6y,no,yes,no,telephone,jun,wed,219,1,999,0,nonexistent,1.4,94.465,-41.8,4.959,5228.1,no,0.0425
36,blue-collar,married,basic.9y,no,no,no,cellular,may,thu,189,3,999,0,nonexistent,-1.8,92.893,-46.2,1.327,5099.1,no,0.0425
35,blue-collar,married,basic.6y,no,yes,no,cellular,jul,fri,145,2,999,0,nonexistent,1.4,93.918,-42.7,4.963,5228.1,no,0.04235430617783559
36,admin.,single,university.degree,no,yes,no,cellular,nov,thu,120,1,999,0,nonexistent,-0.1,93.2,-42.0,4.076,5195.8,no,0.04234975226819381
25,blue-collar,single,basic.9y,no,yes,no,cellular,jul,wed,439,1,999,0,nonexistent,1.4,93.918,-42.7,4.963,5228.1,no,0.042325447290770854
31,self-employed,divorced,university.degree,no,yes,no,cellular,jul,thu,275,3,999,0,nonexistent,1.4,93.918,-42.7,4.958,5228.1,no,0.0422992844741411
25,blue-collar,single,basic.9y,no,yes,no,cellular,may,mon,165,1,999,0,nonexistent,-1.8,92.893,-46.2,1.244,5099.1,no,0.04224865087670829
52,housemaid,married,basic.4y,no,yes,no,cellular,jul,mon,88,1,999,0,nonexistent,1.4,93.918,-42.7,4.96,5228.1,no,0.04222162367223065
59,housemaid,divorced,basic.6y,unknown,yes,no,cellular,may,tue,130,1,999,0,nonexistent,-1.8,92.893,-46.2,1.291,5099.1,no,0.042220485584218516
48,blue-collar,married,basic.4y,no,no,no,cellular,aug,tue,134,7,999,0,nonexistent,1.4,93.444,-36.1,4.966,5228.1,no,0.04207754585822543
40,entrepreneur,married,professional.course,unknown,yes,no,cellular,apr,thu,176,1,999,1,failure,-1.8,93.075,-47.1,1.41,5099.1,no,0.04207394175359732
47,entrepreneur,divorced,university.degree,no,no,no,cellular,nov,tue,62,2,999,1,failure,-0.1,93.2,-42.0,4.153,5195.8,no,0.042022177640070914
31,entrepreneur,single,basic.9y,no,no,no,cellular,jul,mon,131,3,999,0,nonexistent,1.4,93.918,-42.7,4.96,5228.1,no,0.041995470421305386
33,unemployed,married,high.school,unknown,yes,yes,cellular,jul,wed,285,8,999,0,nonexistent,1.4,93.918,-42.7,4.963,5228.1,no,0.041989100817438695
40,entrepreneur,married,basic.9y,no,yes,no,cellular,nov,tue,67,1,999,1,failure,-0.1,93.2,-42.0,4.153,5195.8,no,0.041946130500758724
28,admin.,single,university.degree,no,yes,no,cellular,may,mon,28,2,999,0,nonexistent,-1.8,92.893,-46.2,1.244,5099.1,no,0.04193839150227618
39,admin.,single,high.school,no,no,yes,cellular,aug,thu,92,1,999,0,nonexistent,1.4,93.444,-36.1,4.968,5228.1,no,0.0419268588770865
29,admin.,divorced,basic.9y,no,no,no,cellular,may,mon,81,3,999,1,failure,-1.8,92.893,-46.2,1.299,5099.1,no,0.0418146291151622
53,admin.,married,high.school,no,no,no,cellular,may,fri,101,2,999,0,nonexistent,-1.8,92.893,-46.2,1.25,5099.1,no,0.0417826314924473
38,technician,married,professional.course,unknown,yes,no,cellular,aug,tue,134,1,999,0,nonexistent,1.4,93.444,-36.1,4.963,5228.1,no,0.04169555738438081
56,admin.,married,professional.course,no,yes,no,cellular,nov,tue,124,1,999,1,failure,-0.1,93.2,-42.0,4.153,5195.8,no,0.04164755499494739
41,admin.,married,university.degree,unknown,yes,no,cellular,aug,mon,235,2,999,0,nonexistent,1.4,93.444,-36.1,4.963,5228.1,no,0.04164706606797564
59,retired,married,basic.9y,unknown,no,no,cellular,jul,fri,1330,3,999,0,nonexistent,1.4,93.918,-42.7,4.962,5228.1,yes,0.041645622178613825
60,admin.,married,basic.9y,no,yes,no,cellular,aug,fri,60,2,999,0,nonexistent,1.4,93.444,-36.1,4.963,5228.1,no,0.041591436325499435
26,services,single,basic.9y,unknown,yes,no,cellular,may,tue,165,2,999,1,failure,-1.8,92.893,-46.2,1.291,5099.1,no,0.0415447798179512
30,admin.,married,high.school,no,yes,no,cellular,aug,mon,214,1,999,0,nonexistent,1.4,93.444,-36.1,4.965,5228.1,no,0.041493887303088776
46,housemaid,married,basic.4y,no,no,no,cellular,jul,wed,236,1,999,0,nonexistent,1.4,93.918,-42.7,4.962,5228.1,no,0.04135244270966854
52,admin.,married,university.degree,unknown,yes,no,cellular,nov,fri,32,1,999,0,nonexistent,-0.1,93.2,-42.0,4.021,5195.8,no,0.04130637999437111
42,self-employed,married,basic.4y,unknown,yes,no,cellular,jul,fri,126,3,999,0,nonexistent,1.4,93.918,-42.7,4.962,5228.1,no,0.041269294576226564
30,blue-collar,married,basic.9y,no,yes,no,cellular,may,tue,167,2,999,1,failure,-1.8,92.893,-46.2,1.291,5099.1,no,0.04099065300472316
45,blue-collar,divorced,basic.9y,no,no,no,cellular,jul,mon,399,4,999,0,nonexistent,1.4,93.918,-42.7,4.962,5228.1,no,0.04095153673365435
33,services,married,professional.course,no,yes,no,cellular,may,tue,44,1,999,0,nonexistent,-1.8,92.893,-46.2,1.344,5099.1,no,0.0409388765751932
57,self-employed,married,university.degree,unknown,yes,no,cellular,aug,mon,932,2,999,0,nonexistent,1.4,93.444,-36.1,4.965,5228.1,yes,0.04089772972778743
44,services,divorced,high.school,no,no,no,cellular,jul,mon,119,3,999,0,nonexistent,1.4,93.918,-42.7,4.962,5228.1,no,0.04080495578574645
27,blue-collar,married,basic.9y,no,no,no,cellular,may,mon,653,1,999,0,nonexistent,-1.8,92.893,-46.2,1.299,5099.1,yes,0.04078691540350648
38,services,married,high.school,no,yes,yes,cellular,may,fri,302,1,999,0,nonexistent,-1.8,92.893,-46.2,1.313,5099.1,no,0.04073872634506953
57,retired,married,basic.4y,no,no,no,telephone,jun,fri,83,3,999,0,nonexistent,1.4,94.465,-41.8,4.967,5228.1,no,0.04056274068932523
30,self-employed,single,university.degree,no,no,no,cellular,apr,thu,435,1,999,0,nonexistent,-1.8,93.075,-47.1,1.435,5099.1,yes,0.04045390397260249
59,blue-collar,married,basic.9y,unknown,no,no,cellular,aug,fri,186,1,999,0,nonexistent,1.4,93.444,-36.1,4.964,5228.1,no,0.04031116919994445
29,admin.,divorced,basic.9y,no,yes,no,cellular,may,mon,226,3,999,1,failure,-1.8,92.893,-46.2,1.299,5099.1,no,0.04006629520107199
37,housemaid,single,professional.course,no,no,yes,cellular,jul,thu,50,1,999,0,nonexistent,1.4,93.918,-42.7,4.968,5228.1,no,0.04
37,technician,single,university.degree,no,no,no,cellular,jul,mon,756,3,999,0,nonexistent,1.4,93.918,-42.7,4.96,5228.1,no,0.04
44,entrepreneur,married,high.school,no,no,no,cellular,nov,wed,130,1,999,1,failure,-0.1,93.2,-42.0,4.12,5195.8,no,0.04
32,management,divorced,university.degree,unknown,yes,no,cellular,jul,thu,489,2,999,0,nonexistent,1.4,93.918,-42.7,4.958,5228.1,no,0.04
38,admin.,single,basic.6y,unknown,no,no,telephone,may,tue,250,1,999,0,nonexistent,1.1,93.994,-36.4,4.857,5191.0,no,0.04
47,admin.,married,high.school,no,yes,no,cellular,jul,tue,247,2,999,0,nonexistent,1.4,93.918,-42.7,4.961,5228.1,no,0.04
35,blue-collar,married,basic.6y,no,no,no,cellular,may,fri,69,3,999,1,failure,-1.8,92.893,-46.2,1.25,5099.1,no,0.04
58,management,married,basic.9y,no,no,no,cellular,jul,wed,109,3,999,0,nonexistent,1.4,93.918,-42.7,4.963,5228.1,no,0.04
43,unemployed,married,university.degree,unknown,yes,no,telephone,may,thu,37,1,999,0,nonexistent,1.1,93.994,-36.4,4.86,5191.0,no,0.04
37,services,single,high.school,no,yes,no,cellular,nov,wed,485,1,999,0,nonexistent,-0.1,93.2,-42.0,4.12,5195.8,yes,0.04
57,admin.,married,high.school,no,no,no,telephone,jul,thu,487,9,999,0,nonexistent,1.4,93.918,-42.7,4.958,5228.1,no,0.04
53,technician,married,professional.course,unknown,yes,yes,cellular,jul,fri,264,2,999,0,nonexistent,1.4,93.918,-42.7,4.957,5228.1,no,0.04
26,entrepreneur,married,university.degree,no,no,no,telephone,may,thu,73,2,999,0,nonexistent,1.1,93.994,-36.4,4.86,5191.0,no,0.04
41,admin.,single,basic.6y,no,unknown,unknown,telephone,may,wed,92,1,999,0,nonexistent,1.1,93.994,-36.4,4.856,5191.0,no,0.04
45,management,divorced,university.degree,no,yes,yes,cellular,jul,tue,192,1,999,0,nonexistent,1.4,93.918,-42.7,4.961,5228.1,no,0.04
40,admin.,married,high.school,unknown,yes,no,telephone,jun,fri,17,10,999,0,nonexistent,1.4,94.465,-41.8,4.959,5228.1,no,0.04
39,admin.,single,high.school,no,yes,no,cellular,jul,fri,361,1,999,0,nonexistent,1.4,93.918,-42.7,4.962,5228.1,no,0.04
33,blue-collar,married,basic.9y,unknown,no,no,cellular,jul,wed,218,3,999,0,nonexistent,1.4,93.918,-42.7,4.963,5228.1,no,0.04
38,entrepreneur,married,basic.9y,unknown,no,yes,cellular,jul,tue,133,2,999,0,nonexistent,1.4,93.918,-42.7,4.962,5228.1,no,0.04
32,technician,single,high.school,no,no,no,telephone,jul,wed,239,11,999,0,nonexistent,1.4,93.918,-42.7,4.963,5228.1,no,0.04
40,services,married,basic.4y,unknown,yes,no,cellular,jul,wed,205,1,999,0,nonexistent,1.4,93.918,-42.7,4.963,5228.1,no,0.04
39,unemployed,divorced,basic.9y,unknown,no,no,telephone,jun,fri,638,9,999,0,nonexistent,1.4,94.465,-41.8,4.959,5228.1,no,0.04
52,management,married,professional.course,no,yes,no,telephone,may,wed,456,9,999,0,nonexistent,1.1,93.994,-36.4,4.859,5191.0,no,0.04
38,admin.,single,basic.9y,no,no,yes,telephone,jun,fri,111,3,999,0,nonexistent,1.4,94.465,-41.8,4.959,5228.1,no,0.04
45,admin.,married,high.school,no,no,yes,telephone,may,fri,35,3,999,0,nonexistent,1.1,93.994,-36.4,4.855,5191.0,no,0.04
31,admin.,divorced,high.school,no,yes,yes,telephone,jun,tue,287,4,999,0,nonexistent,1.4,94.465,-41.8,4.961,5228.1,no,0.04
34,blue-collar,divorced,basic.4y,unknown,yes,no,cellular,jul,mon,246,2,999,0,nonexistent,1.4,93.918,-42.7,4.96,5228.1,no,0.04
41,admin.,single,university.degree,no,yes,no,cellular,jul,thu,435,5,999,0,nonexistent,1.4,93.918,-42.7,4.968,5228.1,no,0.04
32,unemployed,divorced,basic.4y,no,no,yes,telephone,jun,fri,19,1,999,0,nonexistent,1.4,94.465,-41.8,4.967,5228.1,no,0.04
43,entrepreneur,married,basic.4y,no,yes,no,telephone,may,thu,199,1,999,0,nonexistent,1.1,93.994,-36.4,4.86,5191.0,no,0.04
31,management,married,university.degree,no,yes,no,cellular,aug,wed,181,2,999,0,nonexistent,1.4,93.444,-36.1,4.964,5228.1,no,0.04
40,blue-collar,married,basic.4y,no,no,no,cellular,nov,tue,103,6,999,0,nonexistent,-0.1,93.2,-42.0,4.153,5195.8,no,0.04
33,admin.,single,university.degree,no,yes,yes,cellular,may,thu,255,2,999,1,failure,-1.8,92.893,-46.2,1.266,5099.1,no,0.04
42,blue-collar,married,basic.4y,unknown,yes,yes,cellular,may,thu,36,3,999,0,nonexistent,-1.8,92.893,-46.2,1.327,5099.1,no,0.04
32,services,single,university.degree,no,yes,no,telephone,nov,wed,52,2,999,0,nonexistent,-0.1,93.2,-42.0,4.12,5195.8,no,0.04
58,unemployed,divorced,high.school,no,no,no,cellular,jul,mon,377,4,999,0,nonexistent,1.4,93.918,-42.7,4.962,5228.1,no,0.04
29,admin.,single,university.degree,no,yes,yes,cellular,jul,wed,166,6,999,0,nonexistent,1.4,93.918,-42.7,4.957,5228.1,no,0.04
36,blue-collar,married,basic.9y,no,no,yes,cellular,nov,tue,160,3,999,0,nonexistent,-0.1,93.2,-42.0,4.153,5195.8,no,0.04
38,technician,single,university.degree,no,yes,no,telephone,jun,mon,104,2,999,0,nonexistent,1.4,94.465,-41.8,4.947,5228.1,no,0.04
55,management,married,university.degree,no,no,yes,cellular,nov,fri,296,3,999,0,nonexistent,-0.1,93.2,-42.0,4.021,5195.8,no,0.04
38,admin.,married,basic.6y,no,no,no,cellular,jul,thu,169,5,999,0,nonexistent,1.4,93.918,-42.7,4.968,5228.1,no,0.04
45,blue-collar,married,basic.6y,no,yes,no,cellular,may,mon,295,1,999,0,nonexistent,-1.8,92.893,-46.2,1.299,5099.1,no,0.04
52,management,divorced,university.degree,no,yes,no,telephone,jun,mon,80,3,999,0,nonexistent,1.4,94.465,-41.8,4.961,5228.1,no,0.04
37,technician,single,professional.course,no,yes,no,cellular,may,fri,131,3,999,0,nonexistent,-1.8,92.893,-46.2,1.25,5099.1,no,0.04
43,admin.,married,university.degree,no,yes,no,cellular,aug,thu,24,13,999,0,nonexistent,1.4,93.444,-36.1,4.962,5228.1,no,0.04
38,blue-collar,divorced,basic.4y,no,yes,no,cellular,jul,tue,493,5,999,0,nonexistent,1.4,93.918,-42.7,4.961,5228.1,no,0.04
32,admin.,single,high.school,no,yes,yes,cellular,nov,wed,76,1,999,0,nonexistent,-0.1,93.2,-42.0,4.12,5195.8,no,0.04
59,retired,married,basic.4y,no,no,no,cellular,jul,tue,153,5,999,0,nonexistent,1.4,93.918,-42.7,4.961,5228.1,no,0.04
29,blue-collar,married,high.school,no,no,no,telephone,may,wed,357,2,999,0,nonexistent,1.1,93.994,-36.4,4.858,5191.0,no,0.04
36,blue-collar,single,basic.4y,no,yes,no,cellular,nov,thu,775,1,999,0,nonexistent,-0.1,93.2,-42.0,4.076,5195.8,no,0.04
57,services,married,high.school,unknown,yes,no,telephone,may,thu,180,1,999,0,nonexistent,1.1,93.994,-36.4,4.86,5191.0,no,0.04
59,management,married,university.degree,no,no,no,telephone,may,fri,659,2,999,0,nonexistent,1.1,93.994,-36.4,4.855,5191.0,no,0.04
52,services,married,high.school,no,yes,no,cellular,may,tue,108,2,999,0,nonexistent,-1.8,92.893,-46.2,1.266,5099.1,no,0.04
40,admin.,married,basic.9y,unknown,yes,no,telephone,may,mon,683,2,999,0,nonexistent,1.1,93.994,-36.4,4.857,5191.0,no,0.04
48,services,single,basic.4y,unknown,yes,yes,cellular,may,thu,106,2,999,0,nonexistent,-1.8,92.893,-46.2,1.266,5099.1,no,0.04
33,services,married,high.school,no,yes,no,cellular,nov,wed,694,2,999,0,nonexistent,-0.1,93.2,-42.0,4.12,5195.8,yes,0.04
30,services,single,high.school,unknown,yes,no,cellular,may,wed,70,3,999,0,nonexistent,-1.8,92.893,-46.2,1.334,5099.1,no,0.04
30,services,married,professional.course,unknown,yes,no,telephone,may,wed,263,1,999,0,nonexistent,1.1,93.994,-36.4,4.856,5191.0,no,0.04
36,blue-collar,married,unknown,unknown,no,no,telephone,jun,wed,456,3,999,0,nonexistent,1.4,94.465,-41.8,4.958,5228.1,no,0.04
42,admin.,single,university.degree,no,no,no,cellular,aug,wed,286,3,999,0,nonexistent,1.4,93.444,-36.1,4.967,5228.1,no,0.04
39,admin.,single,university.degree,unknown,no,no,telephone,jun,fri,122,5,999,0,nonexistent,1.4,94.465,-41.8,4.967,5228.1,no,0.04
26,blue-collar,single,professional.course,no,yes,no,cellular,may,wed,197,2,999,0,nonexistent,-1.8,92.893,-46.2,1.281,5099.1,no,0.04
43,services,married,high.school,no,yes,no,telephone,apr,wed,690,7,999,0,nonexistent,-1.8,93.075,-47.1,1.445,5099.1,no,0.04
49,admin.,single,university.degree,no,yes,no,cellular,may,tue,147,1,999,0,nonexistent,-1.8,92.893,-46.2,1.266,5099.1,no,0.04
42,blue-collar,married,basic.4y,unknown,yes,yes,telephone,may,fri,588,3,999,0,nonexistent,1.1,93.994,-36.4,4.859,5191.0,no,0.04
30,blue-collar,single,basic.9y,no,yes,no,telephone,jun,mon,662,2,999,0,nonexistent,1.4,94.465,-41.8,4.958,5228.1,yes,0.04
40,services,married,high.school,no,yes,yes,cellular,jul,wed,251,3,999,0,nonexistent,1.4,93.918,-42.7,4.963,5228.1,no,0.04
36,blue-collar,married,basic.4y,unknown,yes,no,telephone,jun,fri,41,3,999,0,nonexistent,1.4,94.465,-41.8,4.959,5228.1,no,0.04
39,technician,single,professional.course,no,yes,no,cellular,apr,wed,80,3,999,0,nonexistent,-1.8,93.075,-47.1,1.415,5099.1,no,0.04
44,admin.,married,high.school,no,no,no,cellular,may,wed,231,1,999,0,nonexistent,-1.8,92.893,-46.2,1.281,5099.1,no,0.04
37,admin.,married,basic.6y,no,yes,yes,cellular,jul,thu,1602,6,999,0,nonexistent,1.4,93.918,-42.7,4.962,5228.1,yes,0.04
33,self-employed,married,basic.6y,no,no,no,telephone,may,fri,648,5,999,0,nonexistent,1.1,93.994,-36.4,4.864,5191.0,no,0.04
47,retired,married,high.school,no,yes,no,cellular,nov,mon,240,1,999,0,nonexistent,-0.1,93.2,-42.0,4.191,5195.8,no,0.04
49,blue-collar,divorced,basic.4y,no,yes,no,telephone,may,fri,114,4,999,0,nonexistent,1.1,93.994,-36.4,4.857,5191.0,no,0.04
32,admin.,single,university.degree,no,yes,no,cellular,nov,fri,718,1,999,0,nonexistent,-0.1,93.2,-42.0,4.021,5195.8,no,0.04
43,blue-collar,divorced,basic.9y,unknown,no,yes,telephone,jun,fri,222,2,999,0,nonexistent,1.4,94.465,-41.8,4.967,5228.1,no,0.04
25,blue-collar,single,basic.4y,no,no,no,telephone,jul,tue,104,3,999,0,nonexistent,1.4,93.918,-42.7,4.962,5228.1,no,0.04
41,entrepreneur,married,basic.4y,no,no,no,cellular,jul,mon,531,1,999,0,nonexistent,1.4,93.918,-42.7,4.96,5228.1,no,0.04
47,self-employed,married,university.degree,no,unknown,unknown,cellular,aug,tue,95,4,999,0,nonexistent,1.4,93.444,-36.1,4.965,5228.1,no,0.04
27,services,divorced,high.school,no,yes,no,telephone,jul,tue,129,3,999,0,nonexistent,1.4,93.918,-42.7,4.961,5228.1,no,0.04
47,blue-collar,married,basic.4y,unknown,yes,yes,cellular,may,mon,341,1,999,0,nonexistent,-1.8,92.893,-46.2,1.299,5099.1,no,0.04
36,blue-collar,married,basic.9y,unknown,yes,yes,telephone,may,fri,251,4,999,0,nonexistent,1.1,93.994,-36.4,4.859,5191.0,no,0.04
36,housemaid,married,basic.4y,no,no,no,cellular,jul,mon,262,4,999,0,nonexistent,1.4,93.918,-42.7,4.962,5228.1,no,0.04
32,unemployed,married,basic.9y,no,no,no,telephone,jun,mon,143,2,999,0,nonexistent,1.4,94.465,-41.8,4.96,5228.1,no,0.04
31,services,single,basic.9y,no,no,no,cellular,may,tue,163,1,999,0,nonexistent,-1.8,92.893,-46.2,1.344,5099.1,no,0.04
22,blue-collar,single,basic.9y,no,yes,no,cellular,jul,mon,79,3,999,0,nonexistent,1.4,93.918,-42.7,4.962,5228.1,no,0.04
31,services,single,university.degree,no,yes,no,cellular,jul,mon,68,9,999,0,nonexistent,1.4,93.918,-42.7,4.96,5228.1,no,0.04
33,technician,single,professional.course,no,no,no,telephone,jun,fri,634,2,999,0,nonexistent,1.4,94.465,-41.8,4.947,5228.1,no,0.04
32,technician,single,professional.course,no,yes,yes,cellular,jul,thu,234,1,999,0,nonexistent,1.4,93.918,-42.7,4.968,5228.1,no,0.04
32,self-employed,married,professional.course,no,no,yes,telephone,jun,tue,705,1,999,0,nonexistent,1.4,94.465,-41.8,4.961,5228.1,no,0.04
35,admin.,married,university.degree,no,no,no,cellular,aug,thu,32,5,999,0,nonexistent,1.4,93.444,-36.1,4.962,5228.1,no,0.04
45,blue-collar,married,unknown,no,no,no,cellular,apr,fri,278,1,999,0,nonexistent,-1.8,93.075,-47.1,1.405,5099.1,no,0.04
45,technician,married,professional.course,no,no,no,cellular,may,thu,183,1,999,0,nonexistent,-1.8,92.893,-46.2,1.327,5099.1,no,0.04
37,admin.,single,high.school,no,no,no,telephone,jul,wed,130,2,999,0,nonexistent,1.4,93.918,-42.7,4.963,5228.1,no,0.04
26,blue-collar,single,basic.9y,unknown,yes,no,cellular,jul,mon,82,4,999,0,nonexistent,1.4,93.918,-42.7,4.96,5228.1,no,0.04
35,admin.,divorced,high.school,no,unknown,unknown,cellular,jul,tue,637,2,999,0,nonexistent,1.4,93.918,-42.7,4.961,5228.1,no,0.04
35,admin.,married,high.school,no,no,no,telephone,may,mon,165,5,999,0,nonexistent,1.1,93.994,-36.4,4.857,5191.0,no,0.04
55,blue-collar,married,basic.4y,unknown,no,no,telephone,may,wed,1581,2,999,0,nonexistent,1.1,93.994,-36.4,4.856,5191.0,no,0.04
55,entrepreneur,divorced,university.degree,unknown,no,no,cellular,may,fri,56,1,999,1,failure,-1.8,92.893,-46.2,1.313,5099.1,no,0.04
45,technician,married,professional.course,no,no,no,cellular,may,thu,55,1,999,0,nonexistent,-1.8,92.893,-46.2,1.327,5099.1,no,0.04
43,technician,married,basic.9y,no,no,yes,telephone,jul,wed,264,5,999,0,nonexistent,1.4,93.918,-42.7,4.957,5228.1,no,0.04
48,admin.,divorced,professional.course,no,yes,no,telephone,may,fri,427,3,999,0,nonexistent,1.1,93.994,-36.4,4.859,5191.0,no,0.04
34,admin.,single,high.school,no,no,no,telephone,may,wed,106,4,999,0,nonexistent,1.1,93.994,-36.4,4.859,5191.0,no,0.04
44,technician,divorced,professional.course,no,no,no,telephone,jun,thu,112,1,999,0,nonexistent,1.4,94.465,-41.8,4.958,5228.1,no,0.04
24,technician,single,university.degree,no,yes,no,cellular,apr,thu,477,1,999,0,nonexistent,-1.8,93.075,-47.1,1.365,5099.1,yes,0.04
55,blue-collar,married,basic.6y,unknown,unknown,unknown,cellular,jul,thu,78,1,999,0,nonexistent,1.4,93.918,-42.7,4.962,5228.1,no,0.04
51,technician,married,high.school,no,yes,no,cellular,aug,wed,549,2,999,0,nonexistent,1.4,93.444,-36.1,4.964,5228.1,no,0.04
40,services,married,high.school,unknown,yes,no,telephone,may,wed,248,2,999,0,nonexistent,1.1,93.994,-36.4,4.859,5191.0,no,0.04
39,services,married,high.school,no,no,yes,cellular,nov,fri,104,1,999,0,nonexistent,-0.1,93.2,-42.0,4.021,5195.8,no,0.04
37,entrepreneur,married,university.degree,no,yes,no,telephone,nov,fri,45,2,999,0,nonexistent,-0.1,93.2,-42.0,4.021,5195.8,no,0.04
52,blue-collar,married,basic.9y,no,yes,yes,cellular,jul,thu,114,1,999,0,nonexistent,1.4,93.918,-42.7,4.968,5228.1,no,0.04
45,blue-collar,married,basic.9y,no,yes,no,telephone,may,thu,358,10,999,0,nonexistent,1.1,93.994,-36.4,4.86,5191.0,no,0.04
45,blue-collar,married,unknown,no,no,no,cellular,apr,fri,106,1,999,0,nonexistent,-1.8,93.075,-47.1,1.405,5099.1,no,0.04
37,technician,divorced,basic.9y,no,yes,no,cellular,apr,mon,247,1,999,1,failure,-1.8,93.075,-47.1,1.466,5099.1,no,0.04
39,admin.,single,unknown,no,no,no,telephone,may,tue,411,1,999,0,nonexistent,1.1,93.994,-36.4,4.856,5191.0,no,0.04
37,admin.,single,university.degree,no,no,no,cellular,aug,thu,105,1,999,0,nonexistent,1.4,93.444,-36.1,4.962,5228.1,no,0.04
42,management,married,basic.6y,no,no,no,cellular,nov,fri,133,1,999,0,nonexistent,-0.1,93.2,-42.0,4.021,5195.8,no,0.039924921633983146
58,self-employed,married,university.degree,no,no,no,cellular,nov,mon,224,2,999,1,failure,-0.1,93.2,-42.0,4.191,5195.8,no,0.03980780746078936
25,blue-collar,single,high.school,no,yes,no,telephone,may,fri,139,3,999,0,nonexistent,1.1,93.994,-36.4,4.864,5191.0,no,0.0397242033383915
52,retired,married,university.degree,no,no,no,cellular,nov,fri,51,1,999,0,nonexistent,-0.1,93.2,-42.0,4.021,5195.8,no,0.03972238239757208
44,management,married,university.degree,unknown,yes,no,cellular,aug,mon,96,5,999,0,nonexistent,1.4,93.444,-36.1,4.963,5228.1,no,0.039717678300455236
44,blue-collar,married,basic.4y,unknown,yes,no,telephone,may,mon,181,1,999,0,nonexistent,1.1,93.994,-36.4,4.857,5191.0,no,0.039716767830045525
42,self-employed,married,university.degree,unknown,no,no,cellular,nov,mon,81,4,999,1,failure,-0.1,93.2,-42.0,4.191,5195.8,no,0.03971426403641882
30,technician,single,university.degree,no,yes,no,cellular,aug,thu,979,3,999,0,nonexistent,1.4,93.444,-36.1,4.962,5228.1,yes,0.03971236722306525
38,blue-collar,married,basic.9y,no,no,no,telephone,jun,wed,333,1,999,0,nonexistent,1.4,94.465,-41.8,4.958,5228.1,no,0.03971047040971168
32,unemployed,married,university.degree,no,yes,no,cellular,aug,tue,33,4,999,0,nonexistent,1.4,93.444,-36.1,4.968,5228.1,no,0.0397051593323217
58,management,divorced,university.degree,no,no,no,cellular,nov,wed,418,1,5,1,success,-0.1,93.2,-42.0,4.12,5195.8,yes,0.039601803290466274
29,admin.,married,high.school,no,yes,no,cellular,nov,fri,140,1,999,0,nonexistent,-0.1,93.2,-42.0,4.021,5195.8,no,0.039594361830395594
37,technician,married,professional.course,no,yes,no,cellular,aug,mon,97,4,999,0,nonexistent,1.4,93.444,-36.1,4.965,5228.1,no,0.03958947730793505
31,blue-collar,married,basic.4y,unknown,yes,no,cellular,may,wed,150,1,999,0,nonexistent,-1.8,92.893,-46.2,1.334,5099.1,no,0.03957013900175507
30,self-employed,married,university.degree,no,yes,no,cellular,jul,thu,140,2,999,0,nonexistent,1.4,93.918,-42.7,4.963,5228.1,no,0.039512031059877065
37,blue-collar,married,basic.6y,unknown,no,no,cellular,jul,wed,99,2,999,0,nonexistent,1.4,93.918,-42.7,4.963,5228.1,no,0.039494611921975176
34,blue-collar,married,high.school,unknown,yes,no,telephone,jul,wed,203,4,999,0,nonexistent,1.4,93.918,-42.7,4.963,5228.1,no,0.03948910081743869
22,blue-collar,single,unknown,unknown,no,no,telephone,jul,mon,50,4,999,0,nonexistent,1.4,93.918,-42.7,4.96,5228.1,no,0.039485678501415815
37,admin.,single,university.degree,unknown,yes,no,cellular,jul,tue,77,2,999,0,nonexistent,1.4,93.918,-42.7,4.961,5228.1,no,0.03947836250951397
29,admin.,single,university.degree,no,no,no,cellular,jul,wed,873,2,999,0,nonexistent,1.4,93.918,-42.7,4.957,5228.1,yes,0.03942943854324734
39,self-employed,married,high.school,no,yes,no,cellular,may,mon,31,6,999,0,nonexistent,-1.8,92.893,-46.2,1.244,5099.1,no,0.03916120229873941
41,admin.,divorced,high.school,no,yes,no,cellular,may,mon,63,5,999,0,nonexistent,-1.8,92.893,-46.2,1.244,5099.1,no,0.03915480616778671
30,admin.,married,university.degree,no,no,no,cellular,may,fri,418,2,999,1,failure,-1.8,92.893,-46.2,1.313,5099.1,no,0.03903159426967704
32,admin.,married,professional.course,no,no,no,cellular,may,mon,168,2,999,0,nonexistent,-1.8,92.893,-46.2,1.299,5099.1,no,0.03898800306096005
41,self-employed,married,university.degree,no,yes,no,telephone,may,fri,150,6,999,0,nonexistent,1.1,93.994,-36.4,4.857,5191.0,no,0.0389578370564988
31,technician,married,professional.course,no,yes,no,cellular,aug,thu,58,1,999,0,nonexistent,1.4,93.444,-36.1,4.962,5228.1,no,0.03888054385326701
52,blue-collar,married,basic.9y,no,no,no,cellular,aug,fri,809,1,999,0,nonexistent,1.4,93.444,-36.1,4.966,5228.1,yes,0.03873860325152331
35,admin.,single,university.degree,no,yes,yes,cellular,aug,mon,121,1,999,0,nonexistent,1.4,93.444,-36.1,4.965,5228.1,no,0.038440804823021896
48,admin.,married,university.degree,no,yes,no,cellular,nov,wed,288,1,999,0,nonexistent,-0.1,93.2,-42.0,4.12,5195.8,no,0.03834737655706121
45,management,married,university.degree,unknown,no,no,cellular,jul,wed,225,2,999,0,nonexistent,1.4,93.918,-42.7,4.957,5228.1,no,0.03820842664189885
44,admin.,married,high.school,no,no,no,cellular,aug,mon,116,1,999,0,nonexistent,1.4,93.444,-36.1,4.965,5228.1,no,0.037861929158403286
41,blue-collar,married,basic.9y,unknown,no,no,telephone,may,fri,121,1,999,0,nonexistent,1.1,93.994,-36.4,4.864,5191.0,no,0.03771419133050848
58,retired,married,basic.4y,unknown,yes,no,telephone,jun,mon,50,1,999,0,nonexistent,1.4,94.465,-41.8,4.947,5228.1,no,0.0375
45,technician,married,professional.course,no,yes,no,cellular,aug,mon,95,4,999,0,nonexistent,1.4,93.444,-36.1,4.963,5228.1,no,0.0375
41,management,married,basic.6y,no,no,yes,telephone,jun,tue,271,2,999,0,nonexistent,1.4,94.465,-41.8,4.961,5228.1,no,0.0375
50,technician,married,high.school,no,yes,no,telephone,may,thu,756,1,999,0,nonexistent,1.1,93.994,-36.4,4.855,5191.0,yes,0.0375
30,technician,single,university.degree,unknown,no,no,cellular,aug,tue,61,5,999,0,nonexistent,1.4,93.444,-36.1,4.963,5228.1,no,0.0375
52,self-employed,single,university.degree,unknown,yes,yes,telephone,may,fri,140,2,999,0,nonexistent,1.1,93.994,-36.4,4.864,5191.0,no,0.0375
39,blue-collar,married,basic.4y,no,yes,no,cellular,apr,mon,554,3,999,0,nonexistent,-1.8,93.075,-47.1,1.405,5099.1,no,0.0375
59,management,married,university.degree,no,no,no,cellular,aug,fri,511,3,999,0,nonexistent,1.4,93.444,-36.1,4.964,5228.1,no,0.0375
33,admin.,married,university.degree,no,yes,no,telephone,jun,wed,305,10,999,0,nonexistent,1.4,94.465,-41.8,4.959,5228.1,no,0.0375
40,blue-collar,married,basic.9y,no,yes,yes,telephone,may,wed,951,2,999,0,nonexistent,1.1,93.994,-36.4,4.858,5191.0,no,0.0375
34,technician,divorced,professional.course,no,yes,no,cellular,may,fri,7,6,999,1,failure,-1.8,92.893,-46.2,1.25,5099.1,no,0.0375
42,blue-collar,married,basic.9y,unknown,yes,no,cellular,may,tue,315,6,999,0,nonexistent,-1.8,92.893,-46.2,1.291,5099.1,no,0.0375
41,blue-collar,married,professional.course,unknown,yes,no,cellular,apr,fri,74,2,999,1,failure,-1.8,93.075,-47.1,1.405,5099.1,no,0.0375
37,blue-collar,married,basic.9y,no,yes,no,telephone,may,thu,377,4,999,0,nonexistent,1.1,93.994,-36.4,4.86,5191.0,no,0.0375
39,services,single,high.school,unknown,no,no,telephone,may,thu,302,2,999,0,nonexistent,1.1,93.994,-36.4,4.855,5191.0,no,0.0375
32,admin.,married,high.school,unknown,yes,no,telephone,may,fri,17,9,999,0,nonexistent,-1.8,92.893,-46.2,1.313,5099.1,no,0.0375
30,admin.,divorced,high.school,no,yes,no,telephone,jun,fri,9,4,999,0,nonexistent,1.4,94.465,-41.8,4.959,5228.1,no,0.0375
32,technician,single,high.school,no,no,no,cellular,jul,mon,147,1,999,0,nonexistent,1.4,93.918,-42.7,4.96,5228.1,no,0.0375
39,admin.,married,university.degree,no,no,yes,cellular,apr,fri,72,2,999,1,failure,-1.8,93.075,-47.1,1.405,5099.1,no,0.0375
34,entrepreneur,single,professional.course,no,no,yes,telephone,jun,fri,85,4,999,0,nonexistent,1.4,94.465,-41.8,4.967,5228.1,no,0.0375
27,technician,married,professional.course,no,no,no,cellular,may,thu,347,2,999,1,failure,-1.8,92.893,-46.2,1.327,5099.1,yes,0.0375
57,retired,married,basic.4y,no,yes,no,telephone,aug,mon,96,1,999,0,nonexistent,1.4,93.444,-36.1,4.97,5228.1,no,0.0375
52,services,married,basic.9y,unknown,yes,no,cellular,nov,fri,160,3,999,1,failure,-0.1,93.2,-42.0,4.021,5195.8,no,0.0375
35,entrepreneur,single,university.degree,no,yes,no,cellular,jul,mon,580,3,999,0,nonexistent,1.4,93.918,-42.7,4.96,5228.1,no,0.0375
52,services,married,basic.6y,no,no,no,cellular,apr,mon,157,1,999,1,failure,-1.8,93.075,-47.1,1.405,5099.1,no,0.0375
32,blue-collar,single,basic.9y,no,no,no,telephone,may,fri,171,1,999,0,nonexistent,1.1,93.994,-36.4,4.864,5191.0,no,0.0375
41,blue-collar,married,basic.9y,unknown,no,no,telephone,jun,fri,72,3,999,0,nonexistent,1.4,94.465,-41.8,4.967,5228.1,no,0.0375
43,blue-collar,married,basic.4y,unknown,yes,no,cellular,may,wed,28,2,999,0,nonexistent,-1.8,92.893,-46.2,1.334,5099.1,no,0.0375
37,services,married,high.school,no,yes,no,telephone,may,wed,178,1,999,0,nonexistent,1.1,93.994,-36.4,4.859,5191.0,no,0.0375
39,services,married,high.school,unknown,yes,yes,telephone,may,tue,203,1,999,0,nonexistent,1.1,93.994,-36.4,4.856,5191.0,no,0.0375
50,admin.,single,university.degree,no,yes,no,cellular,nov,thu,222,1,999,0,nonexistent,-0.1,93.2,-42.0,4.076,5195.8,no,0.0375
37,unemployed,single,university.degree,no,yes,yes,cellular,nov,tue,95,1,999,0,nonexistent,-0.1,93.2,-42.0,4.153,5195.8,no,0.0375
30,services,married,high.school,no,no,no,cellular,may,thu,192,4,999,0,nonexistent,-1.8,92.893,-46.2,1.266,5099.1,no,0.0375
41,self-employed,married,basic.9y,unknown,yes,no,cellular,nov,mon,145,2,999,0,nonexistent,-0.1,93.2,-42.0,4.191,5195.8,no,0.0375
29,admin.,married,university.degree,no,no,yes,telephone,jun,fri,76,3,999,0,nonexistent,1.4,94.465,-41.8,4.959,5228.1,no,0.0375
32,technician,married,professional.course,no,yes,yes,cellular,may,fri,10,7,999,0,nonexistent,-1.8,92.893,-46.2,1.25,5099.1,no,0.0375
27,student,single,university.degree,unknown,no,no,telephone,may,fri,867,3,999,0,nonexistent,1.1,93.994,-36.4,4.864,5191.0,no,0.0375
58,unemployed,married,basic.9y,unknown,no,no,cellular,apr,fri,834,1,999,0,nonexistent,-1.8,93.075,-47.1,1.405,5099.1,no,0.0375
36,technician,married,professional.course,unknown,no,no,telephone,may,fri,90,1,999,0,nonexistent,1.1,93.994,-36.4,4.857,5191.0,no,0.0375
27,admin.,married,basic.9y,no,yes,no,telephone,may,fri,231,2,999,0,nonexistent,1.1,93.994,-36.4,4.864,5191.0,no,0.0375
35,blue-collar,divorced,basic.9y,no,yes,yes,telephone,may,mon,400,2,999,0,nonexistent,1.1,93.994,-36.4,4.858,5191.0,no,0.0375
26,admin.,single,high.school,no,no,no,telephone,jun,thu,463,1,999,0,nonexistent,1.4,94.465,-41.8,4.866,5228.1,no,0.0375
54,technician,married,professional.course,no,no,no,cellular,aug,wed,171,3,999,0,nonexistent,1.4,93.444,-36.1,4.967,5228.1,no,0.0375
50,technician,married,professional.course,no,no,yes,cellular,nov,tue,166,1,999,0,nonexistent,-0.1,93.2,-42.0,4.153,5195.8,no,0.0375
34,admin.,single,university.degree,no,no,no,cellular,aug,mon,299,3,999,0,nonexistent,1.4,93.444,-36.1,4.963,5228.1,no,0.0375
37,unemployed,married,professional.course,no,yes,no,telephone,may,wed,123,1,999,0,nonexistent,1.1,93.994,-36.4,4.858,5191.0,no,0.0375
50,admin.,divorced,university.degree,no,no,no,cellular,aug,thu,84,11,999,0,nonexistent,1.4,93.444,-36.1,4.962,5228.1,no,0.0375
34,technician,divorced,professional.course,no,yes,no,cellular,aug,fri,644,8,999,0,nonexistent,1.4,93.444,-36.1,4.964,5228.1,no,0.0375
41,technician,single,high.school,no,yes,no,cellular,may,mon,222,3,999,0,nonexistent,-1.8,92.893,-46.2,1.244,5099.1,no,0.0375
45,technician,divorced,professional.course,unknown,yes,no,cellular,aug,fri,29,10,999,0,nonexistent,1.4,93.444,-36.1,4.963,5228.1,no,0.0375
29,management,single,university.degree,no,yes,no,telephone,may,mon,253,2,999,0,nonexistent,1.1,93.994,-36.4,4.857,5191.0,no,0.0375
43,blue-collar,married,basic.4y,no,yes,no,telephone,jun,wed,28,4,999,0,nonexistent,1.4,94.465,-41.8,4.864,5228.1,no,0.0375
29,admin.,single,basic.9y,no,no,no,cellular,may,mon,177,4,999,1,failure,-1.8,92.893,-46.2,1.299,5099.1,no,0.0375
47,technician,single,professional.course,unknown,no,no,telephone,jun,mon,90,2,999,0,nonexistent,1.4,94.465,-41.8,4.96,5228.1,no,0.0375
49,entrepreneur,married,university.degree,no,no,no,telephone,may,fri,110,1,999,0,nonexistent,1.1,93.994,-36.4,4.857,5191.0,no,0.0375
32,blue-collar,single,basic.4y,no,yes,no,cellular,may,tue,813,2,999,1,failure,-1.8,92.893,-46.2,1.344,5099.1,no,0.0375
37,management,married,university.degree,no,yes,no,cellular,apr,mon,13,5,999,0,nonexistent,-1.8,93.075,-47.1,1.405,5099.1,no,0.0375
32,blue-collar,married,professional.course,no,yes,no,cellular,may,mon,115,2,999,0,nonexistent,-1.8,92.893,-46.2,1.244,5099.1,no,0.0375
39,blue-collar,married,basic.6y,unknown,no,no,telephone,may,wed,181,1,999,0,nonexistent,1.1,93.994,-36.4,4.857,5191.0,no,0.0375
50,technician,married,high.school,no,no,no,cellular,nov,mon,93,1,999,1,failure,-0.1,93.2,-42.0,4.191,5195.8,no,0.0375
41,blue-collar,married,basic.9y,unknown,no,no,telephone,jun,fri,204,3,999,0,nonexistent,1.4,94.465,-41.8,4.967,5228.1,no,0.0375
48,management,married,university.degree,no,yes,no,cellular,nov,mon,112,1,4,1,success,-0.1,93.2,-42.0,4.191,5195.8,no,0.0375
29,unemployed,married,university.degree,no,unknown,unknown,cellular,jul,thu,177,2,999,0,nonexistent,1.4,93.918,-42.7,4.958,5228.1,no,0.0375
35,blue-collar,married,basic.9y,no,no,yes,telephone,jun,fri,188,1,999,0,nonexistent,1.4,94.465,-41.8,4.967,5228.1,no,0.0375
50,admin.,married,high.school,no,yes,no,telephone,may,tue,20,19,999,0,nonexistent,1.1,93.994,-36.4,4.857,5191.0,no,0.0375
29,admin.,single,high.school,no,no,no,cellular,jul,fri,567,1,999,0,nonexistent,1.4,93.918,-42.7,4.957,5228.1,yes,0.0375
45,entrepreneur,married,unknown,no,no,no,telephone,jun,wed,89,5,999,0,nonexistent,1.4,94.465,-41.8,4.962,5228.1,no,0.0375
38,unemployed,married,basic.9y,no,no,no,telephone,jun,fri,56,1,999,0,nonexistent,1.4,94.465,-41.8,4.967,5228.1,no,0.0375
55,technician,married,professional.course,no,no,no,cellular,apr,mon,376,2,999,1,failure,-1.8,93.075,-47.1,1.466,5099.1,no,0.0375
46,admin.,married,university.degree,no,yes,no,cellular,jul,wed,28,11,999,0,nonexistent,1.4,93.918,-42.7,4.963,5228.1,no,0.0375
50,admin.,married,university.degree,no,yes,no,cellular,jul,fri,127,1,999,0,nonexistent,1.4,93.918,-42.7,4.962,5228.1,no,0.0375
34,admin.,single,university.degree,no,no,no,cellular,may,fri,134,2,999,0,nonexistent,-1.8,92.893,-46.2,1.313,5099.1,no,0.0375
33,technician,married,professional.course,no,yes,no,cellular,aug,mon,422,5,999,0,nonexistent,1.4,93.444,-36.1,4.965,5228.1,no,0.0375
41,housemaid,divorced,university.degree,no,no,no,cellular,nov,wed,105,2,999,1,failure,-0.1,93.2,-42.0,4.12,5195.8,no,0.0375
32,services,married,basic.6y,unknown,yes,no,telephone,nov,tue,162,2,999,0,nonexistent,-0.1,93.2,-42.0,4.153,5195.8,no,0.0375
37,blue-collar,married,professional.course,no,yes,no,cellular,apr,mon,93,4,999,0,nonexistent,-1.8,93.075,-47.1,1.405,5099.1,no,0.0375
45,blue-collar,married,high.school,no,no,no,telephone,jun,wed,341,4,999,0,nonexistent,1.4,94.465,-41.8,4.864,5228.1,no,0.0375
39,management,single,university.degree,no,yes,no,telephone,jun,thu,160,6,999,0,nonexistent,1.4,94.465,-41.8,4.961,5228.1,no,0.0375
56,admin.,single,high.school,no,no,no,telephone,may,fri,93,2,999,0,nonexistent,1.1,93.994,-36.4,4.855,5191.0,no,0.0375
56,blue-collar,married,professional.course,no,yes,no,telephone,may,mon,621,4,999,0,nonexistent,1.1,93.994,-36.4,4.857,5191.0,yes,0.0375
32,admin.,single,professional.course,no,no,no,cellular,may,thu,1145,1,999,1,failure,-1.8,92.893,-46.2,1.327,5099.1,no,0.0375
54,technician,married,university.degree,unknown,yes,no,telephone,may,fri,265,4,999,1,failure,-1.8,92.893,-46.2,1.313,5099.1,no,0.0375
43,unemployed,married,professional.course,no,no,no,telephone,jun,fri,38,2,999,0,nonexistent,1.4,94.465,-41.8,4.959,5228.1,no,0.0375
34,management,married,university.degree,no,yes,no,cellular,nov,fri,470,1,999,0,nonexistent,-0.1,93.2,-42.0,4.021,5195.8,no,0.0375
43,admin.,single,high.school,no,yes,no,cellular,jul,fri,71,2,999,0,nonexistent,1.4,93.918,-42.7,4.962,5228.1,no,0.0375
28,admin.,single,basic.9y,no,yes,no,cellular,jul,mon,387,2,999,0,nonexistent,1.4,93.918,-42.7,4.962,5228.1,no,0.0375
45,blue-collar,married,basic.4y,unknown,yes,yes,telephone,jun,fri,19,3,999,0,nonexistent,1.4,94.465,-41.8,4.959,5228.1,no,0.0375
27,technician,single,high.school,no,no,no,telephone,jun,tue,187,2,999,0,nonexistent,1.4,94.465,-41.8,4.961,5228.1,no,0.0375
39,self-employed,married,basic.6y,no,yes,no,cellular,jul,fri,40,1,999,0,nonexistent,1.4,93.918,-42.7,4.962,5228.1,no,0.0375
50,unemployed,married,professional.course,no,no,no,telephone,may,thu,440,2,999,0,nonexistent,1.1,93.994,-36.4,4.86,5191.0,no,0.0375
41,services,married,high.school,no,yes,no,telephone,may,tue,59,4,999,0,nonexistent,1.1,93.994,-36.4,4.857,5191.0,no,0.0375
56,services,married,high.school,unknown,yes,no,cellular,may,fri,169,1,999,1,failure,-1.8,92.893,-46.2,1.25,5099.1,no,0.0375
52,services,married,basic.6y,no,no,yes,cellular,apr,mon,44,2,999,2,failure,-1.8,93.075,-47.1,1.405,5099.1,no,0.0375
39,admin.,single,university.degree,no,no,no,cellular,jul,tue,60,1,999,0,nonexistent,1.4,93.918,-42.7,4.961,5228.1,no,0.0375
54,entrepreneur,married,basic.4y,unknown,no,yes,telephone,may,thu,108,1,999,0,nonexistent,1.1,93.994,-36.4,4.855,5191.0,no,0.0375
28,services,married,high.school,no,no,yes,telephone,jul,thu,80,1,999,0,nonexistent,1.4,93.918,-42.7,4.968,5228.1,no,0.0375
34,entrepreneur,married,university.degree,no,no,no,cellular,apr,fri,85,1,999,1,failure,-1.8,93.075,-47.1,1.405,5099.1,no,0.0375
39,services,married,high.school,no,yes,no,cellular,may,mon,49,1,999,1,failure,-1.8,92.893,-46.2,1.299,5099.1,no,0.0375
49,blue-collar,married,basic.4y,unknown,no,no,telephone,jun,mon,174,2,999,0,nonexistent,1.4,94.465,-41.8,4.865,5228.1,no,0.0375
39,housemaid,married,basic.4y,no,yes,no,telephone,jun,mon,44,4,999,0,nonexistent,1.4,94.465,-41.8,4.961,5228.1,no,0.0375
31,admin.,single,university.degree,no,no,yes,cellular,may,thu,546,3,999,0,nonexistent,-1.8,92.893,-46.2,1.266,5099.1,no,0.0375
41,services,divorced,high.school,no,yes,yes,telephone,may,wed,60,1,999,0,nonexistent,1.1,93.994,-36.4,4.856,5191.0,no,0.0375
60,technician,divorced,professional.course,unknown,no,no,telephone,may,wed,390,1,999,0,nonexistent,1.1,93.994,-36.4,4.857,5191.0,no,0.0375
51,technician,married,professional.course,no,no,yes,telephone,jun,tue,72,3,999,0,nonexistent,1.4,94.465,-41.8,4.864,5228.1,no,0.0375
30,admin.,single,high.school,no,yes,no,cellular,apr,mon,180,3,999,1,failure,-1.8,93.075,-47.1,1.405,5099.1,no,0.0375
26,admin.,single,university.degree,no,no,no,cellular,jul,wed,285,3,999,0,nonexistent,1.4,93.918,-42.7,4.963,5228.1,no,0.0375
28,admin.,single,high.school,no,no,no,cellular,jul,mon,154,1,999,0,nonexistent,1.4,93.918,-42.7,4.96,5228.1,no,0.0375
30,student,single,unknown,unknown,yes,no,telephone,may,mon,114,2,999,0,nonexistent,1.1,93.994,-36.4,4.857,5191.0,no,0.0375
38,blue-collar,married,basic.6y,unknown,no,no,telephone,jun,wed,236,1,999,0,nonexistent,1.4,94.465,-41.8,4.864,5228.1,no,0.0375
37,admin.,single,unknown,no,no,no,telephone,jul,tue,74,13,999,0,nonexistent,1.4,93.918,-42.7,4.961,5228.1,no,0.0375
27,student,single,high.school,unknown,no,no,telephone,jun,fri,471,1,999,0,nonexistent,1.4,94.465,-41.8,4.967,5228.1,no,0.0375
56,services,married,basic.4y,unknown,yes,no,cellular,nov,fri,39,4,999,1,failure,-0.1,93.2,-42.0,4.021,5195.8,no,0.0375
41,admin.,divorced,university.degree,unknown,no,no,cellular,aug,thu,146,1,999,0,nonexistent,1.4,93.444,-36.1,4.964,5228.1,no,0.0375
47,blue-collar,married,unknown,unknown,no,yes,telephone,jun,wed,17,13,999,0,nonexistent,1.4,94.465,-41.8,4.864,5228.1,no,0.0375
58,technician,married,professional.course,unknown,no,no,cellular,aug,tue,287,1,999,0,nonexistent,1.4,93.444,-36.1,4.968,5228.1,no,0.0375
35,technician,married,professional.course,no,yes,yes,cellular,jul,thu,77,3,999,0,nonexistent,1.4,93.918,-42.7,4.962,5228.1,no,0.0375
55,retired,married,high.school,no,yes,no,cellular,jul,thu,32,24,999,0,nonexistent,1.4,93.918,-42.7,4.968,5228.1,no,0.0375
44,entrepreneur,married,basic.4y,unknown,no,no,telephone,jun,tue,48,2,999,0,nonexistent,1.4,94.465,-41.8,4.961,5228.1,no,0.0375
40,technician,married,high.school,no,yes,no,cellular,nov,wed,118,1,999,0,nonexistent,-0.1,93.2,-42.0,4.12,5195.8,no,0.0375
34,admin.,single,university.degree,no,no,no,cellular,may,mon,283,1,999,0,nonexistent,-1.8,92.893,-46.2,1.244,5099.1,no,0.037423476784161046
43,blue-collar,married,basic.9y,no,yes,no,telephone,jun,fri,151,6,999,0,nonexistent,1.4,94.465,-41.8,4.967,5228.1,no,0.03735392374160804
32,admin.,single,university.degree,no,no,no,cellular,jul,thu,152,6,999,0,nonexistent,1.4,93.918,-42.7,4.963,5228.1,no,0.0373485580018025
22,technician,married,basic.9y,unknown,no,no,telephone,jun,wed,561,1,999,0,nonexistent,1.4,94.465,-41.8,4.959,5228.1,no,0.03734851532952442
58,blue-collar,married,basic.9y,no,no,no,cellular,jul,thu,205,1,999,0,nonexistent,1.4,93.918,-42.7,4.962,5228.1,no,0.037346892764545794
29,admin.,married,university.degree,no,yes,no,cellular,jul,thu,51,1,999,0,nonexistent,1.4,93.918,-42.7,4.958,5228.1,no,0.0372992844741411
55,retired,married,basic.6y,unknown,yes,yes,cellular,jul,tue,632,2,999,0,nonexistent,1.4,93.918,-42.7,4.962,5228.1,no,0.03722018209408194
34,technician,married,professional.course,no,no,no,cellular,may,tue,278,2,999,0,nonexistent,-1.8,92.893,-46.2,1.291,5099.1,no,0.037220106221547804
25,blue-collar,married,basic.9y,no,no,no,cellular,jul,thu,326,5,999,0,nonexistent,1.4,93.918,-42.7,4.963,5228.1,no,0.03721911987860395
32,technician,single,high.school,no,yes,no,cellular,may,tue,1531,1,999,0,nonexistent,-1.8,92.893,-46.2,1.291,5099.1,yes,0.037217678300455234
45,technician,married,professional.course,no,no,no,cellular,aug,mon,82,1,999,0,nonexistent,1.4,93.444,-36.1,4.965,5228.1,no,0.03713578032598365
57,housemaid,married,basic.4y,no,yes,no,cellular,nov,fri,66,1,999,0,nonexistent,-0.1,93.2,-42.0,4.021,5195.8,no,0.03702122756046954
28,management,single,university.degree,no,yes,no,cellular,may,tue,245,1,999,0,nonexistent,-1.8,92.893,-46.2,1.291,5099.1,no,0.03699804788816993
39,blue-collar,married,high.school,no,yes,no,cellular,nov,thu,193,1,999,0,nonexistent,-0.1,93.2,-42.0,4.076,5195.8,no,0.036936949924127466
53,blue-collar,married,basic.4y,no,yes,no,cellular,aug,wed,108,2,999,0,nonexistent,1.4,93.444,-36.1,4.964,5228.1,no,0.03693314109189347
26,blue-collar,single,basic.9y,no,yes,no,cellular,may,thu,40,1,999,0,nonexistent,-1.8,92.893,-46.2,1.266,5099.1,no,0.03693072837632777
29,blue-collar,single,basic.9y,no,unknown,unknown,cellular,apr,thu,350,1,999,1,failure,-1.8,93.075,-47.1,1.41,5099.1,no,0.036805754772974576
30,services,married,university.degree,no,yes,no,cellular,nov,mon,135,1,999,0,nonexistent,-0.1,93.2,-42.0,4.191,5195.8,no,0.03680439511543976
36,admin.,divorced,university.degree,no,yes,no,cellular,jul,thu,59,3,999,0,nonexistent,1.4,93.918,-42.7,4.958,5228.1,no,0.03672525317706666
25,admin.,married,university.degree,no,yes,no,cellular,jul,thu,60,5,999,0,nonexistent,1.4,93.918,-42.7,4.968,5228.1,no,0.03672187818826681
30,blue-collar,married,basic.4y,unknown,no,no,telephone,may,fri,142,3,999,1,failure,-1.8,92.893,-46.2,1.313,5099.1,no,0.036715921251859934
58,housemaid,married,basic.4y,no,no,no,cellular,aug,tue,168,5,999,0,nonexistent,1.4,93.444,-36.1,4.966,5228.1,no,0.03664267679614058
36,services,single,high.school,no,yes,no,telephone,may,wed,216,4,999,0,nonexistent,-1.8,92.893,-46.2,1.281,5099.1,no,0.03658603074076531
39,admin.,single,high.school,no,no,no,cellular,aug,thu,257,1,999,0,nonexistent,1.4,93.444,-36.1,4.968,5228.1,no,0.03653195567472454
29,technician,single,professional.course,unknown,no,no,cellular,aug,mon,48,1,999,0,nonexistent,1.4,93.444,-36.1,4.965,5228.1,no,0.036457062117187425
37,blue-collar,married,basic.6y,unknown,no,no,cellular,jul,wed,77,1,999,0,nonexistent,1.4,93.918,-42.7,4.963,5228.1,no,0.03643034788555635
44,housemaid,married,basic.4y,unknown,yes,no,cellular,jul,mon,95,1,999,0,nonexistent,1.4,93.918,-42.7,4.96,5228.1,no,0.036414468731951255
31,blue-collar,married,basic.9y,no,no,no,cellular,jul,mon,246,2,999,0,nonexistent,1.4,93.918,-42.7,4.962,5228.1,no,0.03625149440827549
27,services,single,high.school,no,no,no,cellular,jul,thu,129,2,999,0,nonexistent,1.4,93.918,-42.7,4.962,5228.1,no,0.036222996845256754
49,services,married,high.school,no,no,no,cellular,aug,mon,212,1,999,0,nonexistent,1.4,93.444,-36.1,4.965,5228.1,no,0.03621020064618339
49,services,married,high.school,no,no,no,cellular,aug,mon,565,1,999,0,nonexistent,1.4,93.444,-36.1,4.965,5228.1,no,0.03621020064618339
30,unknown,divorced,university.degree,no,no,yes,cellular,aug,thu,106,1,999,0,nonexistent,1.4,93.444,-36.1,4.964,5228.1,no,0.03618619070163829
28,services,single,high.school,no,yes,no,cellular,may,tue,178,4,999,0,nonexistent,-1.8,92.893,-46.2,1.291,5099.1,no,0.03617651374671683
55,admin.,married,university.degree,no,no,no,telephone,may,mon,201,14,999,0,nonexistent,1.1,93.994,-36.4,4.858,5191.0,no,0.03588608003853979
24,blue-collar,single,basic.9y,no,yes,no,cellular,may,wed,200,1,999,0,nonexistent,-1.8,92.893,-46.2,1.281,5099.1,no,0.035515062371378865
27,admin.,married,high.school,no,no,no,cellular,jul,thu,88,1,999,0,nonexistent,1.4,93.918,-42.7,4.963,5228.1,no,0.035425309296205604
31,blue-collar,married,basic.9y,no,no,no,cellular,may,thu,255,1,999,0,nonexistent,-1.8,92.893,-46.2,1.266,5099.1,no,0.03529347385811004
43,management,married,unknown,unknown,no,no,cellular,apr,thu,75,2,999,0,nonexistent,-1.8,93.075,-47.1,1.41,5099.1,no,0.03514147718727534
27,blue-collar,married,basic.9y,no,no,no,cellular,may,thu,283,1,999,0,nonexistent,-1.8,92.893,-46.2,1.266,5099.1,no,0.03509191070898983
32,technician,divorced,professional.course,no,yes,yes,telephone,jul,fri,99,1,999,0,nonexistent,1.4,93.918,-42.7,4.959,5228.1,no,0.035
30,entrepreneur,married,high.school,no,yes,no,telephone,may,fri,410,1,999,0,nonexistent,1.1,93.994,-36.4,4.859,5191.0,no,0.035
33,admin.,single,university.degree,unknown,yes,no,cellular,aug,wed,183,3,999,0,nonexistent,1.4,93.444,-36.1,4.964,5228.1,no,0.035
47,blue-collar,married,basic.6y,no,yes,yes,cellular,nov,thu,9,6,999,0,nonexistent,-0.1,93.2,-42.0,4.076,5195.8,no,0.035
29,self-employed,married,professional.course,no,no,no,telephone,jun,wed,26,1,999,0,nonexistent,1.4,94.465,-41.8,4.962,5228.1,no,0.035
38,blue-collar,married,basic.9y,no,yes,no,cellular,may,fri,75,1,999,0,nonexistent,-1.8,92.893,-46.2,1.313,5099.1,no,0.035
39,services,single,high.school,no,no,no,telephone,may,fri,346,4,999,0,nonexistent,1.1,93.994,-36.4,4.855,5191.0,no,0.035
37,blue-collar,single,high.school,unknown,no,no,cellular,nov,tue,588,1,999,1,failure,-0.1,93.2,-42.0,4.153,5195.8,no,0.035
48,blue-collar,married,basic.4y,no,no,no,cellular,may,fri,94,3,999,0,nonexistent,-1.8,92.893,-46.2,1.313,5099.1,no,0.035
48,blue-collar,married,basic.6y,no,yes,yes,telephone,may,thu,182,1,999,0,nonexistent,1.1,93.994,-36.4,4.86,5191.0,no,0.035
50,blue-collar,divorced,basic.9y,no,yes,no,telephone,jun,tue,288,2,999,0,nonexistent,1.4,94.465,-41.8,4.864,5228.1,no,0.035
30,services,divorced,high.school,no,yes,no,cellular,may,thu,202,1,999,0,nonexistent,-1.8,92.893,-46.2,1.266,5099.1,no,0.035
58,retired,married,unknown,unknown,yes,no,cellular,jul,mon,174,1,999,0,nonexistent,1.4,93.918,-42.7,4.962,5228.1,no,0.035
43,blue-collar,married,basic.4y,no,yes,no,cellular,apr,mon,268,1,999,0,nonexistent,-1.8,93.075,-47.1,1.405,5099.1,no,0.035
38,blue-collar,single,basic.4y,no,no,no,cellular,may,wed,207,1,999,1,failure,-1.8,92.893,-46.2,1.334,5099.1,no,0.035
59,retired,divorced,university.degree,unknown,yes,no,cellular,jul,tue,165,1,999,0,nonexistent,1.4,93.918,-42.7,4.961,5228.1,no,0.035
51,services,married,high.school,no,no,no,cellular,aug,mon,72,3,999,0,nonexistent,1.4,93.444,-36.1,4.965,5228.1,no,0.035
31,services,divorced,high.school,unknown,yes,no,cellular,may,thu,236,1,999,0,nonexistent,-1.8,92.893,-46.2,1.327,5099.1,no,0.035
34,admin.,single,basic.9y,no,yes,no,telephone,jun,fri,148,5,999,0,nonexistent,1.4,94.465,-41.8,4.947,5228.1,no,0.035
60,services,married,high.school,no,yes,no,telephone,may,thu,154,1,999,0,nonexistent,1.1,93.994,-36.4,4.855,5191.0,no,0.035
39,services,single,high.school,no,yes,no,telephone,jun,thu,1178,3,999,0,nonexistent,1.4,94.465,-41.8,4.958,5228.1,no,0.035
44,blue-collar,married,unknown,unknown,yes,no,cellular,aug,thu,68,2,999,0,nonexistent,1.4,93.444,-36.1,4.962,5228.1,no,0.035
34,blue-collar,married,basic.6y,no,yes,no,telephone,apr,mon,7,5,999,0,nonexistent,-1.8,93.075,-47.1,1.405,5099.1,no,0.035
32,blue-collar,married,high.school,no,no,yes,telephone,may,fri,92,2,999,0,nonexistent,1.1,93.994,-36.4,4.855,5191.0,no,0.035
34,unemployed,single,high.school,no,yes,no,telephone,may,tue,179,5,999,0,nonexistent,-1.8,92.893,-46.2,1.291,5099.1,no,0.035
49,blue-collar,married,basic.4y,unknown,no,yes,cellular,aug,tue,276,5,999,0,nonexistent,1.4,93.444,-36.1,4.965,5228.1,no,0.035
27,admin.,single,high.school,unknown,no,no,telephone,may,thu,75,1,999,0,nonexistent,1.1,93.994,-36.4,4.86,5191.0,no,0.035
50,blue-collar,married,basic.6y,unknown,no,no,cellular,may,fri,103,6,999,0,nonexistent,-1.8,92.893,-46.2,1.313,5099.1,no,0.035
46,self-employed,married,university.degree,no,yes,no,cellular,aug,thu,140,3,999,0,nonexistent,1.4,93.444,-36.1,4.963,5228.1,no,0.035
33,blue-collar,married,high.school,no,no,no,cellular,apr,mon,207,1,999,0,nonexistent,-1.8,93.075,-47.1,1.405,5099.1,no,0.035
55,blue-collar,married,basic.4y,unknown,yes,no,cellular,may,tue,92,1,999,0,nonexistent,-1.8,92.893,-46.2,1.291,5099.1,no,0.035
46,blue-collar,divorced,professional.course,no,yes,no,cellular,aug,wed,254,2,999,0,nonexistent,1.4,93.444,-36.1,4.967,5228.1,no,0.035
50,unemployed,married,basic.9y,unknown,no,no,cellular,aug,thu,74,4,999,0,nonexistent,1.4,93.444,-36.1,4.962,5228.1,no,0.035
46,technician,single,basic.9y,no,no,no,cellular,apr,thu,385,2,999,1,failure,-1.8,93.075,-47.1,1.435,5099.1,no,0.035
37,entrepreneur,married,university.degree,no,yes,no,cellular,nov,fri,12,5,999,1,failure,-0.1,93.2,-42.0,4.021,5195.8,no,0.035
53,admin.,single,basic.6y,no,yes,yes,telephone,may,mon,148,2,999,0,nonexistent,1.1,93.994,-36.4,4.857,5191.0,no,0.035
39,technician,married,basic.9y,unknown,yes,no,telephone,jun,wed,155,1,999,0,nonexistent,1.4,94.465,-41.8,4.958,5228.1,no,0.035
51,services,divorced,basic.6y,unknown,no,yes,telephone,may,wed,114,3,999,0,nonexistent,1.1,93.994,-36.4,4.856,5191.0,no,0.035
53,retired,divorced,high.school,no,unknown,unknown,telephone,may,wed,574,2,999,0,nonexistent,1.1,93.994,-36.4,4.859,5191.0,no,0.035
45,services,divorced,basic.4y,no,no,yes,cellular,apr,thu,1579,1,999,1,failure,-1.8,93.075,-47.1,1.41,5099.1,yes,0.035
54,retired,married,professional.course,no,no,yes,cellular,jul,fri,39,3,999,0,nonexistent,1.4,93.918,-42.7,4.962,5228.1,no,0.035
46,admin.,married,high.school,no,yes,no,cellular,aug,thu,91,11,999,0,nonexistent,1.4,93.444,-36.1,4.962,5228.1,no,0.035
36,admin.,married,university.degree,no,yes,no,telephone,jun,mon,149,8,999,0,nonexistent,1.4,94.465,-41.8,4.865,5228.1,no,0.035
32,services,married,basic.4y,unknown,no,no,cellular,nov,thu,813,2,999,0,nonexistent,-0.1,93.2,-42.0,4.076,5195.8,no,0.035
44,admin.,single,university.degree,unknown,no,no,telephone,may,thu,49,1,999,0,nonexistent,1.1,93.994,-36.4,4.86,5191.0,no,0.035
22,blue-collar,single,basic.6y,unknown,no,yes,telephone,may,fri,1073,1,999,0,nonexistent,1.1,93.994,-36.4,4.857,5191.0,yes,0.035
44,blue-collar,married,basic.9y,unknown,yes,yes,telephone,jun,fri,175,2,999,0,nonexistent,1.4,94.465,-41.8,4.967,5228.1,no,0.035
56,technician,divorced,professional.course,unknown,yes,no,telephone,jun,mon,123,2,999,0,nonexistent,1.4,94.465,-41.8,4.961,5228.1,no,0.035
53,technician,married,high.school,no,no,no,telephone,may,fri,178,1,999,0,nonexistent,1.1,93.994,-36.4,4.859,5191.0,no,0.035
54,retired,divorced,basic.4y,unknown,no,yes,cellular,jul,tue,189,5,999,0,nonexistent,1.4,93.918,-42.7,4.961,5228.1,no,0.035
34,admin.,married,university.degree,unknown,no,no,telephone,jun,tue,133,3,999,0,nonexistent,1.4,94.465,-41.8,4.864,5228.1,no,0.035
35,management,married,university.degree,no,yes,no,cellular,nov,wed,130,3,999,0,nonexistent,-0.1,93.2,-42.0,4.12,5195.8,no,0.035
43,technician,married,high.school,no,no,no,cellular,jul,wed,322,4,999,0,nonexistent,1.4,93.918,-42.7,4.957,5228.1,no,0.035
39,unemployed,married,university.degree,no,yes,no,telephone,may,thu,168,2,999,0,nonexistent,1.1,93.994,-36.4,4.855,5191.0,no,0.035
47,blue-collar,married,unknown,no,yes,no,cellular,may,mon,100,1,999,0,nonexistent,-1.8,92.893,-46.2,1.299,5099.1,no,0.035
33,technician,single,professional.course,no,no,yes,cellular,aug,mon,285,5,999,0,nonexistent,1.4,93.444,-36.1,4.963,5228.1,no,0.035
33,technician,divorced,professional.course,no,yes,yes,cellular,aug,mon,679,1,999,0,nonexistent,1.4,93.444,-36.1,4.97,5228.1,no,0.035
38,blue-collar,single,basic.4y,unknown,no,no,telephone,jul,tue,41,5,999,0,nonexistent,1.4,93.918,-42.7,4.961,5228.1,no,0.035
37,blue-collar,married,basic.9y,no,yes,yes,cellular,nov,fri,312,3,999,1,failure,-0.1,93.2,-42.0,4.021,5195.8,no,0.035
60,retired,single,high.school,no,no,no,telephone,jun,tue,136,4,999,0,nonexistent,1.4,94.465,-41.8,4.864,5228.1,no,0.035
49,admin.,single,high.school,no,yes,no,cellular,jul,tue,1281,1,999,0,nonexistent,1.4,93.918,-42.7,4.961,5228.1,no,0.035
60,technician,divorced,professional.course,unknown,yes,no,telephone,may,wed,202,6,999,0,nonexistent,1.1,93.994,-36.4,4.858,5191.0,no,0.035
48,admin.,married,high.school,unknown,yes,no,cellular,jul,thu,182,2,999,0,nonexistent,1.4,93.918,-42.7,4.958,5228.1,no,0.035
33,blue-collar,married,basic.9y,no,yes,yes,cellular,may,tue,31,4,999,0,nonexistent,-1.8,92.893,-46.2,1.291,5099.1,no,0.035
32,admin.,married,high.school,no,yes,no,telephone,jun,wed,308,7,999,0,nonexistent,1.4,94.465,-41.8,4.959,5228.1,no,0.035
48,admin.,divorced,high.school,no,yes,no,cellular,nov,mon,191,2,999,0,nonexistent,-0.1,93.2,-42.0,4.191,5195.8,no,0.035
33,services,married,high.school,no,yes,no,cellular,apr,thu,900,2,999,2,failure,-1.8,93.075,-47.1,1.365,5099.1,yes,0.035
39,housemaid,married,basic.9y,no,yes,no,telephone,may,wed,164,1,999,0,nonexistent,1.1,93.994,-36.4,4.858,5191.0,no,0.035
45,blue-collar,married,basic.9y,unknown,yes,no,cellular,apr,fri,582,2,999,0,nonexistent,-1.8,93.075,-47.1,1.479,5099.1,no,0.035
46,blue-collar,divorced,basic.9y,no,yes,no,telephone,may,fri,133,1,999,0,nonexistent,1.1,93.994,-36.4,4.855,5191.0,no,0.035
29,admin.,single,university.degree,no,yes,no,telephone,jun,fri,10,27,999,0,nonexistent,1.4,94.465,-41.8,4.959,5228.1,no,0.035
42,housemaid,single,basic.4y,no,no,no,telephone,jun,fri,322,1,999,0,nonexistent,1.4,94.465,-41.8,4.967,5228.1,no,0.035
33,services,married,basic.4y,no,no,no,telephone,may,wed,152,1,999,0,nonexistent,1.1,93.994,-36.4,4.857,5191.0,no,0.035
30,admin.,married,university.degree,no,no,no,telephone,may,fri,294,4,999,0,nonexistent,1.1,93.994,-36.4,4.859,5191.0,no,0.035
27,technician,single,university.degree,no,no,no,cellular,may,thu,68,1,999,0,nonexistent,-1.8,92.893,-46.2,1.27,5099.1,no,0.035
53,blue-collar,married,professional.course,no,yes,yes,telephone,may,thu,418,1,999,0,nonexistent,1.1,93.994,-36.4,4.855,5191.0,no,0.035
53,blue-collar,married,high.school,unknown,yes,yes,cellular,apr,mon,62,4,999,0,nonexistent,-1.8,93.075,-47.1,1.405,5099.1,no,0.035
41,entrepreneur,divorced,professional.course,no,no,no,cellular,jul,thu,82,5,999,0,nonexistent,1.4,93.918,-42.7,4.963,5228.1,no,0.035
40,admin.,single,high.school,no,no,yes,telephone,jun,tue,25,1,999,0,nonexistent,1.4,94.465,-41.8,4.864,5228.1,no,0.035
43,blue-collar,married,basic.9y,unknown,yes,no,cellular,apr,fri,357,1,999,0,nonexistent,-1.8,93.075,-47.1,1.405,5099.1,no,0.035
40,unemployed,divorced,university.degree,no,yes,no,cellular,jul,wed,1373,2,999,0,nonexistent,1.4,93.918,-42.7,4.963,5228.1,yes,0.035
28,blue-collar,married,basic.9y,unknown,yes,no,cellular,may,thu,444,2,999,1,failure,-1.8,92.893,-46.2,1.266,5099.1,no,0.035
39,admin.,single,unknown,no,no,no,cellular,nov,fri,73,4,999,0,nonexistent,-0.1,93.2,-42.0,4.021,5195.8,no,0.035
30,technician,married,high.school,no,yes,no,telephone,jun,thu,436,1,999,0,nonexistent,1.4,94.465,-41.8,4.958,5228.1,no,0.035
30,technician,single,basic.9y,no,no,no,cellular,may,mon,63,1,999,0,nonexistent,-1.8,92.893,-46.2,1.299,5099.1,no,0.035
47,management,divorced,university.degree,no,yes,no,telephone,jun,fri,99,2,999,0,nonexistent,1.4,94.465,-41.8,4.959,5228.1,no,0.035
38,admin.,divorced,high.school,no,yes,no,telephone,may,mon,114,2,999,0,nonexistent,1.1,93.994,-36.4,4.858,5191.0,no,0.035
39,services,married,professional.course,no,no,no,cellular,nov,thu,161,7,999,0,nonexistent,-0.1,93.2,-42.0,4.076,5195.8,no,0.035
39,admin.,married,high.school,no,yes,no,cellular,jul,mon,201,1,999,0,nonexistent,1.4,93.918,-42.7,4.96,5228.1,no,0.035
44,unemployed,married,high.school,unknown,yes,no,cellular,aug,wed,209,1,999,0,nonexistent,1.4,93.444,-36.1,4.967,5228.1,no,0.035
53,technician,married,basic.6y,unknown,yes,no,cellular,may,tue,673,4,999,0,nonexistent,-1.8,92.893,-46.2,1.291,5099.1,no,0.035
44,management,married,university.degree,no,yes,no,cellular,aug,mon,389,2,999,0,nonexistent,1.4,93.444,-36.1,4.965,5228.1,no,0.035
47,services,divorced,high.school,no,yes,no,telephone,may,mon,289,5,999,0,nonexistent,1.1,93.994,-36.4,4.857,5191.0,no,0.035
53,retired,divorced,basic.4y,unknown,no,yes,cellular,jul,tue,159,3,999,0,nonexistent,1.4,93.918,-42.7,4.961,5228.1,no,0.035
36,technician,married,high.school,no,yes,no,cellular,aug,mon,67,1,999,0,nonexistent,1.4,93.444,-36.1,4.965,5228.1,no,0.035
39,services,married,unknown,unknown,yes,yes,cellular,jul,wed,1201,6,999,0,nonexistent,1.4,93.918,-42.7,4.963,5228.1,yes,0.035
45,management,married,unknown,unknown,yes,no,telephone,may,tue,213,5,999,0,nonexistent,1.1,93.994,-36.4,4.856,5191.0,no,0.035
29,technician,married,professional.course,no,yes,no,cellular,aug,thu,965,2,999,0,nonexistent,1.4,93.444,-36.1,4.962,5228.1,yes,0.035
43,management,married,high.school,no,yes,yes,telephone,jun,fri,304,2,999,0,nonexistent,1.4,94.465,-41.8,4.967,5228.1,no,0.035
36,blue-collar,married,basic.9y,no,no,no,cellular,apr,tue,129,1,999,0,nonexistent,-1.8,93.075,-47.1,1.423,5099.1,no,0.035
43,blue-collar,married,basic.9y,unknown,no,no,telephone,may,fri,1500,2,999,0,nonexistent,1.1,93.994,-36.4,4.864,5191.0,yes,0.035
37,blue-collar,married,high.school,no,yes,yes,telephone,may,tue,172,7,999,0,nonexistent,1.1,93.994,-36.4,4.857,5191.0,no,0.035
33,blue-collar,married,basic.4y,no,yes,yes,telephone,jun,wed,112,4,999,0,nonexistent,1.4,94.465,-41.8,4.864,5228.1,no,0.035
28,technician,single,professional.course,no,yes,no,cellular,apr,thu,477,2,999,1,failure,-1.8,93.075,-47.1,1.483,5099.1,no,0.035
54,admin.,married,basic.9y,no,yes,yes,cellular,nov,mon,167,2,999,0,nonexistent,-0.1,93.2,-42.0,4.191,5195.8,no,0.035
36,admin.,single,university.degree,unknown,yes,no,cellular,may,wed,530,1,999,0,nonexistent,-1.8,92.893,-46.2,1.334,5099.1,yes,0.035
57,services,married,professional.course,no,yes,no,cellular,aug,wed,160,3,999,0,nonexistent,1.4,93.444,-36.1,4.964,5228.1,no,0.035
32,technician,single,professional.course,no,no,yes,telephone,jul,thu,181,1,999,0,nonexistent,1.4,93.918,-42.7,4.968,5228.1,no,0.035
49,blue-collar,married,high.school,unknown,yes,yes,cellular,aug,mon,166,6,999,0,nonexistent,1.4,93.444,-36.1,4.963,5228.1,no,0.035
27,admin.,single,university.degree,unknown,no,no,cellular,jul,tue,128,1,999,0,nonexistent,1.4,93.918,-42.7,4.961,5228.1,no,0.035
37,services,married,high.school,unknown,yes,no,telephone,may,mon,58,3,999,0,nonexistent,-1.8,92.893,-46.2,1.299,5099.1,no,0.035
38,technician,married,professional.course,no,no,yes,cellular,aug,wed,120,1,999,0,nonexistent,1.4,93.444,-36.1,4.967,5228.1,no,0.035
38,management,married,basic.6y,unknown,yes,no,telephone,may,thu,243,1,999,0,nonexistent,1.1,93.994,-36.4,4.86,5191.0,no,0.035
38,technician,married,university.degree,no,no,no,cellular,may,fri,186,1,999,1,failure,-1.8,92.893,-46.2,1.313,5099.1,no,0.035
42,admin.,single,high.school,no,no,no,telephone,jun,mon,362,3,999,0,nonexistent,1.4,94.465,-41.8,4.96,5228.1,no,0.035
42,management,married,university.degree,no,yes,yes,telephone,jul,wed,270,1,999,0,nonexistent,1.4,93.918,-42.7,4.963,5228.1,no,0.035
59,admin.,married,basic.6y,no,yes,no,telephone,may,tue,19,15,999,0,nonexistent,1.1,93.994,-36.4,4.856,5191.0,no,0.035
28,services,single,high.school,no,no,no,telephone,jun,tue,406,3,999,0,nonexistent,1.4,94.465,-41.8,4.961,5228.1,no,0.035
40,housemaid,divorced,basic.6y,unknown,yes,no,telephone,may,wed,477,5,999,0,nonexistent,1.1,93.994,-36.4,4.859,5191.0,no,0.035
28,technician,single,high.school,no,no,no,telephone,may,fri,184,2,999,0,nonexistent,1.1,93.994,-36.4,4.864,5191.0,no,0.035
24,blue-collar,married,basic.9y,no,unknown,unknown,telephone,may,fri,8,6,999,0,nonexistent,-1.8,92.893,-46.2,1.25,5099.1,no,0.035
28,admin.,divorced,university.degree,no,yes,no,cellular,may,thu,1148,1,999,0,nonexistent,-1.8,92.893,-46.2,1.327,5099.1,yes,0.035
45,admin.,divorced,university.degree,no,yes,no,cellular,jul,thu,1673,2,999,0,nonexistent,1.4,93.918,-42.7,4.958,5228.1,no,0.035
36,admin.,single,university.degree,no,no,no,cellular,may,tue,89,3,999,0,nonexistent,-1.8,92.893,-46.2,1.291,5099.1,no,0.035
34,technician,single,high.school,no,yes,no,telephone,jul,fri,106,2,999,0,nonexistent,1.4,93.918,-42.7,4.959,5228.1,no,0.035
48,admin.,single,university.degree,no,no,no,cellular,jul,mon,472,3,999,0,nonexistent,1.4,93.918,-42.7,4.962,5228.1,no,0.035
39,self-employed,married,university.degree,no,yes,no,cellular,nov,tue,95,1,999,0,nonexistent,-0.1,93.2,-42.0,4.153,5195.8,no,0.035
54,blue-collar,married,basic.4y,unknown,yes,no,cellular,apr,mon,847,5,999,0,nonexistent,-1.8,93.075,-47.1,1.405,5099.1,no,0.035
39,blue-collar,divorced,basic.9y,unknown,no,no,cellular,may,wed,95,1,999,1,failure,-1.8,92.893,-46.2,1.334,5099.1,no,0.035
39,services,married,basic.9y,unknown,yes,yes,telephone,apr,wed,93,2,999,0,nonexistent,-1.8,93.075,-47.1,1.445,5099.1,no,0.035
48,blue-collar,married,basic.9y,unknown,no,no,telephone,jun,fri,81,10,999,0,nonexistent,1.4,94.465,-41.8,4.959,5228.1,no,0.035
43,entrepreneur,married,university.degree,no,no,no,telephone,may,thu,177,2,999,0,nonexistent,1.1,93.994,-36.4,4.855,5191.0,no,0.035
35,admin.,married,university.degree,no,yes,yes,cellular,aug,thu,125,7,999,0,nonexistent,1.4,93.444,-36.1,4.962,5228.1,no,0.035
45,services,married,basic.6y,no,unknown,unknown,telephone,jun,wed,173,10,999,0,nonexistent,1.4,94.465,-41.8,4.864,5228.1,no,0.035
34,technician,married,university.degree,no,yes,yes,cellular,aug,fri,289,5,999,0,nonexistent,1.4,93.444,-36.1,4.964,5228.1,no,0.03493840434753617
38,technician,single,professional.course,no,yes,no,cellular,nov,fri,119,1,999,0,nonexistent,-0.1,93.2,-42.0,4.021,5195.8,no,0.03489834930427934
46,housemaid,married,basic.4y,unknown,yes,no,cellular,may,wed,369,2,999,0,nonexistent,-1.8,92.893,-46.2,1.281,5099.1,no,0.034854348663926
33,admin.,married,professional.course,no,yes,no,cellular,aug,fri,130,2,999,0,nonexistent,1.4,93.444,-36.1,4.966,5228.1,no,0.03485371122925936
41,blue-collar,married,unknown,unknown,no,no,cellular,jul,wed,516,4,999,0,nonexistent,1.4,93.918,-42.7,4.957,5228.1,no,0.0348525205290138
29,admin.,single,university.degree,unknown,yes,no,cellular,aug,tue,158,5,999,0,nonexistent,1.4,93.444,-36.1,4.963,5228.1,no,0.03484838730444859
42,blue-collar,divorced,basic.9y,no,yes,no,cellular,nov,mon,191,2,999,0,nonexistent,-0.1,93.2,-42.0,4.191,5195.8,no,0.03479347364624579
45,services,divorced,basic.9y,no,no,no,cellular,apr,mon,231,1,999,0,nonexistent,-1.8,93.075,-47.1,1.405,5099.1,no,0.03472367223065251
51,admin.,married,high.school,no,no,no,cellular,aug,tue,178,4,999,0,nonexistent,1.4,93.444,-36.1,4.968,5228.1,no,0.034722989377845216
38,technician,single,professional.course,no,yes,no,cellular,aug,fri,87,1,999,0,nonexistent,1.4,93.444,-36.1,4.966,5228.1,no,0.03471965098634294
57,technician,single,high.school,no,yes,no,cellular,aug,mon,72,2,999,0,nonexistent,1.4,93.444,-36.1,4.965,5228.1,no,0.034712063732928684
44,blue-collar,married,basic.6y,no,yes,no,cellular,nov,fri,275,2,999,0,nonexistent,-0.1,93.2,-42.0,4.021,5195.8,no,0.034712063732928684
41,self-employed,married,professional.course,no,no,no,cellular,aug,mon,69,1,999,0,nonexistent,1.4,93.444,-36.1,4.965,5228.1,no,0.034645601260251624
37,technician,single,professional.course,unknown,no,no,cellular,jul,wed,482,1,999,0,nonexistent,1.4,93.918,-42.7,4.962,5228.1,no,0.03461632591964834
44,technician,married,professional.course,no,no,no,cellular,aug,wed,85,2,999,0,nonexistent,1.4,93.444,-36.1,4.964,5228.1,no,0.03460772682169205
35,blue-collar,married,high.school,no,yes,no,cellular,nov,wed,661,1,999,0,nonexistent,-0.1,93.2,-42.0,4.12,5195.8,no,0.034555561893028275
26,blue-collar,married,basic.6y,no,yes,no,cellular,may,mon,152,1,999,0,nonexistent,-1.8,92.893,-46.2,1.299,5099.1,no,0.034523399684060624
24,blue-collar,married,basic.9y,no,no,yes,cellular,jul,fri,138,2,999,0,nonexistent,1.4,93.918,-42.7,4.963,5228.1,no,0.03450407348679534
59,housemaid,divorced,basic.4y,unknown,no,no,cellular,jul,tue,277,1,999,0,nonexistent,1.4,93.918,-42.7,4.961,5228.1,no,0.03449105877221677
41,unknown,married,unknown,no,no,no,cellular,aug,mon,258,2,999,0,nonexistent,1.4,93.444,-36.1,4.97,5228.1,no,0.034441502276176025
51,technician,married,basic.6y,unknown,no,no,telephone,jun,fri,527,2,999,0,nonexistent,1.4,94.465,-41.8,4.967,5228.1,no,0.03443649468892261
27,services,single,high.school,no,yes,no,cellular,jul,fri,71,3,999,0,nonexistent,1.4,93.918,-42.7,4.957,5228.1,no,0.03442444992177441
43,technician,married,high.school,no,yes,no,cellular,aug,fri,60,1,999,0,nonexistent,1.4,93.444,-36.1,4.963,5228.1,no,0.034421288938605694
45,technician,divorced,professional.course,no,yes,yes,cellular,nov,thu,705,1,999,0,nonexistent,-0.1,93.2,-42.0,4.076,5195.8,yes,0.03431789403118483
30,self-employed,single,university.degree,no,yes,yes,cellular,aug,wed,131,3,999,0,nonexistent,1.4,93.444,-36.1,4.967,5228.1,no,0.03431211588025376
46,blue-collar,single,basic.4y,no,yes,yes,cellular,nov,thu,145,1,999,0,nonexistent,-0.1,93.2,-42.0,4.076,5195.8,no,0.03428936091606401
24,blue-collar,single,basic.9y,no,yes,no,cellular,may,wed,221,2,999,0,nonexistent,-1.8,92.893,-46.2,1.281,5099.1,no,0.03423085540001311
48,blue-collar,married,basic.9y,unknown,no,no,cellular,aug,tue,213,3,999,0,nonexistent,1.4,93.444,-36.1,4.966,5228.1,no,0.03421638130646461
36,blue-collar,married,unknown,no,yes,no,cellular,may,tue,86,2,999,0,nonexistent,-1.8,92.893,-46.2,1.291,5099.1,no,0.034161064680232556
35,blue-collar,married,basic.4y,unknown,yes,no,cellular,may,thu,275,1,999,0,nonexistent,-1.8,92.893,-46.2,1.327,5099.1,no,0.03414757207890744
37,technician,married,university.degree,unknown,no,no,cellular,jul,thu,793,1,999,0,nonexistent,1.4,93.918,-42.7,4.963,5228.1,no,0.0340649098540818
47,management,married,unknown,no,no,no,cellular,jul,thu,114,1,999,0,nonexistent,1.4,93.918,-42.7,4.963,5228.1,no,0.034030994285797096
51,admin.,divorced,university.degree,no,no,no,telephone,may,mon,122,5,999,0,nonexistent,1.1,93.994,-36.4,4.857,5191.0,no,0.033888629353731645
35,admin.,married,professional.course,no,yes,no,cellular,jul,wed,194,1,999,0,nonexistent,1.4,93.918,-42.7,4.963,5228.1,no,0.03379534794278581
32,admin.,single,university.degree,no,no,no,cellular,aug,wed,130,3,999,0,nonexistent,1.4,93.444,-36.1,4.967,5228.1,no,0.03377519176576294
30,technician,single,university.degree,unknown,no,no,cellular,aug,mon,131,2,999,0,nonexistent,1.4,93.444,-36.1,4.963,5228.1,no,0.03374463753202031
38,technician,single,university.degree,no,no,yes,telephone,may,mon,20,1,999,0,nonexistent,1.1,93.994,-36.4,4.857,5191.0,no,0.03323945063480339
28,blue-collar,married,basic.9y,unknown,unknown,unknown,telephone,may,mon,267,1,999,1,failure,-1.8,92.893,-46.2,1.299,5099.1,no,0.03301639910593692
35,services,single,high.school,no,yes,no,cellular,may,wed,87,1,999,1,failure,-1.8,92.893,-46.2,1.334,5099.1,no,0.03255256057751457
33,entrepreneur,married,basic.6y,no,no,no,cellular,nov,wed,90,2,999,1,failure,-0.1,93.2,-42.0,4.12,5195.8,no,0.0325
51,retired,married,university.degree,no,yes,yes,telephone,may,fri,243,3,999,0,nonexistent,1.1,93.994,-36.4,4.859,5191.0,no,0.0325
24,technician,single,university.degree,no,no,yes,cellular,jul,wed,109,3,999,0,nonexistent,1.4,93.918,-42.7,4.963,5228.1,no,0.0325
34,self-employed,single,university.degree,no,yes,no,cellular,jul,wed,159,1,999,0,nonexistent,1.4,93.918,-42.7,4.963,5228.1,no,0.0325
29,admin.,single,high.school,no,unknown,unknown,cellular,jul,wed,183,1,999,0,nonexistent,1.4,93.918,-42.7,4.962,5228.1,no,0.0325
33,blue-collar,married,basic.6y,no,no,no,telephone,jul,wed,292,1,999,0,nonexistent,1.4,93.918,-42.7,4.962,5228.1,no,0.0325
51,services,married,high.school,no,yes,no,telephone,jul,thu,158,3,999,0,nonexistent,1.4,93.918,-42.7,4.966,5228.1,no,0.0325
32,admin.,single,university.degree,no,yes,no,cellular,may,fri,98,1,999,1,failure,-1.8,92.893,-46.2,1.25,5099.1,no,0.0325
41,admin.,married,university.degree,unknown,no,no,cellular,may,mon,113,2,999,1,failure,-1.8,92.893,-46.2,1.244,5099.1,no,0.0325
35,services,single,high.school,no,yes,no,telephone,may,fri,523,1,999,0,nonexistent,1.1,93.994,-36.4,4.864,5191.0,no,0.0325
37,technician,married,high.school,unknown,no,yes,cellular,may,thu,102,6,999,0,nonexistent,-1.8,92.893,-46.2,1.266,5099.1,no,0.0325
50,unemployed,married,basic.9y,unknown,yes,no,telephone,aug,thu,192,1,999,0,nonexistent,1.4,93.444,-36.1,4.962,5228.1,no,0.0325
32,entrepreneur,single,high.school,unknown,yes,yes,cellular,nov,fri,64,6,999,0,nonexistent,-0.1,93.2,-42.0,4.021,5195.8,no,0.0325
33,blue-collar,single,basic.9y,unknown,yes,no,telephone,may,fri,601,1,999,0,nonexistent,1.1,93.994,-36.4,4.859,5191.0,no,0.0325
26,blue-collar,single,high.school,no,no,yes,telephone,jul,mon,251,2,999,0,nonexistent,1.4,93.918,-42.7,4.962,5228.1,no,0.0325
55,services,married,basic.9y,no,yes,no,telephone,jul,wed,78,4,999,0,nonexistent,1.4,93.918,-42.7,4.963,5228.1,no,0.0325
50,unknown,married,unknown,unknown,yes,no,cellular,jul,tue,112,1,999,0,nonexistent,1.4,93.918,-42.7,4.961,5228.1,no,0.0325
53,self-employed,married,university.degree,unknown,no,no,telephone,jul,fri,239,2,999,0,nonexistent,1.4,93.918,-42.7,4.957,5228.1,no,0.0325
34,admin.,married,university.degree,no,yes,no,cellular,may,fri,159,1,999,1,failure,-1.8,92.893,-46.2,1.313,5099.1,no,0.0325
26,admin.,single,high.school,no,yes,yes,telephone,jun,wed,622,1,999,0,nonexistent,1.4,94.465,-41.8,4.864,5228.1,no,0.0325
42,admin.,single,high.school,unknown,yes,no,cellular,jul,wed,145,3,999,0,nonexistent,1.4,93.918,-42.7,4.963,5228.1,no,0.0325
46,blue-collar,married,basic.9y,no,no,no,cellular,aug,wed,1044,2,999,0,nonexistent,1.4,93.444,-36.1,4.967,5228.1,yes,0.0325
53,technician,married,professional.course,no,no,no,telephone,jun,thu,97,2,999,0,nonexistent,1.4,94.465,-41.8,4.961,5228.1,no,0.0325
33,blue-collar,married,basic.9y,no,yes,no,telephone,nov,mon,309,3,999,1,failure,-0.1,93.2,-42.0,4.191,5195.8,no,0.0325
32,admin.,single,university.degree,unknown,yes,yes,cellular,aug,wed,43,1,999,0,nonexistent,1.4,93.444,-36.1,4.967,5228.1,no,0.0325
28,unemployed,married,basic.9y,no,yes,no,cellular,may,fri,349,1,999,0,nonexistent,-1.8,92.893,-46.2,1.313,5099.1,no,0.0325
36,technician,married,professional.course,no,no,no,cellular,jul,tue,281,3,999,0,nonexistent,1.4,93.918,-42.7,4.961,5228.1,no,0.0325
33,technician,married,university.degree,no,no,no,telephone,jul,wed,19,8,999,0,nonexistent,1.4,93.918,-42.7,4.962,5228.1,no,0.0325
29,admin.,single,university.degree,no,yes,no,telephone,jun,tue,128,1,999,0,nonexistent,-2.9,92.963,-40.8,1.262,5076.2,no,0.0325
36,admin.,single,unknown,no,no,no,cellular,jul,tue,209,1,999,0,nonexistent,1.4,93.918,-42.7,4.961,5228.1,no,0.0325
41,management,married,basic.9y,no,no,no,cellular,nov,thu,329,2,999,0,nonexistent,-0.1,93.2,-42.0,4.076,5195.8,no,0.0325
39,housemaid,married,basic.4y,no,no,no,cellular,jul,mon,240,5,999,0,nonexistent,1.4,93.918,-42.7,4.96,5228.1,no,0.0325
36,admin.,single,university.degree,no,yes,no,cellular,aug,thu,379,1,999,0,nonexistent,1.4,93.444,-36.1,4.963,5228.1,no,0.0325
48,admin.,married,university.degree,no,yes,yes,cellular,jul,mon,179,2,999,0,nonexistent,1.4,93.918,-42.7,4.96,5228.1,no,0.0325
54,management,married,basic.6y,no,no,no,telephone,jun,wed,255,3,999,0,nonexistent,1.4,94.465,-41.8,4.962,5228.1,no,0.0325
50,housemaid,married,basic.9y,no,yes,no,cellular,may,mon,126,2,999,1,failure,-1.8,92.893,-46.2,1.244,5099.1,no,0.0325
47,blue-collar,married,high.school,no,yes,yes,cellular,may,mon,57,1,999,0,nonexistent,-1.8,92.893,-46.2,1.299,5099.1,no,0.0325
36,unemployed,single,basic.9y,no,yes,no,cellular,nov,thu,118,4,999,0,nonexistent,-0.1,93.2,-42.0,4.076,5195.8,no,0.0325
36,admin.,married,university.degree,no,yes,no,cellular,may,wed,128,3,999,0,nonexistent,-1.8,92.893,-46.2,1.334,5099.1,no,0.0325
57,services,married,high.school,no,no,no,cellular,may,mon,380,1,999,0,nonexistent,-1.8,92.893,-46.2,1.244,5099.1,no,0.0325
33,admin.,married,university.degree,no,yes,no,telephone,jun,wed,355,1,999,0,nonexistent,1.4,94.465,-41.8,4.864,5228.1,no,0.0325
47,blue-collar,divorced,basic.9y,no,no,no,telephone,jul,tue,245,1,999,0,nonexistent,1.4,93.918,-42.7,4.955,5228.1,no,0.0325
44,blue-collar,married,unknown,no,yes,no,telephone,jun,wed,151,1,999,0,nonexistent,1.4,94.465,-41.8,4.958,5228.1,no,0.0325
45,technician,married,professional.course,unknown,yes,yes,cellular,aug,tue,504,2,999,0,nonexistent,1.4,93.444,-36.1,4.968,5228.1,no,0.0325
23,blue-collar,single,basic.9y,no,no,no,cellular,jul,mon,360,3,999,0,nonexistent,1.4,93.918,-42.7,4.96,5228.1,no,0.0325
45,admin.,married,basic.9y,no,yes,yes,cellular,aug,wed,106,3,999,0,nonexistent,1.4,93.444,-36.1,4.964,5228.1,no,0.0325
34,admin.,single,high.school,no,no,no,telephone,may,thu,523,2,999,0,nonexistent,1.1,93.994,-36.4,4.86,5191.0,no,0.0325
34,technician,married,university.degree,no,no,no,cellular,aug,mon,220,1,999,0,nonexistent,-2.9,92.201,-31.4,0.861,5076.2,yes,0.0325
31,entrepreneur,divorced,high.school,no,yes,no,telephone,may,tue,168,1,999,0,nonexistent,1.1,93.994,-36.4,4.857,5191.0,no,0.0325
24,blue-collar,single,basic.9y,no,yes,no,cellular,jul,wed,590,3,999,0,nonexistent,1.4,93.918,-42.7,4.963,5228.1,no,0.0325
33,blue-collar,married,basic.6y,unknown,yes,no,cellular,jul,tue,17,11,999,0,nonexistent,1.4,93.918,-42.7,4.962,5228.1,no,0.0325
55,entrepreneur,divorced,university.degree,no,yes,no,cellular,jul,wed,537,1,999,0,nonexistent,1.4,93.918,-42.7,4.963,5228.1,no,0.0325
32,blue-collar,married,basic.9y,no,yes,yes,cellular,may,wed,110,4,999,0,nonexistent,-1.8,92.893,-46.2,1.281,5099.1,no,0.0325
34,services,single,high.school,no,no,no,telephone,jul,tue,29,16,999,0,nonexistent,1.4,93.918,-42.7,4.961,5228.1,no,0.0325
26,admin.,single,high.school,no,no,no,telephone,may,wed,160,1,999,0,nonexistent,1.1,93.994,-36.4,4.857,5191.0,no,0.0325
53,technician,married,professional.course,no,yes,no,cellular,nov,fri,11,7,999,0,nonexistent,-0.1,93.2,-42.0,4.021,5195.8,no,0.0325
29,blue-collar,single,professional.course,no,yes,no,cellular,may,wed,87,3,999,0,nonexistent,-1.8,92.893,-46.2,1.334,5099.1,no,0.0325
30,entrepreneur,single,university.degree,no,yes,no,cellular,jul,thu,11,12,999,0,nonexistent,1.4,93.918,-42.7,4.958,5228.1,no,0.0325
42,blue-collar,divorced,basic.6y,unknown,no,no,telephone,may,wed,116,1,999,0,nonexistent,1.1,93.994,-36.4,4.859,5191.0,no,0.0325
32,admin.,single,university.degree,no,no,no,cellular,may,fri,61,4,999,0,nonexistent,-1.8,92.893,-46.2,1.25,5099.1,no,0.0325
30,technician,single,professional.course,no,no,no,telephone,jun,tue,19,4,999,0,nonexistent,1.4,94.465,-41.8,4.961,5228.1,no,0.0325
37,blue-collar,married,basic.4y,no,yes,no,telephone,jun,fri,94,7,999,0,nonexistent,1.4,94.465,-41.8,4.959,5228.1,no,0.0325
35,admin.,single,university.degree,no,yes,no,telephone,nov,tue,263,2,999,0,nonexistent,-0.1,93.2,-42.0,4.153,5195.8,no,0.0325
37,admin.,single,university.degree,unknown,yes,no,telephone,jun,thu,179,3,999,0,nonexistent,1.4,94.465,-41.8,4.955,5228.1,no,0.0325
57,self-employed,married,basic.4y,no,yes,no,telephone,apr,mon,534,3,999,1,failure,-1.8,93.075,-47.1,1.405,5099.1,no,0.0325
42,admin.,married,university.degree,no,yes,no,cellular,may,mon,230,6,999,0,nonexistent,-1.8,92.893,-46.2,1.354,5099.1,no,0.0325
50,services,single,high.school,no,no,no,telephone,may,fri,106,1,999,0,nonexistent,1.1,93.994,-36.4,4.855,5191.0,no,0.0325
25,blue-collar,single,basic.9y,no,unknown,unknown,cellular,may,mon,10,2,999,0,nonexistent,-1.8,92.893,-46.2,1.244,5099.1,no,0.0325
32,admin.,single,university.degree,no,yes,yes,cellular,may,wed,84,2,999,1,failure,-1.8,92.893,-46.2,1.281,5099.1,no,0.0325
33,blue-collar,married,basic.9y,no,no,no,cellular,jul,mon,121,4,999,0,nonexistent,1.4,93.918,-42.7,4.96,5228.1,no,0.0325
33,technician,married,professional.course,no,yes,yes,cellular,jul,tue,110,5,999,0,nonexistent,1.4,93.918,-42.7,4.961,5228.1,no,0.0325
54,blue-collar,married,basic.4y,no,yes,no,telephone,may,tue,291,5,999,0,nonexistent,-1.8,92.893,-46.2,1.291,5099.1,no,0.0325
53,management,married,basic.6y,unknown,yes,no,telephone,jun,wed,152,6,999,0,nonexistent,1.4,94.465,-41.8,4.864,5228.1,no,0.0325
52,services,married,university.degree,no,no,no,telephone,jun,mon,119,1,999,0,nonexistent,1.4,94.465,-41.8,4.96,5228.1,no,0.0325
54,technician,married,high.school,no,no,no,telephone,may,tue,13,12,999,0,nonexistent,1.1,93.994,-36.4,4.856,5191.0,no,0.0325
58,management,married,university.degree,unknown,no,no,telephone,jun,mon,25,2,999,0,nonexistent,1.4,94.465,-41.8,4.958,5228.1,no,0.0325
37,admin.,single,university.degree,no,yes,yes,cellular,nov,wed,160,1,999,0,nonexistent,-0.1,93.2,-42.0,4.12,5195.8,no,0.0325
42,admin.,married,high.school,no,no,no,telephone,may,tue,69,1,999,0,nonexistent,1.1,93.994,-36.4,4.857,5191.0,no,0.0325
44,blue-collar,married,basic.6y,no,yes,no,telephone,may,mon,149,5,999,0,nonexistent,1.1,93.994,-36.4,4.857,5191.0,no,0.0325
47,blue-collar,married,basic.6y,no,yes,yes,telephone,may,thu,93,1,999,0,nonexistent,1.1,93.994,-36.4,4.855,5191.0,no,0.0325
32,entrepreneur,married,basic.4y,no,yes,no,telephone,nov,wed,62,1,999,0,nonexistent,-0.1,93.2,-42.0,4.12,5195.8,no,0.0325
40,admin.,divorced,professional.course,no,yes,no,telephone,may,fri,539,12,999,0,nonexistent,1.1,93.994,-36.4,4.864,5191.0,yes,0.0325
31,technician,married,university.degree,no,yes,no,cellular,nov,fri,105,4,999,1,failure,-0.1,93.2,-42.0,4.021,5195.8,no,0.0325
27,entrepreneur,married,university.degree,no,no,no,telephone,may,fri,530,2,999,0,nonexistent,1.1,93.994,-36.4,4.855,5191.0,no,0.0325
25,unemployed,single,high.school,unknown,no,no,telephone,jun,fri,287,9,999,0,nonexistent,1.4,94.465,-41.8,4.959,5228.1,no,0.0325
30,technician,married,university.degree,no,yes,no,telephone,may,fri,104,6,999,0,nonexistent,1.1,93.994,-36.4,4.864,5191.0,no,0.0325
35,admin.,married,university.degree,no,no,no,telephone,jun,mon,27,3,999,0,nonexistent,1.4,94.465,-41.8,4.947,5228.1,no,0.0325
35,entrepreneur,divorced,professional.course,unknown,unknown,unknown,cellular,aug,tue,950,3,999,0,nonexistent,1.4,93.444,-36.1,4.963,5228.1,yes,0.0325
37,self-employed,married,basic.9y,no,no,no,telephone,jun,tue,243,1,999,0,nonexistent,1.4,94.465,-41.8,4.961,5228.1,no,0.0325
29,blue-collar,single,high.school,no,yes,no,telephone,jul,fri,52,4,999,0,nonexistent,1.4,93.918,-42.7,4.959,5228.1,no,0.0325
39,admin.,single,high.school,no,no,no,telephone,jun,wed,29,1,999,0,nonexistent,1.4,94.465,-41.8,4.959,5228.1,no,0.0325
39,admin.,married,university.degree,no,yes,no,cellular,jul,fri,127,1,999,0,nonexistent,1.4,93.918,-42.7,4.962,5228.1,no,0.0325
49,admin.,single,unknown,unknown,no,no,cellular,nov,tue,74,2,999,0,nonexistent,-0.1,93.2,-42.0,4.153,5195.8,no,0.0325
34,entrepreneur,single,unknown,unknown,yes,no,telephone,may,thu,318,1,999,0,nonexistent,1.1,93.994,-36.4,4.86,5191.0,no,0.0325
34,entrepreneur,married,professional.course,no,yes,no,cellular,jul,thu,109,4,999,0,nonexistent,1.4,93.918,-42.7,4.958,5228.1,no,0.0325
41,blue-collar,married,basic.9y,no,no,no,cellular,may,wed,309,1,999,1,failure,-1.8,92.893,-46.2,1.334,5099.1,no,0.0325
39,blue-collar,married,basic.6y,no,no,no,telephone,jun,tue,1340,1,999,0,nonexistent,1.4,94.465,-41.8,4.864,5228.1,no,0.0325
35,blue-collar,married,basic.9y,no,yes,no,telephone,may,tue,106,1,999,0,nonexistent,1.1,93.994,-36.4,4.857,5191.0,no,0.0325
41,admin.,single,university.degree,no,yes,no,cellular,nov,thu,80,1,999,0,nonexistent,-0.1,93.2,-42.0,4.076,5195.8,no,0.0325
57,unknown,married,unknown,unknown,no,no,cellular,jul,tue,156,4,999,0,nonexistent,1.4,93.918,-42.7,4.961,5228.1,no,0.0325
34,technician,married,professional.course,no,no,no,cellular,aug,thu,88,3,999,0,nonexistent,1.4,93.444,-36.1,4.963,5228.1,no,0.0325
37,admin.,married,high.school,no,no,no,cellular,may,tue,305,5,999,0,nonexistent,-1.8,92.893,-46.2,1.344,5099.1,no,0.0325
52,technician,married,high.school,unknown,no,no,telephone,may,wed,68,1,999,0,nonexistent,1.1,93.994,-36.4,4.858,5191.0,no,0.0325
40,services,married,basic.6y,unknown,no,yes,telephone,jun,tue,39,3,999,0,nonexistent,1.4,94.465,-41.8,4.961,5228.1,no,0.0325
42,unknown,married,unknown,no,yes,no,cellular,jul,mon,48,9,999,0,nonexistent,1.4,93.918,-42.7,4.962,5228.1,no,0.0325
36,housemaid,married,basic.6y,no,no,no,cellular,aug,mon,210,2,999,0,nonexistent,1.4,93.444,-36.1,4.965,5228.1,no,0.032427157010441084
47,blue-collar,married,basic.6y,no,no,yes,cellular,jul,mon,930,1,999,0,nonexistent,1.4,93.918,-42.7,4.96,5228.1,no,0.032401476622866375
35,management,married,university.degree,no,yes,yes,cellular,jul,fri,772,1,999,0,nonexistent,1.4,93.918,-42.7,4.963,5228.1,no,0.03235443363201336
31,unemployed,single,university.degree,no,yes,no,cellular,nov,fri,30,1,999,0,nonexistent,-0.1,93.2,-42.0,4.021,5195.8,no,0.0323543911486519
31,blue-collar,single,basic.9y,no,no,no,cellular,nov,tue,58,1,999,0,nonexistent,-0.1,93.2,-42.0,4.153,5195.8,no,0.03234659365437269
25,admin.,single,high.school,no,yes,no,cellular,jul,wed,62,11,999,0,nonexistent,1.4,93.918,-42.7,4.963,5228.1,no,0.03231879470080684
37,blue-collar,married,basic.9y,no,yes,no,cellular,jul,mon,247,3,999,0,nonexistent,1.4,93.918,-42.7,4.962,5228.1,no,0.03223438893679492
32,admin.,single,university.degree,no,no,no,cellular,aug,tue,80,3,999,0,nonexistent,1.4,93.444,-36.1,4.963,5228.1,no,0.03222867981790592
47,admin.,divorced,high.school,no,yes,no,cellular,may,tue,105,1,999,0,nonexistent,-1.8,92.893,-46.2,1.291,5099.1,no,0.032228603945371775
25,services,single,high.school,no,no,no,telephone,jun,wed,119,1,999,0,nonexistent,1.4,94.465,-41.8,4.959,5228.1,no,0.032224734446130505
29,services,single,high.school,no,yes,no,telephone,jun,thu,1018,3,999,0,nonexistent,1.4,94.465,-41.8,4.866,5228.1,yes,0.03222071320182094
48,technician,married,high.school,no,yes,no,cellular,aug,thu,102,3,999,0,nonexistent,1.4,93.444,-36.1,4.963,5228.1,no,0.03221949924127466
26,blue-collar,single,basic.4y,no,yes,yes,cellular,jul,wed,215,3,999,0,nonexistent,1.4,93.918,-42.7,4.962,5228.1,no,0.0322144157814871
47,retired,married,basic.4y,unknown,no,no,telephone,jun,fri,63,2,999,0,nonexistent,1.4,94.465,-41.8,4.967,5228.1,no,0.032214188163884674
36,self-employed,divorced,basic.9y,no,yes,no,cellular,apr,wed,93,1,999,0,nonexistent,-1.8,93.075,-47.1,1.415,5099.1,no,0.03221001517450683
40,technician,married,professional.course,no,yes,no,cellular,nov,tue,110,1,999,1,failure,-0.1,93.2,-42.0,4.153,5195.8,no,0.03211489188433761
29,management,married,basic.9y,no,yes,no,cellular,nov,wed,103,1,999,0,nonexistent,-0.1,93.2,-42.0,4.12,5195.8,no,0.03204566713996836
47,services,married,high.school,no,no,no,cellular,may,mon,109,2,999,0,nonexistent,-1.8,92.893,-46.2,1.244,5099.1,no,0.03200814064851553
37,admin.,divorced,university.degree,no,no,no,cellular,aug,tue,355,2,999,0,nonexistent,1.4,93.444,-36.1,4.966,5228.1,no,0.03199314097144572
56,blue-collar,divorced,basic.9y,no,yes,no,cellular,nov,wed,1265,3,999,0,nonexistent,-0.1,93.2,-42.0,4.12,5195.8,yes,0.03199105877221677
40,blue-collar,married,professional.course,no,yes,yes,cellular,jul,mon,431,1,999,0,nonexistent,1.4,93.918,-42.7,4.962,5228.1,yes,0.031990691525608524
25,services,single,high.school,no,yes,no,cellular,may,thu,239,3,999,0,nonexistent,-1.8,92.893,-46.2,1.327,5099.1,no,0.03198946780390768
44,blue-collar,married,basic.4y,no,yes,no,cellular,jul,fri,65,5,999,0,nonexistent,1.4,93.918,-42.7,4.962,5228.1,no,0.03194779969650986
37,blue-collar,single,unknown,no,no,no,telephone,jun,wed,65,10,999,0,nonexistent,1.4,94.465,-41.8,4.864,5228.1,no,0.03188897202157394
51,housemaid,divorced,high.school,no,yes,yes,cellular,jul,thu,460,1,999,0,nonexistent,1.4,93.918,-42.7,4.963,5228.1,no,0.03181044731758062
25,admin.,divorced,professional.course,no,no,no,cellular,jul,mon,159,1,999,0,nonexistent,1.4,93.918,-42.7,4.96,5228.1,no,0.03170095888084077
25,services,single,professional.course,no,no,no,telephone,jun,wed,185,4,999,0,nonexistent,1.4,94.465,-41.8,4.962,5228.1,no,0.03163578328734785
30,technician,single,university.degree,no,yes,no,cellular,jul,thu,91,2,999,0,nonexistent,1.4,93.918,-42.7,4.958,5228.1,no,0.031590607627760746
39,technician,married,high.school,unknown,no,no,cellular,jul,wed,781,1,999,0,nonexistent,1.4,93.918,-42.7,4.957,5228.1,yes,0.03158566367236812
30,services,married,high.school,no,yes,no,cellular,nov,tue,493,1,999,0,nonexistent,-0.1,93.2,-42.0,4.153,5195.8,no,0.03153435720442487
45,self-employed,single,professional.course,no,no,no,cellular,nov,fri,123,2,999,0,nonexistent,-0.1,93.2,-42.0,4.021,5195.8,no,0.0315268203456086
27,admin.,single,professional.course,unknown,yes,no,cellular,jul,thu,114,2,999,0,nonexistent,1.4,93.918,-42.7,4.968,5228.1,no,0.0314310432703235
52,admin.,married,high.school,no,yes,no,cellular,aug,fri,131,1,999,0,nonexistent,1.4,93.444,-36.1,4.963,5228.1,no,0.031392309220163
31,technician,single,university.degree,no,yes,no,cellular,aug,tue,290,9,999,0,nonexistent,1.4,93.444,-36.1,4.963,5228.1,yes,0.03136555386949924
37,housemaid,married,basic.4y,unknown,yes,no,cellular,aug,tue,176,1,999,0,nonexistent,1.4,93.444,-36.1,4.965,5228.1,no,0.031364079152312846
29,admin.,single,university.degree,no,yes,no,cellular,nov,tue,636,1,999,0,nonexistent,-0.1,93.2,-42.0,4.153,5195.8,no,0.031209997658113168
54,blue-collar,divorced,basic.4y,unknown,no,no,cellular,jul,thu,143,1,999,0,nonexistent,1.4,93.918,-42.7,4.963,5228.1,no,0.031161626778933353
50,admin.,married,high.school,no,no,no,cellular,aug,mon,104,1,999,0,nonexistent,1.4,93.444,-36.1,4.965,5228.1,no,0.031108340482445533
41,unknown,married,unknown,no,yes,no,cellular,aug,mon,230,1,999,0,nonexistent,1.4,93.444,-36.1,4.97,5228.1,no,0.0311043601764419
39,blue-collar,divorced,basic.9y,unknown,yes,no,cellular,may,wed,304,1,999,0,nonexistent,-1.8,92.893,-46.2,1.334,5099.1,no,0.03067995630913469
21,admin.,single,high.school,no,yes,no,cellular,jul,wed,111,1,999,0,nonexistent,1.4,93.918,-42.7,4.957,5228.1,no,0.030644063733636887
45,services,married,basic.9y,unknown,no,yes,cellular,jul,thu,479,1,999,0,nonexistent,1.4,93.918,-42.7,4.958,5228.1,no,0.03058566034329697
40,blue-collar,married,high.school,no,yes,no,telephone,may,wed,285,1,999,0,nonexistent,1.1,93.994,-36.4,4.856,5191.0,no,0.03056049335617634
23,blue-collar,married,professional.course,unknown,no,no,telephone,jun,wed,94,1,999,0,nonexistent,1.4,94.465,-41.8,4.962,5228.1,no,0.030486508351682175
34,admin.,divorced,university.degree,no,yes,no,cellular,aug,wed,324,2,999,0,nonexistent,1.4,93.444,-36.1,4.965,5228.1,no,0.03
51,blue-collar,divorced,basic.4y,no,yes,no,telephone,may,thu,660,2,999,0,nonexistent,1.1,93.994,-36.4,4.86,5191.0,no,0.03
41,blue-collar,married,basic.6y,unknown,yes,no,cellular,may,thu,220,1,999,0,nonexistent,-1.8,92.893,-46.2,1.327,5099.1,no,0.03
33,admin.,married,university.degree,no,unknown,unknown,cellular,aug,fri,74,2,999,0,nonexistent,1.4,93.444,-36.1,4.966,5228.1,no,0.03
42,services,married,professional.course,no,yes,no,telephone,may,thu,813,1,999,0,nonexistent,1.1,93.994,-36.4,4.855,5191.0,yes,0.03
57,blue-collar,married,basic.4y,unknown,yes,yes,telephone,jul,wed,10,19,999,0,nonexistent,1.4,93.918,-42.7,4.962,5228.1,no,0.03
34,services,married,high.school,no,yes,no,cellular,apr,wed,98,1,999,0,nonexistent,-1.8,93.075,-47.1,1.445,5099.1,no,0.03
34,management,married,university.degree,no,yes,no,cellular,nov,thu,130,6,999,0,nonexistent,-0.1,93.2,-42.0,4.076,5195.8,no,0.03
37,unemployed,married,basic.6y,no,yes,no,cellular,may,thu,425,1,999,1,failure,-1.8,92.893,-46.2,1.327,5099.1,no,0.03
46,admin.,single,high.school,no,yes,no,telephone,nov,wed,207,2,999,1,failure,-0.1,93.2,-42.0,4.12,5195.8,no,0.03
59,technician,married,professional.course,unknown,no,no,telephone,may,thu,206,2,999,0,nonexistent,1.1,93.994,-36.4,4.855,5191.0,no,0.03
58,admin.,married,high.school,unknown,yes,no,cellular,jul,tue,103,1,999,0,nonexistent,1.4,93.918,-42.7,4.961,5228.1,no,0.03
38,technician,married,high.school,no,yes,no,cellular,jul,tue,1037,8,999,0,nonexistent,1.4,93.918,-42.7,4.961,5228.1,yes,0.03
34,technician,married,university.degree,unknown,yes,no,cellular,aug,thu,414,2,999,0,nonexistent,1.4,93.444,-36.1,4.964,5228.1,no,0.03
34,blue-collar,married,basic.9y,no,yes,yes,cellular,jul,thu,196,1,999,0,nonexistent,1.4,93.918,-42.7,4.963,5228.1,no,0.03
33,technician,single,professional.course,no,no,yes,cellular,aug,tue,501,1,999,0,nonexistent,1.4,93.444,-36.1,4.963,5228.1,no,0.03
57,housemaid,married,basic.6y,unknown,yes,no,telephone,may,tue,121,2,999,0,nonexistent,1.1,93.994,-36.4,4.857,5191.0,no,0.03
40,technician,divorced,professional.course,no,no,no,cellular,jul,tue,122,2,999,0,nonexistent,1.4,93.918,-42.7,4.962,5228.1,no,0.03
38,services,married,basic.9y,no,unknown,unknown,telephone,jun,fri,48,1,999,0,nonexistent,1.4,94.465,-41.8,4.959,5228.1,no,0.03
39,technician,married,university.degree,no,no,no,cellular,jul,tue,62,2,999,0,nonexistent,1.4,93.918,-42.7,4.961,5228.1,no,0.03
35,entrepreneur,single,university.degree,no,yes,no,cellular,jul,mon,88,5,999,0,nonexistent,1.4,93.918,-42.7,4.96,5228.1,no,0.03
38,management,married,basic.6y,unknown,yes,no,telephone,jun,mon,166,3,999,0,nonexistent,1.4,94.465,-41.8,4.961,5228.1,no,0.03
29,services,single,high.school,no,no,no,cellular,apr,mon,386,2,999,1,failure,-1.8,93.075,-47.1,1.405,5099.1,no,0.03
47,blue-collar,divorced,basic.4y,no,no,yes,telephone,jun,wed,450,2,999,0,nonexistent,1.4,94.465,-41.8,4.959,5228.1,no,0.03
37,blue-collar,single,high.school,no,yes,no,telephone,jul,mon,416,8,999,0,nonexistent,1.4,93.918,-42.7,4.96,5228.1,no,0.03
32,blue-collar,married,high.school,no,yes,no,telephone,nov,mon,943,1,999,0,nonexistent,-0.1,93.2,-42.0,4.191,5195.8,yes,0.03
28,technician,single,professional.course,no,yes,no,cellular,may,mon,66,1,999,0,nonexistent,-1.8,92.893,-46.2,1.244,5099.1,no,0.03
42,blue-collar,married,basic.9y,no,no,no,cellular,may,wed,51,1,999,1,failure,-1.8,92.893,-46.2,1.334,5099.1,no,0.03
25,entrepreneur,single,university.degree,no,yes,no,telephone,may,wed,8,4,999,0,nonexistent,1.1,93.994,-36.4,4.857,5191.0,no,0.03
51,unemployed,divorced,university.degree,unknown,yes,yes,telephone,jun,wed,110,2,999,0,nonexistent,1.4,94.465,-41.8,4.962,5228.1,no,0.03
30,blue-collar,married,basic.6y,no,no,no,cellular,may,thu,164,2,999,1,failure,-1.8,92.893,-46.2,1.266,5099.1,no,0.03
51,housemaid,married,basic.4y,no,yes,no,cellular,jul,mon,118,3,999,0,nonexistent,1.4,93.918,-42.7,4.962,5228.1,no,0.03
42,admin.,married,high.school,no,yes,no,cellular,apr,fri,88,1,999,0,nonexistent,-1.8,93.075,-47.1,1.405,5099.1,no,0.03
28,entrepreneur,married,basic.4y,unknown,yes,no,telephone,may,wed,565,1,999,0,nonexistent,1.1,93.994,-36.4,4.859,5191.0,no,0.03
32,technician,married,professional.course,no,yes,yes,cellular,nov,wed,1554,1,999,0,nonexistent,-0.1,93.2,-42.0,4.12,5195.8,yes,0.03
27,admin.,married,high.school,no,yes,no,telephone,jul,wed,103,5,999,0,nonexistent,1.4,93.918,-42.7,4.963,5228.1,no,0.03
35,blue-collar,married,basic.4y,no,no,no,telephone,jun,thu,636,1,999,0,nonexistent,1.4,94.465,-41.8,4.866,5228.1,no,0.03
52,services,married,high.school,unknown,yes,no,telephone,may,mon,967,6,999,0,nonexistent,1.1,93.994,-36.4,4.858,5191.0,yes,0.03
41,housemaid,single,basic.4y,unknown,yes,no,cellular,jul,mon,385,3,999,0,nonexistent,1.4,93.918,-42.7,4.962,5228.1,no,0.03
45,admin.,married,high.school,no,yes,no,cellular,nov,mon,58,1,999,1,failure,-0.1,93.2,-42.0,4.191,5195.8,no,0.03
43,technician,divorced,professional.course,no,yes,no,telephone,may,thu,193,5,999,0,nonexistent,1.1,93.994,-36.4,4.86,5191.0,no,0.03
31,admin.,married,high.school,no,no,no,cellular,may,fri,123,3,999,0,nonexistent,-1.8,92.893,-46.2,1.313,5099.1,no,0.03
56,retired,married,basic.6y,no,unknown,unknown,telephone,jun,mon,356,5,999,0,nonexistent,1.4,94.465,-41.8,4.961,5228.1,no,0.03
40,entrepreneur,divorced,university.degree,no,yes,yes,telephone,jun,fri,54,1,999,0,nonexistent,1.4,94.465,-41.8,4.959,5228.1,no,0.03
48,admin.,divorced,basic.9y,no,no,no,cellular,jul,tue,1424,4,999,0,nonexistent,1.4,93.918,-42.7,4.961,5228.1,yes,0.03
37,blue-collar,married,basic.6y,no,yes,no,cellular,apr,mon,724,2,999,0,nonexistent,-1.8,93.075,-47.1,1.405,5099.1,no,0.03
56,entrepreneur,married,university.degree,no,no,no,telephone,apr,thu,95,1,999,0,nonexistent,-1.8,93.075,-47.1,1.365,5099.1,no,0.03
39,admin.,married,university.degree,no,yes,yes,telephone,may,tue,239,1,999,0,nonexistent,1.1,93.994,-36.4,4.857,5191.0,no,0.03
56,services,married,basic.9y,unknown,no,no,telephone,may,wed,300,3,999,0,nonexistent,1.1,93.994,-36.4,4.857,5191.0,no,0.03
30,services,married,high.school,no,no,no,telephone,jun,mon,151,3,999,0,nonexistent,1.4,94.465,-41.8,4.865,5228.1,no,0.03
31,services,single,high.school,no,no,yes,cellular,may,thu,50,2,999,1,failure,-1.8,92.893,-46.2,1.327,5099.1,no,0.03
30,technician,married,high.school,no,no,no,cellular,jul,fri,1161,26,999,0,nonexistent,1.4,93.918,-42.7,4.962,5228.1,no,0.03
58,entrepreneur,married,basic.4y,no,yes,no,telephone,jun,fri,221,3,999,0,nonexistent,1.4,94.465,-41.8,4.959,5228.1,no,0.03
33,admin.,married,university.degree,no,yes,yes,cellular,nov,thu,49,3,999,0,nonexistent,-0.1,93.2,-42.0,4.076,5195.8,no,0.03
47,blue-collar,married,basic.6y,no,yes,no,telephone,jun,thu,786,1,999,0,nonexistent,1.4,94.465,-41.8,4.961,5228.1,no,0.03
46,management,married,university.degree,unknown,yes,yes,cellular,may,wed,172,4,999,0,nonexistent,-1.8,92.893,-46.2,1.334,5099.1,no,0.03
42,blue-collar,divorced,basic.4y,unknown,yes,no,telephone,may,thu,106,1,999,0,nonexistent,1.1,93.994,-36.4,4.86,5191.0,no,0.03
46,housemaid,married,basic.9y,no,no,no,telephone,may,fri,322,5,999,0,nonexistent,1.1,93.994,-36.4,4.855,5191.0,no,0.03
57,blue-collar,married,basic.9y,no,no,no,cellular,apr,tue,304,1,999,0,nonexistent,-1.8,93.075,-47.1,1.453,5099.1,no,0.03
32,blue-collar,divorced,basic.9y,unknown,yes,no,telephone,jun,mon,1009,5,999,0,nonexistent,1.4,94.465,-41.8,4.96,5228.1,no,0.03
30,admin.,single,high.school,no,yes,no,telephone,jun,mon,174,1,999,0,nonexistent,1.4,94.465,-41.8,4.961,5228.1,no,0.03
34,admin.,divorced,high.school,no,no,no,cellular,aug,fri,178,3,999,0,nonexistent,1.4,93.444,-36.1,4.966,5228.1,no,0.03
42,admin.,married,university.degree,no,yes,no,cellular,nov,wed,340,2,999,0,nonexistent,-0.1,93.2,-42.0,4.12,5195.8,no,0.03
29,blue-collar,married,basic.6y,no,no,yes,telephone,may,tue,60,1,999,0,nonexistent,1.1,93.994,-36.4,4.856,5191.0,no,0.03
30,blue-collar,single,high.school,no,yes,no,cellular,jul,wed,72,7,999,0,nonexistent,1.4,93.918,-42.7,4.963,5228.1,no,0.03
50,admin.,married,basic.9y,no,no,no,cellular,nov,thu,315,3,999,0,nonexistent,-0.1,93.2,-42.0,4.076,5195.8,no,0.03
51,admin.,married,high.school,no,no,yes,cellular,nov,tue,118,2,999,1,failure,-0.1,93.2,-42.0,4.153,5195.8,no,0.03
28,management,single,university.degree,no,no,no,telephone,jun,thu,651,5,999,0,nonexistent,1.4,94.465,-41.8,4.958,5228.1,yes,0.03
50,blue-collar,married,basic.9y,unknown,no,yes,cellular,may,tue,118,2,999,1,failure,-1.8,92.893,-46.2,1.291,5099.1,no,0.03
45,admin.,married,high.school,no,no,no,telephone,jun,wed,125,8,999,0,nonexistent,1.4,94.465,-41.8,4.962,5228.1,no,0.03
48,admin.,divorced,professional.course,no,yes,no,telephone,jun,wed,37,1,999,0,nonexistent,1.4,94.465,-41.8,4.864,5228.1,no,0.03
37,entrepreneur,divorced,university.degree,no,yes,yes,telephone,may,thu,71,1,999,0,nonexistent,-1.8,92.893,-46.2,1.27,5099.1,no,0.03
49,blue-collar,married,basic.6y,no,no,no,cellular,aug,thu,139,2,999,0,nonexistent,1.4,93.444,-36.1,4.963,5228.1,no,0.03
36,technician,married,professional.course,no,yes,no,telephone,may,mon,594,2,999,0,nonexistent,1.1,93.994,-36.4,4.858,5191.0,no,0.03
57,technician,married,professional.course,no,yes,no,cellular,aug,fri,160,1,999,0,nonexistent,1.4,93.444,-36.1,4.964,5228.1,no,0.03
33,admin.,married,university.degree,unknown,yes,no,cellular,nov,thu,386,2,999,0,nonexistent,-0.1,93.2,-42.0,4.076,5195.8,no,0.03
26,technician,single,professional.course,no,yes,no,cellular,jul,wed,76,7,999,0,nonexistent,1.4,93.918,-42.7,4.957,5228.1,no,0.03
56,unemployed,divorced,high.school,unknown,yes,no,cellular,nov,fri,109,1,999,1,failure,-0.1,93.2,-42.0,4.021,5195.8,no,0.03
37,unemployed,married,professional.course,no,no,yes,telephone,may,thu,110,1,999,0,nonexistent,1.1,93.994,-36.4,4.855,5191.0,no,0.03
48,admin.,single,university.degree,no,yes,no,telephone,jun,thu,333,2,999,0,nonexistent,1.4,94.465,-41.8,4.866,5228.1,no,0.03
33,blue-collar,married,basic.9y,no,no,no,cellular,nov,tue,214,1,999,0,nonexistent,-0.1,93.2,-42.0,4.153,5195.8,no,0.03
25,admin.,single,high.school,no,yes,no,cellular,jul,tue,53,1,999,0,nonexistent,1.4,93.918,-42.7,4.961,5228.1,no,0.03
34,services,divorced,professional.course,unknown,yes,no,telephone,may,thu,158,1,999,0,nonexistent,1.1,93.994,-36.4,4.86,5191.0,no,0.03
57,housemaid,divorced,basic.4y,unknown,yes,no,telephone,may,wed,288,3,999,0,nonexistent,1.1,93.994,-36.4,4.857,5191.0,no,0.03
36,blue-collar,married,basic.4y,unknown,yes,no,cellular,may,wed,300,1,999,1,failure,-1.8,92.893,-46.2,1.281,5099.1,no,0.03
51,entrepreneur,married,basic.9y,no,no,no,cellular,aug,wed,90,1,999,0,nonexistent,1.4,93.444,-36.1,4.967,5228.1,no,0.03
54,services,married,high.school,unknown,yes,no,cellular,jul,mon,36,33,999,0,nonexistent,1.4,93.918,-42.7,4.96,5228.1,no,0.03
58,services,married,basic.4y,no,no,no,telephone,jun,thu,322,2,999,0,nonexistent,1.4,94.465,-41.8,4.955,5228.1,no,0.03
28,blue-collar,married,basic.9y,no,yes,no,cellular,jul,mon,225,3,999,0,nonexistent,1.4,93.918,-42.7,4.96,5228.1,no,0.03
38,management,single,university.degree,no,no,no,telephone,jul,wed,284,8,999,0,nonexistent,1.4,93.918,-42.7,4.957,5228.1,no,0.03
28,blue-collar,divorced,high.school,no,no,no,cellular,may,thu,307,1,999,2,failure,-1.8,92.893,-46.2,1.266,5099.1,yes,0.03
49,blue-collar,married,basic.9y,unknown,no,yes,cellular,may,mon,290,1,999,0,nonexistent,-1.8,92.893,-46.2,1.299,5099.1,no,0.03
43,services,married,high.school,no,no,no,telephone,may,thu,130,3,999,0,nonexistent,1.1,93.994,-36.4,4.855,5191.0,no,0.03
49,admin.,married,basic.9y,no,yes,no,cellular,jul,tue,73,2,999,0,nonexistent,1.4,93.918,-42.7,4.961,5228.1,no,0.03
37,technician,single,high.school,no,unknown,unknown,telephone,jun,wed,109,3,999,0,nonexistent,1.4,94.465,-41.8,4.864,5228.1,no,0.03
53,unemployed,divorced,basic.9y,unknown,no,no,telephone,may,thu,215,2,999,0,nonexistent,1.1,93.994,-36.4,4.86,5191.0,no,0.03
27,blue-collar,single,basic.9y,unknown,yes,yes,cellular,may,thu,623,1,999,0,nonexistent,-1.8,92.893,-46.2,1.327,5099.1,yes,0.03
25,admin.,single,high.school,no,no,no,cellular,jul,wed,71,4,999,0,nonexistent,1.4,93.918,-42.7,4.963,5228.1,no,0.03
31,admin.,single,university.degree,no,yes,no,cellular,jul,wed,152,4,999,0,nonexistent,1.4,93.918,-42.7,4.963,5228.1,no,0.03
53,retired,married,high.school,unknown,no,no,telephone,may,tue,15,13,999,0,nonexistent,1.1,93.994,-36.4,4.856,5191.0,no,0.03
30,admin.,single,university.degree,no,yes,yes,cellular,jul,wed,613,3,999,0,nonexistent,1.4,93.918,-42.7,4.957,5228.1,no,0.03
44,technician,divorced,unknown,no,no,yes,telephone,may,thu,233,2,999,0,nonexistent,1.1,93.994,-36.4,4.855,5191.0,no,0.03
27,blue-collar,single,basic.9y,no,yes,no,telephone,may,fri,168,1,999,0,nonexistent,1.1,93.994,-36.4,4.857,5191.0,no,0.03
53,services,married,high.school,no,no,yes,cellular,jul,tue,347,3,999,0,nonexistent,1.4,93.918,-42.7,4.961,5228.1,no,0.03
38,management,married,basic.9y,unknown,no,no,telephone,may,fri,772,1,999,0,nonexistent,1.1,93.994,-36.4,4.855,5191.0,yes,0.03
49,technician,married,professional.course,no,yes,yes,cellular,aug,thu,11,14,999,0,nonexistent,1.4,93.444,-36.1,4.964,5228.1,no,0.03
27,admin.,married,high.school,no,yes,no,cellular,may,wed,319,2,999,0,nonexistent,-1.8,92.893,-46.2,1.334,5099.1,no,0.03
30,services,married,unknown,unknown,no,no,telephone,jun,wed,93,2,999,0,nonexistent,1.4,94.465,-41.8,4.958,5228.1,no,0.03
47,services,married,university.degree,no,yes,no,telephone,may,tue,63,9,999,0,nonexistent,1.1,93.994,-36.4,4.857,5191.0,no,0.03
38,admin.,married,high.school,unknown,yes,no,telephone,may,mon,265,9,999,0,nonexistent,1.1,93.994,-36.4,4.857,5191.0,no,0.03
31,admin.,married,university.degree,no,yes,yes,cellular,nov,tue,64,1,999,0,nonexistent,-0.1,93.2,-42.0,4.153,5195.8,no,0.03
31,technician,married,professional.course,unknown,yes,no,cellular,aug,wed,84,2,999,0,nonexistent,1.4,93.444,-36.1,4.965,5228.1,no,0.03
43,blue-collar,married,basic.6y,no,yes,no,cellular,apr,fri,611,1,999,1,failure,-1.8,93.075,-47.1,1.405,5099.1,no,0.03
38,admin.,divorced,university.degree,no,no,no,cellular,jul,tue,232,3,999,0,nonexistent,1.4,93.918,-42.7,4.961,5228.1,no,0.03
57,retired,married,basic.4y,unknown,no,no,cellular,aug,wed,185,2,999,0,nonexistent,1.4,93.444,-36.1,4.967,5228.1,no,0.03
57,management,divorced,university.degree,no,no,no,telephone,may,mon,222,2,999,0,nonexistent,1.1,93.994,-36.4,4.857,5191.0,no,0.03
56,technician,married,university.degree,unknown,no,no,cellular,jul,mon,17,19,999,0,nonexistent,1.4,93.918,-42.7,4.96,5228.1,no,0.03
35,technician,divorced,professional.course,unknown,no,no,cellular,nov,tue,143,1,999,0,nonexistent,-0.1,93.2,-42.0,4.153,5195.8,no,0.03
43,blue-collar,married,basic.4y,no,yes,no,telephone,jun,wed,109,1,999,0,nonexistent,1.4,94.465,-41.8,4.959,5228.1,no,0.03
37,admin.,single,high.school,no,yes,no,telephone,jun,tue,384,1,999,0,nonexistent,1.4,94.465,-41.8,4.864,5228.1,no,0.03
50,admin.,married,basic.9y,no,no,no,telephone,may,thu,752,2,999,0,nonexistent,1.1,93.994,-36.4,4.86,5191.0,no,0.03
34,admin.,divorced,high.school,no,no,no,cellular,aug,wed,176,3,999,0,nonexistent,1.4,93.444,-36.1,4.967,5228.1,no,0.03
32,technician,married,professional.course,no,no,no,cellular,aug,thu,172,3,999,0,nonexistent,1.4,93.444,-36.1,4.963,5228.1,no,0.03
27,services,single,high.school,no,yes,yes,telephone,may,fri,198,5,999,0,nonexistent,1.1,93.994,-36.4,4.859,5191.0,no,0.03
44,unknown,married,high.school,unknown,yes,no,telephone,jul,wed,195,3,999,0,nonexistent,1.4,93.918,-42.7,4.963,5228.1,no,0.03
45,management,single,basic.9y,no,yes,no,telephone,jun,fri,294,2,999,0,nonexistent,1.4,94.465,-41.8,4.959,5228.1,no,0.03
37,retired,divorced,basic.9y,unknown,no,no,telephone,nov,tue,114,1,999,1,failure,-0.1,93.2,-42.0,4.153,5195.8,no,0.03
34,blue-collar,married,basic.9y,no,no,yes,cellular,jul,wed,45,1,999,0,nonexistent,1.4,93.918,-42.7,4.962,5228.1,no,0.03
30,entrepreneur,married,university.degree,unknown,yes,no,telephone,jun,thu,204,3,999,0,nonexistent,1.4,94.465,-41.8,4.958,5228.1,no,0.03
34,blue-collar,divorced,basic.9y,no,yes,no,telephone,may,fri,350,8,999,1,failure,-1.8,92.893,-46.2,1.25,5099.1,no,0.03
30,blue-collar,single,high.school,no,yes,yes,telephone,nov,tue,228,1,999,1,failure,-0.1,93.2,-42.0,4.153,5195.8,no,0.03
33,blue-collar,single,basic.4y,no,yes,yes,cellular,may,wed,409,2,999,0,nonexistent,-1.8,92.893,-46.2,1.281,5099.1,no,0.03
54,technician,divorced,basic.9y,unknown,no,no,telephone,may,fri,287,4,999,0,nonexistent,1.1,93.994,-36.4,4.859,5191.0,no,0.03
54,retired,married,high.school,no,yes,no,telephone,may,tue,234,2,999,0,nonexistent,1.1,93.994,-36.4,4.857,5191.0,no,0.03
46,technician,single,university.degree,no,no,no,cellular,aug,thu,119,3,999,0,nonexistent,1.4,93.444,-36.1,4.968,5228.1,no,0.03
27,blue-collar,single,basic.6y,no,yes,yes,telephone,jun,wed,444,3,999,0,nonexistent,1.4,94.465,-41.8,4.864,5228.1,no,0.03
36,blue-collar,married,basic.4y,unknown,no,no,cellular,apr,tue,283,2,999,0,nonexistent,-1.8,93.075,-47.1,1.423,5099.1,no,0.03
58,self-employed,married,professional.course,no,yes,no,telephone,may,wed,84,2,999,0,nonexistent,1.1,93.994,-36.4,4.856,5191.0,no,0.03
49,entrepreneur,married,basic.4y,unknown,yes,no,cellular,may,wed,491,2,999,0,nonexistent,-1.8,92.893,-46.2,1.281,5099.1,no,0.03
30,blue-collar,married,basic.4y,no,yes,no,cellular,jul,thu,347,5,999,0,nonexistent,1.4,93.918,-42.7,4.962,5228.1,no,0.03
45,services,divorced,high.school,no,no,no,telephone,may,wed,111,5,999,0,nonexistent,1.1,93.994,-36.4,4.858,5191.0,no,0.03
57,admin.,divorced,high.school,unknown,yes,no,telephone,jul,tue,184,2,999,0,nonexistent,1.4,93.918,-42.7,4.961,5228.1,no,0.03
49,retired,married,basic.4y,no,no,no,telephone,may,wed,177,3,999,0,nonexistent,1.1,93.994,-36.4,4.857,5191.0,no,0.03
52,entrepreneur,married,basic.9y,unknown,yes,no,telephone,may,wed,176,2,999,0,nonexistent,1.1,93.994,-36.4,4.857,5191.0,no,0.03
37,blue-collar,single,professional.course,no,yes,no,telephone,may,thu,105,3,999,0,nonexistent,1.1,93.994,-36.4,4.86,5191.0,no,0.03
53,blue-collar,married,basic.4y,no,yes,no,telephone,may,mon,136,1,999,0,nonexistent,1.1,93.994,-36.4,4.857,5191.0,no,0.03
54,admin.,married,basic.9y,no,yes,no,cellular,nov,mon,77,1,999,0,nonexistent,-0.1,93.2,-42.0,4.191,5195.8,no,0.03
41,admin.,single,high.school,no,no,yes,telephone,may,mon,111,1,999,0,nonexistent,1.1,93.994,-36.4,4.857,5191.0,no,0.03
48,blue-collar,married,basic.9y,no,yes,yes,cellular,may,tue,64,4,999,1,failure,-1.8,92.893,-46.2,1.291,5099.1,no,0.03
55,housemaid,divorced,unknown,unknown,yes,no,telephone,may,tue,376,3,999,0,nonexistent,1.1,93.994,-36.4,4.857,5191.0,no,0.03
29,admin.,unknown,professional.course,no,yes,no,cellular,nov,thu,125,1,999,1,failure,-0.1,93.2,-42.0,4.076,5195.8,no,0.03
50,technician,married,professional.course,unknown,yes,no,telephone,jun,wed,18,20,999,0,nonexistent,1.4,94.465,-41.8,4.962,5228.1,no,0.03
35,blue-collar,married,basic.9y,no,yes,no,cellular,apr,tue,855,1,999,0,nonexistent,-1.8,93.075,-47.1,1.423,5099.1,no,0.03
51,self-employed,married,basic.9y,no,yes,no,telephone,may,thu,162,2,999,0,nonexistent,1.1,93.994,-36.4,4.86,5191.0,no,0.03
32,management,divorced,basic.4y,unknown,yes,no,telephone,may,mon,127,2,999,0,nonexistent,1.1,93.994,-36.4,4.857,5191.0,no,0.03
30,technician,single,professional.course,no,no,yes,telephone,jul,thu,156,7,999,0,nonexistent,1.4,93.918,-42.7,4.963,5228.1,no,0.03
55,retired,married,high.school,no,no,no,cellular,may,tue,256,1,999,0,nonexistent,-1.8,92.893,-46.2,1.266,5099.1,no,0.029923928793210517
51,housemaid,married,basic.4y,no,no,no,cellular,jul,wed,145,1,999,0,nonexistent,1.4,93.918,-42.7,4.962,5228.1,no,0.029850178531218838
25,admin.,single,high.school,no,yes,no,cellular,may,thu,888,3,999,0,nonexistent,-1.8,92.893,-46.2,1.266,5099.1,yes,0.029847789690588877
44,technician,married,professional.course,unknown,yes,no,cellular,aug,mon,147,1,999,0,nonexistent,1.4,93.444,-36.1,4.965,5228.1,no,0.029800105207785376
38,self-employed,married,professional.course,no,no,no,cellular,nov,thu,24,1,999,1,failure,-0.1,93.2,-42.0,4.076,5195.8,no,0.02972033383915023
39,technician,divorced,high.school,no,yes,no,cellular,aug,fri,255,1,999,0,nonexistent,1.4,93.444,-36.1,4.963,5228.1,no,0.029717981790591805
44,blue-collar,married,basic.6y,no,no,no,cellular,aug,mon,67,2,999,0,nonexistent,1.4,93.444,-36.1,4.965,5228.1,no,0.029716540212443094
41,services,divorced,high.school,no,yes,no,cellular,jul,thu,474,1,999,0,nonexistent,1.4,93.918,-42.7,4.968,5228.1,no,0.02971638846737481
43,blue-collar,married,basic.4y,unknown,yes,yes,cellular,may,wed,240,1,999,0,nonexistent,-1.8,92.893,-46.2,1.281,5099.1,no,0.029715857359635812
44,blue-collar,married,basic.6y,no,yes,yes,cellular,nov,fri,36,2,999,0,nonexistent,-0.1,93.2,-42.0,4.021,5195.8,no,0.029712063732928683
48,management,married,university.degree,no,yes,no,cellular,jul,mon,248,3,999,0,nonexistent,1.4,93.918,-42.7,4.962,5228.1,no,0.0297103186646434
43,blue-collar,married,basic.9y,no,no,no,telephone,may,thu,323,1,999,0,nonexistent,1.1,93.994,-36.4,4.855,5191.0,no,0.02969328937959009
45,blue-collar,divorced,basic.4y,no,no,no,cellular,jul,wed,87,1,999,0,nonexistent,1.4,93.918,-42.7,4.962,5228.1,no,0.02964217378829914
36,blue-collar,single,basic.9y,no,no,no,telephone,jun,fri,43,2,999,0,nonexistent,1.4,94.465,-41.8,4.959,5228.1,no,0.029613041341662375
28,admin.,single,high.school,no,no,yes,cellular,jul,wed,437,2,999,0,nonexistent,1.4,93.918,-42.7,4.963,5228.1,no,0.02959090126538693
35,admin.,married,university.degree,no,yes,no,cellular,nov,mon,690,1,999,0,nonexistent,-0.1,93.2,-42.0,4.191,5195.8,no,0.02952688661236239
36,technician,single,high.school,no,yes,yes,cellular,aug,tue,629,7,999,0,nonexistent,1.4,93.444,-36.1,4.963,5228.1,no,0.029500339488004627
25,admin.,single,high.school,no,yes,no,telephone,jun,wed,54,3,999,0,nonexistent,1.4,94.465,-41.8,4.962,5228.1,no,0.02948665577342048
36,admin.,divorced,university.degree,unknown,yes,no,cellular,aug,mon,58,2,999,0,nonexistent,1.4,93.444,-36.1,4.963,5228.1,no,0.029430652503793623
29,blue-collar,married,unknown,no,yes,no,cellular,jul,wed,167,1,999,0,nonexistent,1.4,93.918,-42.7,4.963,5228.1,no,0.02941944633922346
30,admin.,single,university.degree,no,no,no,cellular,jul,fri,98,2,999,0,nonexistent,1.4,93.918,-42.7,4.963,5228.1,no,0.029363553164659297
28,admin.,single,university.degree,no,yes,no,cellular,jul,thu,721,3,999,0,nonexistent,1.4,93.918,-42.7,4.963,5228.1,no,0.02932773619325119
29,services,married,high.school,no,no,no,cellular,nov,wed,133,1,999,0,nonexistent,-0.1,93.2,-42.0,4.12,5195.8,no,0.029302584119768764
33,blue-collar,single,basic.4y,no,no,no,cellular,may,tue,313,1,999,0,nonexistent,-1.8,92.893,-46.2,1.291,5099.1,no,0.02928043557038623
33,unemployed,married,high.school,unknown,unknown,unknown,cellular,jul,thu,268,1,999,0,nonexistent,1.4,93.918,-42.7,4.968,5228.1,no,0.029160554937444655
32,technician,married,professional.course,no,no,no,cellular,may,mon,20,6,999,0,nonexistent,-1.8,92.893,-46.2,1.244,5099.1,no,0.028939255078239183
46,self-employed,married,basic.4y,no,no,no,cellular,nov,tue,354,2,999,1,failure,-0.1,93.2,-42.0,4.153,5195.8,no,0.028935796665753407
41,blue-collar,married,unknown,no,yes,no,cellular,nov,fri,663,4,999,0,nonexistent,-0.1,93.2,-42.0,4.021,5195.8,yes,0.028923001109090823
32,admin.,married,university.degree,no,yes,no,cellular,aug,fri,79,3,999,0,nonexistent,1.4,93.444,-36.1,4.966,5228.1,no,0.028749989648560414
39,admin.,married,university.degree,no,yes,yes,cellular,aug,mon,116,2,999,0,nonexistent,1.4,93.444,-36.1,4.965,5228.1,no,0.0287422962018058
50,admin.,married,basic.9y,no,yes,no,cellular,aug,thu,61,1,999,0,nonexistent,1.4,93.444,-36.1,4.968,5228.1,no,0.028714264066067762
42,admin.,divorced,university.degree,no,yes,no,cellular,aug,mon,59,3,999,0,nonexistent,1.4,93.444,-36.1,4.963,5228.1,no,0.028694750968551893
34,unemployed,married,high.school,no,no,no,cellular,jul,fri,339,1,999,0,nonexistent,1.4,93.918,-42.7,4.959,5228.1,no,0.028323755750154257
32,blue-collar,married,basic.4y,unknown,yes,no,cellular,jul,wed,82,1,999,0,nonexistent,1.4,93.918,-42.7,4.962,5228.1,no,0.027840823831778456
32,blue-collar,married,basic.4y,unknown,yes,no,cellular,jul,wed,147,1,999,0,nonexistent,1.4,93.918,-42.7,4.962,5228.1,no,0.027840823831778456
51,services,married,basic.6y,no,yes,no,telephone,may,thu,176,3,999,0,nonexistent,1.1,93.994,-36.4,4.86,5191.0,no,0.0275
40,self-employed,married,university.degree,no,no,no,cellular,aug,fri,144,2,999,0,nonexistent,1.4,93.444,-36.1,4.963,5228.1,no,0.0275
34,admin.,married,university.degree,no,no,no,telephone,jun,fri,198,2,999,0,nonexistent,1.4,94.465,-41.8,4.947,5228.1,no,0.0275
35,services,single,professional.course,unknown,no,no,telephone,may,wed,314,2,999,0,nonexistent,1.1,93.994,-36.4,4.858,5191.0,no,0.0275
39,technician,married,professional.course,no,no,no,telephone,nov,wed,70,1,999,0,nonexistent,-0.1,93.2,-42.0,4.12,5195.8,no,0.0275
46,blue-collar,married,basic.4y,no,yes,no,cellular,may,thu,127,1,999,1,failure,-1.8,92.893,-46.2,1.327,5099.1,no,0.0275
56,management,married,basic.4y,unknown,yes,no,cellular,jul,tue,122,1,999,0,nonexistent,1.4,93.918,-42.7,4.961,5228.1,no,0.0275
42,housemaid,married,basic.4y,unknown,yes,no,telephone,jun,fri,38,8,999,0,nonexistent,1.4,94.465,-41.8,4.959,5228.1,no,0.0275
43,management,married,university.degree,no,yes,no,cellular,aug,tue,343,7,999,0,nonexistent,1.4,93.444,-36.1,4.963,5228.1,no,0.0275
36,services,married,high.school,no,no,no,cellular,nov,mon,86,2,999,0,nonexistent,-0.1,93.2,-42.0,4.191,5195.8,no,0.0275
31,services,married,basic.9y,no,yes,no,telephone,may,fri,186,5,999,0,nonexistent,1.1,93.994,-36.4,4.859,5191.0,no,0.0275
27,unemployed,married,high.school,no,yes,no,telephone,jun,fri,23,13,999,0,nonexistent,1.4,94.465,-41.8,4.959,5228.1,no,0.0275
39,admin.,married,professional.course,no,unknown,unknown,telephone,jun,thu,638,1,999,0,nonexistent,1.4,94.465,-41.8,4.961,5228.1,no,0.0275
31,entrepreneur,single,high.school,no,no,no,cellular,nov,thu,290,1,999,0,nonexistent,-0.1,93.2,-42.0,4.076,5195.8,no,0.0275
51,technician,married,university.degree,unknown,yes,yes,cellular,jul,wed,89,1,999,0,nonexistent,1.4,93.918,-42.7,4.962,5228.1,no,0.0275
60,retired,married,professional.course,no,yes,no,cellular,aug,thu,448,3,999,0,nonexistent,1.4,93.444,-36.1,4.968,5228.1,no,0.0275
48,blue-collar,married,basic.9y,no,no,no,cellular,apr,fri,50,1,999,0,nonexistent,-1.8,93.075,-47.1,1.405,5099.1,no,0.0275
54,services,single,high.school,unknown,no,no,telephone,may,thu,144,1,999,0,nonexistent,1.1,93.994,-36.4,4.86,5191.0,no,0.0275
42,blue-collar,married,basic.6y,unknown,no,no,cellular,nov,tue,364,2,999,0,nonexistent,-0.1,93.2,-42.0,4.153,5195.8,no,0.0275
51,blue-collar,married,unknown,unknown,no,yes,telephone,may,mon,76,3,999,0,nonexistent,1.1,93.994,-36.4,4.857,5191.0,no,0.0275
48,admin.,divorced,high.school,no,yes,no,telephone,may,wed,152,2,999,0,nonexistent,1.1,93.994,-36.4,4.859,5191.0,no,0.0275
39,self-employed,single,basic.9y,unknown,yes,no,cellular,jul,mon,835,4,999,0,nonexistent,1.4,93.918,-42.7,4.96,5228.1,no,0.0275
42,admin.,single,university.degree,no,yes,no,telephone,may,tue,72,4,999,0,nonexistent,1.1,93.994,-36.4,4.856,5191.0,no,0.0275
51,technician,married,professional.course,no,yes,no,cellular,jul,tue,248,2,999,0,nonexistent,1.4,93.918,-42.7,4.961,5228.1,no,0.0275
38,admin.,single,university.degree,unknown,no,no,telephone,may,fri,70,5,999,0,nonexistent,1.1,93.994,-36.4,4.857,5191.0,no,0.0275
58,housemaid,married,basic.4y,no,yes,no,cellular,jul,wed,638,3,999,0,nonexistent,1.4,93.918,-42.7,4.963,5228.1,no,0.0275
34,blue-collar,married,high.school,no,yes,no,telephone,jul,mon,50,2,999,0,nonexistent,1.4,93.918,-42.7,4.96,5228.1,no,0.0275
45,blue-collar,married,basic.4y,no,no,no,cellular,jul,fri,194,2,999,0,nonexistent,1.4,93.918,-42.7,4.962,5228.1,no,0.0275
28,admin.,single,university.degree,no,no,no,cellular,may,fri,165,2,999,0,nonexistent,-1.8,92.893,-46.2,1.25,5099.1,no,0.0275
54,admin.,married,basic.9y,no,no,no,cellular,nov,mon,94,2,999,0,nonexistent,-0.1,93.2,-42.0,4.191,5195.8,no,0.0275
27,admin.,divorced,high.school,no,no,no,telephone,jun,thu,138,1,999,0,nonexistent,1.4,94.465,-41.8,4.958,5228.1,no,0.0275
35,blue-collar,married,basic.9y,no,yes,no,telephone,jun,tue,170,3,999,0,nonexistent,1.4,94.465,-41.8,4.864,5228.1,no,0.0275
60,management,married,unknown,unknown,no,no,cellular,jul,mon,230,1,999,0,nonexistent,1.4,93.918,-42.7,4.96,5228.1,no,0.0275
31,management,married,high.school,no,yes,yes,telephone,jun,tue,343,2,999,0,nonexistent,1.4,94.465,-41.8,4.961,5228.1,no,0.0275
40,management,married,high.school,no,yes,yes,telephone,may,tue,265,2,999,0,nonexistent,1.1,93.994,-36.4,4.857,5191.0,no,0.0275
51,technician,married,university.degree,unknown,yes,yes,cellular,jul,wed,128,1,999,0,nonexistent,1.4,93.918,-42.7,4.962,5228.1,no,0.0275
35,technician,married,professional.course,no,yes,yes,telephone,aug,thu,34,3,999,0,nonexistent,1.4,93.444,-36.1,4.964,5228.1,no,0.0275
58,retired,married,basic.4y,no,yes,no,cellular,aug,fri,68,3,999,0,nonexistent,1.4,93.444,-36.1,4.963,5228.1,no,0.0275
43,blue-collar,married,unknown,no,yes,no,cellular,may,tue,128,7,999,0,nonexistent,-1.8,92.893,-46.2,1.291,5099.1,no,0.0275
33,technician,single,professional.course,no,no,yes,cellular,jul,tue,1408,2,999,0,nonexistent,1.4,93.918,-42.7,4.961,5228.1,no,0.0275
36,self-employed,married,high.school,unknown,no,no,cellular,aug,mon,507,5,999,0,nonexistent,1.4,93.444,-36.1,4.963,5228.1,no,0.0275
33,self-employed,single,university.degree,no,unknown,unknown,telephone,jun,thu,169,3,999,0,nonexistent,1.4,94.465,-41.8,4.866,5228.1,no,0.0275
35,blue-collar,single,professional.course,no,yes,no,telephone,may,thu,99,1,999,0,nonexistent,1.1,93.994,-36.4,4.86,5191.0,no,0.0275
47,retired,single,basic.6y,unknown,yes,yes,cellular,jul,mon,431,3,999,0,nonexistent,1.4,93.918,-42.7,4.962,5228.1,no,0.0275
50,management,married,professional.course,unknown,no,no,cellular,aug,wed,165,4,999,0,nonexistent,1.4,93.444,-36.1,4.964,5228.1,no,0.0275
54,technician,married,university.degree,no,yes,no,telephone,may,wed,464,1,999,0,nonexistent,1.1,93.994,-36.4,4.856,5191.0,no,0.0275
29,blue-collar,married,basic.9y,no,no,no,telephone,may,mon,65,5,999,0,nonexistent,1.1,93.994,-36.4,4.857,5191.0,no,0.0275
